10001,HUMAN BIOLOGY ,BSCI,,,"Study of the scientific method and life's properties, emphasizing human biology. Topics include energy, genetics, reproduction, development disease, nutrition and physical fitness in humans.",2011
10002,LIFE ON PLANET EARTH ,BSCI,,,"Explores the fascinating breadth of life on Earth including the unique ecology and survival strategies of animals, plants and microbes in their natural habitats.",2011
10003,LABORATORY EXPERIENCE IN BIOLOGY ,BSCI,,BSCI 10001 or 10002.,Introductory college-level laboratory in biology for non-majors. Two hours of laboratory per week. Pre/corequisite: BSCI 10001 or 10002.,2011
10010,LAKE ERIE ENVIRONMENTAL SCIENCE ,BSCI,,,Principles and concepts of aquatic sciences and their relationship and application to marine business ventures in the Great Lakes region.,2011
10100,ANATOMY FOR VETERINARY TECHNICIANS ,BSCI,,,"Compare/identify anatomy and basic physiological functions of domestic animals: skeletal, muscles, integumentary, special sense organs, respiratory, digestive, urinary, reproductive, mammary glands, endocrine, nerves, circulatory, immune. Lecture 4 hours, laboratory 3 hours weekly.",2011
10110,BIOLOGICAL DIVERSITY ,BSCI,,,"Considered first course in biology majors' sequence. Examines the biodiversity of life from its origins to present-day microbes, plants and animals; their behavior, ecology and reproduction. Field trips.",2011
10120,BIOLOGICAL FOUNDATIONS ,BSCI,,,"Considered second course in biology majors sequence. Examines organization of life from subcellular biochemistry and molecular biology to genetics, bioenergetics and system homeostasis. Three-hour lecture and three-hour lab weekly. Field trips.",2011
10195,SPECIAL TOPICS IN BIOLOGY ,BSCI,pecial approval.,,Selected subjects and/or themes in biology.,2011
11001,ANATOMY FOR PHYSICAL AND OCCUPATIONAL THERAPY ,BSCI,,,This course covers the organization of the human body with emphasis on the structure and function of the neuro-musculoskeletal systems.,2011
11010,ANATOMY AND PHYSIOLOGY I FOR ALLIED HEALTH ,BSCI,pecial approval.,,"Anatomy and physiology to include organization of the human body, cells, tissues, organs and systems, integumentary, skeletal, muscular and respiratory systems and overviews of the nervous and circulatory system.",2011
11020,ANATOMY AND PHYSIOLOGY II FOR ALLIED HEALTH ,BSCI,BSCI 11010 and special approval.,,"Anatomy and physiology of the circulatory, digestive, urinary, nervous, endocrine and reproductive systems.",2011
16001,HORTICULTURAL BOTANY ,BSCI,,,"To provide students with an understanding of the basic anatomy and physiology and growth characteristics of plants. Lecture two hours weekly, lab three hours weekly. Offered only at the Geauga and Salem campuses.",2011
20001,ZOOLOGICAL FOUNDATIONS OF MEDICINE ,BSCI,Controlled registration (required of first year students in Phase I of NEOUCOM's combined B.S./M.D. program).,,"General zoology, including elements of human and mammalian physiology, anatomy and histology. Lecture two hours, laboratory four hours weekly.",2011
20020,BIOLOGICAL STRUCTURE AND FUNCTION ,BSCI,,,"Basic design of human systems emphasizing the physiochemical and cellular bases of organ-system structure, function and development. Lecture four hours, laboratory three hours weekly.",2011
20021,BASIC MICROBIOLOGY ,BSCI,BSCI 20020; or BSCI 10100 and 10110.,,Principles of microorganisms having a direct relationship on the health and well-being of man.,2011
20022,BASIC MICROBIOLOGY LABORATORY ,BSCI,,BSCI 20021.,Laboratory experience in microbiology. Three hours of laboratory per week. Cannot be used to satisfy degree requirements for biology majors. Corequisite: BSCI 20021.,2011
20195,SPECIAL TOPICS IN BIOLOGY ,BSCI,pecial approval.,,Selected subjects and/or themes in Biology.,2011
20196,INTRODUCTION TO INDIVIDUAL INVESTIGATION ,BSCI,8 hours of BSCI courses with a minimum grade of C (2.0) in those courses. Departmental and faculty mentor approvals required.,,Introduction to research in the biological sciences under the direction of a BSCI faculty mentor.,2011
20275,LOCAL FLORA ,BSCI,BSCI 10110 and 10120.,,"Identification and field study of local plants: native, naturalized and cultivated. Lecture two hours, lab six hours weekly.",2011
26002,ECOLOGICAL PRINCIPLES OF PEST MANAGEMENT ,BSCI,BSCI 16001.,,"Basic principles of integrated pest management, pesticide application, pest identification and environmental effects. Lecture three hours weekly; offered only at the Salem Campus.",2011
26003,PLANT IDENTIFICATION AND SELECTION I ,BSCI,HORT 16001 and BSCI 16001.,,"Identification and selection of horticulturally important plant species. Emphasis on woody species, shrubs and trees. Lecture two hours weekly, lab three hours weekly. Offered only at the Salem Campus.",2011
26004,PLANT IDENTIFICATION AND SELECTION II ,BSCI,BSCI 16001 and HORT 16001.,,"Identification and selection of horticulturally important plant species. Emphasis on herbaceous species, ground covers and vines. Lecture two hours weekly, lab three hours weekly. Offered only at the Salem Campus.",2011
30005,CAREER PATHWAYS IN BIOLOGY ,BSCI,BSCI 10110 and 10120.,,Orients students toward various career pathways in the biological sciences.,2011
30030,HUMAN PHYSIOLOGY ,BSCI,BSCI 20020; or 10110 and 10120; and 9 hours chemistry.,,"Integrating mechanisms, pharmacological and pathological considerations for selected organ systems.",2011
30050,HUMAN GENETICS ,BSCI,8 hours of biology 5 hours of chemistry.,,Modern concepts of genetics applicable to the human including examination of genetically related diseases and their societal implications. Lecture three hours weekly.,2011
30140,CELL BIOLOGY ,BSCI,BSCI 10110 and 10120 and CHEM 10060 and 10061 and 10062 and 10063.,,Investigation of the cell as the fundamental unit of life with an emphasis on the relationship between cellular structure and function. Three-hour lecture and three-hour lab weekly.,2011
30156,ELEMENTS OF GENETICS ,BSCI,BSCI 10110 and 10120.,,"Principles of organic mechanisms for expression and transmission of traits as studied in molecules, cells, organisms and populations. Lecture three hours weekly.",2011
30171,GENERAL MICROBIOLOGY ,BSCI,"BSCI 30140; CHEM 10060, 10061, 10062 and 10063.",,"Fundamental principles of microbiology and of organisms including their structure, physiology, genetics, pathogenicity, classification, mechanisms of cultivation and control. Lecture three hours, lab three hours weekly.",2011
30267,PLANT PHYSIOLOGY ,BSCI,"BSCI 30140; CHEM 10060, 10061, 10062 and 10063.",,"Survey of physiological and biochemical processes, their interactions and effect on plant growth and behavior. Lecture three hours, lab three hours weekly.",2011
30270,GENERAL PLANT BIOLOGY ,BSCI,BSCI 10010 and BSCI 10120.,,"Covers all topics in modern plant biology, including molecular and cellular biology, physiology, anatomy, development, ecology, evolution and diversity.",2011
30271,GENERAL PLANT BIOLOGY LABORATORY ,BSCI,BSCI 10110 and BSCI 10120.,BSCI 30270,Laboratory and greenhouse exercises in general plant biology.,2011
30274,FORESTRY ,BSCI,BSCI 10110 and 10120.,,"Management of the forest resource within appropriate environmental constraints for sustained use relative to watershed protection, lumber production, recreation and wildlife.",2011
30275,LOCAL FLORA ,BSCI,BSCI 10110 and 10120.,,"Identification and field study of local plants: native, naturalized and cultivated. Two-hour lecture and six-hour lab weekly.",2011
30277,ECONOMIC BOTANY ,BSCI,BSCI 10110 and 10120.,,Biology of plants important to man and their relation to climate and geography. Lecture two hours weekly.,2011
30360,GENERAL ECOLOGY ,BSCI,BSCI 10110 and 10120; junior or senior standing.,,"Principles of ecology based on field studies of local plant and animal communities. Lecture three hours, lab three hours weekly.",2011
30361,BIOGEOGRAPHY ,BSCI,BSCI 10110 and 10120.,,Geographical distribution of biotic communities with special reference to North America and to their environmental control. Lecture three hours weekly.,2011
30362,INTRODUCTION TO BIOLOGY OF THE TROPICS ,BSCI,BSCI majors and junior or senior standing.,,Biology and conservation of tropical ecosystems and organisms.,2011
30518,VERTEBRATE ANATOMY ,BSCI,BSCI 10110 or 10120.,,"Concepts and methods of functional morphology. Comparative study of vertebrate organs and systems: skeletal, muscular, digestive, respiratory, circulatory, urogenital, nervous and endocrine. Lecture three hours, lab three hours weekly.",2011
30519,VERTEBRATE EMBRYOLOGY AND DEVELOPMENTAL ANATOMY ,BSCI,BSCI 20001 or 30518 and 30140.,,"Gametogenesis, fertilization, embryogenesis, organogenesis, normal/abnormal embryological development; emphasizing mammal; amphibian, bird illustrating general principles and concepts. Laboratory studies of frog, chick, pig developmental anatomy. Three one hour lectures and one three hour lab.",2011
30520,INTRODUCTION TO NEUROSCIENCE ,BSCI,BSCI 30140.,,"Basic principles in neuroscience from the cellular to systems level. Covers how the nervous system is organized, how it detects sensory stimuli to create a mental representation of their environment and output pathways by which the nervous system can control movement, hormone levels and physiological processes.",2011
30560,INVERTEBRATE ZOOLOGY ,BSCI,BSCI 10110 and 10120.,,Survey of the animal kingdom emphasizing evolutionary developments. Three-hour lecture and three-hour lab weekly.,2011
30580,ENTOMOLOGY ,BSCI,"BSCI 10110, 10120 and 10 hours of biology (BSCI) courses.",,"Classification, biology and ecology of the principal groups of insects. Lecture three hours, lab three hours weekly.",2011
30582,ORNITHOLOGY ,BSCI,BSCI 10110 and 10120.,,"Field study of natural history of local birds. Lecture three hours, lab three hours weekly.",2011
40020,BIOLOGY OF AGING ,BSCI,BSCI 20020 and CHEM 10050 and CHEM 10052.,,"Aging in cells, plants and animals, including man; maintaining human health during aging; current theories of aging. Lecture three hours weekly.",2011
40099,SENIOR HONORS THESIS ,BSCI,Departmental faculty mentor and honors college approval.,,Honors thesis research project completed during the senior year with BSCI faculty mentor and research committee. Maximum of 4 credit hours to count toward BSCI degrees as upper division elective hours.,2011
40142,BIOENERGETICS ,BSCI,BSCI 30140 and CHEM 20481 or 30481.,,"Lecture and discussion of respiration and photosynthesis, their origin, development and control in living systems. Concepts are introduced from fundamental principles. Lecture three hours weekly.",2011
40143,EUKARYOTIC CELL BIOLOGY ,BSCI,BSCI 30140 and CHEM 20481 or 30481.,,"Current survey of the structure and function of eukaryotic cells, including recent advances in research technology. Lecture three hours weekly.",2011
40146,DEVELOPMENTAL MECHANISMS ,BSCI,"enior standing, B or better in BSCI 30156 and BSCI 30410.",,"Fundamental concepts and paradigms of development as exemplified by major model organisms, with main focus on modern molecular and genetic understanding of developmental mechanisms.",2011
40150,MOLECULAR MECHANISMS OF DISEASE: CANCER ,BSCI,"junior or senior standing, BSCI 30156 and BSCI 30140.",,"Explores the current understanding of molecular and cellular mechanisms of disease processes, including new technologies and modern strategies in the forefront of future biomedical research. Emphasis on a review of primary literature.",2011
40158,MOLECULAR BIOLOGY ,BSCI,BSCI 30140 and 30156.,,"Molecular genetics, DNS and RNA structure, chromosomes, DNA replication, recombination, genetic transcription and translation, gene expression, current concepts and technologies.",2011
40159,MOLECULAR BIOLOGY LAB ,BSCI,BSCI 30140; BSCI 40143 or 40158; CHEM 20481 or 30481; CHEM 30475.,,Experience in research methods for studying cellular and molecular processes in plant and animal systems. Lab meets 6 hours weekly.,2011
40160,MARINE BIOLOGY ,BSCI,BSCI 10110 and BSCI 10120.,,"Natural history and ecology of marine organisms, with emphasis on life in coastal habitats. Lecture three hours.",2011
40162,SOIL BIOLOGY ,BSCI,"junior or senior standing, BSCI 10110 and BSCI 10120.",,"The ecology and physiology of organisms that live in soil, including microbes, plants and animals. The physical and chemical aspects of soil are introduced to understand how organisms in soils impact nutrient cycles and ecosystem development.",2011
40163,ORGANIC EVOLUTION ,BSCI,BSCI 30156 and 4 hours of biology (BSCI) courses.,,"History of evolutionary theory, the evidences of evolution, the evolutionary forces and the products of these forces. Lecture three hours weekly.",2011
40164,MOLECULAR SYSTEMATICS AND PHYLOGENETICS ,BSCI,BSCI 40163.,,"Modern methods used in systematics, DNA sequencing, DNA fingerprinting, phylogenetic analysis and interpretation of character evolution. Three hours lecture and 3 hours lab weekly.",2011
40165,HISTORY OF BIOLOGY ,BSCI,BSCI 10110 and 10120.,,Historical development of biology from antiquity to the present. Lecture two hours weekly.,2011
40170,STREAM BIOLOGY ,BSCI,BSCI 10110 and 10120.,,"Identification, biology and ecology of stream-inhabiting organisms. Lecture two hours, lab three hours weekly.",2011
40174,IMMUNOLOGY ,BSCI,"BSCI 30171 and CHEM 10060, 10061, 10062 and 10063.",,Survey of the mammalian host responses to self and non-self with emphasis on the cellular and molecular mechanisms by which innate and acquired immunity result. Experimental design and data analyses are related to current methodologies used to study immunology. Lectures 3 hours weekly.,2011
40191,SENIOR SEMINAR ,BSCI,biology (BSCI) major and senior standing.,,A capstone seminar course to examine biological topics and scientific contributions across sub disciplines. Discussion of current problems in the biological sciences related to societal needs and concerns.,2011
40192,INTERNSHIP IN BIOLOGICAL SCIENCES ,BSCI,18 hours of biology and 2.75 minimum GPA in biology (BSCI) coursework and special approval.,,"Work experience and training in the biological sciences under the supervision of appropriate personnel in a government agency, nonprofit organization or business. Maximum of 4 credit hours to count toward BSCI degrees as upper division elective hours.",2011
40193,VARIABLE TITLE WORKSHOP IN BIOLOGICAL SCIENCES ,BSCI,Permission.,,Topics to be offered will meet specific needs in the biological sciences. S u graded.,2011
40195,SPECIAL TOPICS IN BIOLOGY ,BSCI,18 hours of biology (BSCI) coursework and special approval of instructor.,,Special topics in biology.,2011
40196,INDIVIDUAL INVESTIGATION ,BSCI,A minimum BSCI grade average of 2.75 and at least 18 credit hours of BSCI coursework. Departmental and faculty mentor approvals required.,,"Research study under the direction of a BSCI faculty mentor. May be repeated; however, a maximum of 6 credit hours count toward BSCI degrees as upper-division elective hours.",2011
40269,BIOLOGY OF THE ALGAE ,BSCI,"BSCI 10110, 10120 plus 10 hours of biology (BSCI) coursework.",,"Morphology, ecology and systematics of freshwater and marine algae. Lecture three hours, lab three hours weekly.",2011
40272,PLANT ANATOMY ,BSCI,BSCI 10110 and 10120.,,"Development and structure of cells, tissues and tissue systems of seed plants. Both vegetative and reproductive structures of angiosperms will be emphasized. Lecture two hours, lab six hours weekly.",2011
40275,SYSTEMATIC BOTANY ,BSCI,BSCI 10110 and 10120.,,"Biosystematics, angiosperm, phylogeny, survey of some major families of dicotyledons. Lecture three hours, lab three hours weekly.",2011
40277,MORPHOLOGY OF LOWER PLANTS ,BSCI,BSCI 10110 and 10120.,,"Nonvascular plants, emphasizing structure, reproduction, evolution, fossil history, economic, ecological and medical importance. Lecture three hours, lab three hours weekly.",2011
40360,ICHTHYOLOGY ,BSCI,"junior standing, grade of C (2.0) or better in both BSCI 10110 and BSCI 10120.",,"Basic biology, natural history, behavior and ecology of the fishes. Three hour lecture and three hour lab weekly.",2011
40363,MICROBIAL ECOLOGY ,BSCI,,"BSCI 30171, 30360.","Microbial interactions with their biotic and abiotic environment; control of distribution and physiological activities; biochemical cycles; current techniques; emphasis on bacteria in aquatic systems. Pre- or corequisite BSCI 30171, 30360.",2011
40364,LIMNOLOGY ,BSCI,BSCI 30360.,,"Field and laboratory study of the principles of aquatic ecology. Recitation one hour, lecture two hours, lab three hours weekly.",2011
40367,LIMNOLOGICAL TECHNIQUES ,BSCI,BSCI 40364.,,"Analysis and significance of ecologically important variables and constituents of surface waters. Lecture one hour, lab four hours weekly.",2011
40368,WETLAND ECOLOGY AND MANAGEMENT ,BSCI,BSCI 10110 and 10120 and 10 hours of biology (BSCI) coursework.,,"Lecture, laboratory and field study of the principles of wetland ecology including adaptations of the biota to environmental conditions, comparison among different wetland habitat types and habitat management. Lecture 3 hours, lab 3 hours weekly.",2011
40369,LAKE MANAGEMENT ,BSCI,BSCI 40364.,,"Lecture/discussion related to management of lakes and reservoirs, emphasizing eutrophication problems. Current literature and problem solving techniques emphasized. Lecture three hours weekly.",2011
40372,"POPULATIONS, COMMUNITIES AND ECOSYSTEMS ",BSCI,BSCI 30360 and 40163.,,"Integrated investigation of population, community and ecosystem ecology from historical and current perspectives. Community and ecosystem views of nutrient dynamics and biodiversity provide a framework for consideration of food web patterns, energy flow and, ecosystem stability and function.",2011
40374,CONSERVATION BIOLOGY ,BSCI,BSCI 30360.,,Provides a critical analysis of the factors that threaten biological diversity in the biosphere and the consequences on biological processes and quality of life.,2011
40376,TROPICAL FIELD BIOLOGY AND CONSERVATION ,BSCI,"junior or senior standing, BSCI 10110 and BSCI 10120.",,Introduction to major issues in tropical ecology and conservation including the threats to the biological diversity of tropical ecosystems resulting from human activities. Students learn how to apply modern field-observation techniques to generate and test problem-solving hypotheses.,2011
40430,ANIMAL PHYSIOLOGY ,BSCI,"BSCI 30140; CHEM 10060, 10061, 10062 and 10063.",,"Physiologic principles and concepts. Lecture three hours, lab three hours weekly.",2011
40432,ENDOCRINOLOGY ,BSCI,BSCI 40430.,,Principles of endocrine regulation of physiological and metabolic processes. Morphological and functional interrelationships between systems. Lecture three hours.,2011
40433,MAMMALIAN PHYSIOLOGY I ,BSCI,BSCI 40430; 9 hours mathematics (MATH) coursework; 20 hours chemistry (CHEM) coursework.,BSCI 40444.,"The internal environment, metabolism and energy balance, temperature regulation, nervous system and special senses. Lecture three hours.",2011
40434,MAMMALIAN PHYSIOLOGY II ,BSCI,BSCI 40430; 9 hours mathematics (MATH) coursework or 20 hours chemistry (CHEM) coursework.,BSCI 40445.,"Physiology of cardiovascular, renal, respiratory and digestive systems. Lecture three hours.",2011
40435,REPRODUCTIVE PHYSIOLOGY OF MAMMALS ,BSCI,BSCI 40430 and 40432.,,Current concepts of reproductive processes based on studies with laboratory and domestic animals and man. Lecture three hours.,2011
40439,ENVIRONMENTAL PHYSIOLOGY ,BSCI,"BSCI 10110 and 10120 and CHEM 10060, 10061, 10062 and 10063.",,"Effects of heat, cold, oxygen, carbon dioxide, pressure, radiant energy, salt and water variations and other environmental factors on organisms.",2011
40444,MAMMALIAN PHYSIOLOGY LABORATORY I ,BSCI,,BSCI 40433.,Laboratory experimentation emphasizing physiological principles covered in BSCI 40433. Corequisite: BSCI 40433.,2011
40445,MAMMALIAN PHYSIOLOGY LABORATORY II ,BSCI,,BSCI 40434.,Laboratory experimentation emphasizing physiological principles covered in BSCI 40434. Lab four hours weekly. Corequisite: BSCI 40434.,2011
40515,ANIMAL BEHAVIOR ,BSCI,BSCI 10110 and 10120 and junior standing.,,"Explores the evolution of various animal behaviors, the functions they might serve, and the interplay among the social, ecological and physiological mechanisms that regulate their occurrence.",2011
40517,HISTOLOGY ,BSCI,"BSCI 10110, 10120, 30140 and 4 hours of biology (BSCI) coursework.",,"Study of the microscopic and submicroscopic structure of the mammalian body in relation to function. Lecture two hours, lab three hours weekly.",2011
40519,HORMONES AND BEHAVIOR ,BSCI,BSCI 10110 and 10120; and junior standing.,,Current concepts of hormone and behavior interactions across species.,2011
40525,WILDLIFE RESOURCES ,BSCI,BSCI 10110 and 10120 plus 4 hours of biology (BSCI) coursework.,,"Ecological parameters are discussed relative to the preservation and management of wild animal populations. Aesthetic, economic and environmental values are discussed. Lecture three hours weekly.",2011
40556,VERTEBRATE ZOOLOGY ,BSCI,BSCI 10110 and 10120 plus 4 hours of biology (BSCI) coursework.,,"Field approach to identification and natural history of all Ohio vertebrates except birds. Lecture three hours, lab and field three hours weekly.",2011
40581,ANIMAL PARASITOLOGY ,BSCI,"BSCI 10110, 10120 plus 4 hours of biology (BSCI) coursework.",,"Morphology, physiology, life-histories, systematics and economic importance of parasites. Lecture two hours lab, six hours weekly.",2011
40600,WRITING IN THE BIOLOGICAL SCIENCES ,BSCI,biology (BSCI) major and junior standing.,,Writing-intensive course taken with a 3- or 4-credit-hour upper-division biology course. This course may be used to satisfy the writing-intensive course requirement with approval of major department.,2011
50020,BIOLOGY OF AGING ,BSCI,BSCI 20020 and CHEM 10050 and CHEM 10052 and graduate standing.,,"Aging in cells, plants and animals, including humans; maintaining human health during aging; current theories of aging. Lecture three hours weekly.",2011
50142,BIOENERGETICS ,BSCI,BSCI 40430. Graduate standing.,,"Lecture and discussion of respiration and photosynthesis, their origin development and control in living systems. Concepts are introduced from fundamental principles. Lecture three hours weekly.",2011
50143,EUKARYOTIC CELL BIOLOGY ,BSCI,BSCI 40430. Graduate standing.,,"Current survey of the structure and function of eukaryotic cells, including recent advances in research technology. Lecture three hours weekly.",2011
50146,DEVELOPMENTAL MECHANISMS ,BSCI,graduate standing.,,"Fundamental concepts and paradigms of development as exemplified by major model organisms, with main focus on modern molecular and genetic understanding of developmental mechanisms.",2011
50150,MOLECULAR MECHANISMS OF DISEASE: CANCER ,BSCI,graduate standing.,,"Explores the current understanding of molecular and cellular mechanisms of disease processes, including new technologies and modern strategies in the forefront of future biomedical research. Emphasis on a review of primary literature.",2011
50158,MOLECULAR BIOLOGY ,BSCI,BSCI 30156 and graduate standing.,,"Molecular genetics, DNA and RNA structure, chromosomes DNA replication, recombination, genetic transcription and translation, gene expression, current concepts and technologies.",2011
50159,MOLECULAR BIOLOGY LABORATORY ,BSCI,BSCI 20140; BSCI 40143 or 40158; CHEM 20481 or 30481; CHEM 30475. Graduate standing.,,Experience in research methods for studying cellular and molecular processes in plant and animal systems. Lab meets 6 hours weekly.,2011
50160,MARINE BIOLOGY ,BSCI,Graduate standing.,,"Natural history and ecology of marine organisms, with emphasis on life in coastal habitats. Lecture three hours weekly.",2011
50162,SOIL BIOLOGY ,BSCI,graduate standing.,,"The ecology and physiology of organisms that live in soil, including microbes, plants and animals. The physical and chemical aspects of soil are introduced to understand how organisms in soils impact nutrient cycles and ecosystem development.",2011
50163,ORGANIC EVOLUTION ,BSCI,BSCI 30156 plus 4 hours of biology. Graduate standing.,,"Discussion of the history of evolutionary theory, the evidence of evolution the evolutionary forces and the products of those forces.",2011
50164,MOLECULAR SYSTEMATICS AND PHYLOGENETICS ,BSCI,BSCI 40163; graduate standing.,,"Modern methods used in systematics, DNA sequencing, DNA fingerprinting, phylogenetic analysis and interpretation of character evolution. Three hours lecture and 3 hours lab weekly.",2011
50165,HISTORY OF BIOLOGY ,BSCI,"BSCI 10181, 10182. Graduate standing.",,Historical development of biology from antiquity to the present. Lecture two hours weekly.,2011
50170,STREAM BIOLOGY ,BSCI,BSCI 10181 and 10182 . Graduate standing.,,"Identification, biology and ecology of stream-inhabiting organisms. Lecture two hours, laboratory three hours weekly.",2011
50174,IMMUNOLOGY ,BSCI,"BSCI 30171 and CHEM 10060, 10061 and 10062. Graduate standing.",,Survey of the mammalian host responses to self and non-self with emphasis on the cellular and molecular mechanisms by which innate and acquired immunity result. Experimental design and data analyses are related to current methodologies used to study immunology. Lecture three hours weekly.,2011
50193,VARIABLE TITLE WORKSHOP IN BIOLOGICAL SCIENCES ,BSCI,Permission and graduate standing.,,Topics to be offered will meet specific needs in the biological sciences.,2011
50195,SPECIAL TOPICS IN BIOLOGY ,BSCI,Special approval of instructor and graduate standing.,,Special topics in biology.,2011
50196,INDIVIDUAL INVESTIGATION ,BSCI,Special approval of instructor and graduate standing.,,Individual investigation in biology.,2011
50269,BIOLOGY OF THE ALGAE ,BSCI,"BSCI 10181, 10182 plus 10 hours of biology. Graduate standing.",,"Morphology, ecology and systematics of freshwater and marine algae. Lecture three hours, laboratory three hours weekly.",2011
50272,PLANT ANATOMY ,BSCI,"BSCI 10181, 10182. Graduate standing.",,"Development and structure of cells, tissues and tissue systems of seed plants. Both vegetative and reproductive structures of angiosperms will be emphasized. Lecture two hours, laboratory six hours weekly.",2011
50275,SYSTEMATIC BOTANY ,BSCI,BSCI 10181 10182 or equivalent. Graduate standing.,,"Biosystematics, angiosperm phylogeny survey of some major families of dicotyledons. Lecture three hours laboratory three hours weekly.",2011
50277,MORPHOLOGY OF LOWER PLANTS ,BSCI,BSCI 10181 10182 or equivalent. Graduate standing.,,"Nonvascular plants, emphasizing structure reproduction evolution fossil history economic ecological and medical importance. Lecture three hours laboratory three hours weekly.",2011
50360,ICHTHYOLOGY ,BSCI,graduate standing.,,"Basic biology, natural history, behavior and ecology of the fishes. Three hour lecture and three hour lab weekly.",2011
50363,MICROBIAL ECOLOGY ,BSCI,"BSCI 30171, 30360. Graduate standing.",,Microbial interactions with their biotic and abiotic environment; control of distribution and physiological activities; emphasis on bacteria in aquatic systems.,2011
50364,LIMNOLOGY ,BSCI,BSCI 30360t. Graduate standing.,,"Field and laboratory study of the principles of aquatic ecology. Recitation one hour, lecture two hours, laboratory three hours weekly.",2011
50367,LIMNOLOGICAL TECHNIQUES ,BSCI,BSCI 5/70364 or permission. Graduate standing.,,"Analysis and significance of ecologically important variables and constituents of surface waters. Lecture one hour, laboratory four hours per week.",2011
50368,WETLAND ECOLOGY AND MANAGEMENT ,BSCI,Graduate standing.,,"Lecture, laboratory and field study of the principles of wetland ecology including adaptations of the biota to environmental conditions, comparison among different wetland habitat types and habitat management. Lecture 3 hours lab 3 hours weekly.",2011
50369,LAKE MANAGEMENT ,BSCI,BSCI 5/70364 and graduate standing.,,"Lecture/discussion related to management of lakes and reservoirs, emphasizing eutrophication problems. Current literature and problem solving techniques emphasized. Lecture three hours weekly.",2011
50372,"POPULATIONS, COMMUNITIES AND ECOSYSTEMS ",BSCI,BSCI 30360 and 40163; graduate standing.,,"Integrated investigation of population, community and ecosystem ecology from historical and current perspectives. Community and ecosystem views of nutrient dynamics and biodiversity provide a framework for consideration of food web patterns energy flow and, ecosystem stability and function.",2011
50374,CONSERVATION BIOLOGY ,BSCI,BSCI 30360 and graduate standing.,,Provides a critical analysis of the factors that threaten biological diversity in the biosphere and the consequences on biological processes and quality of life.,2011
50376,TROPICAL FIELD BIOLOGY AND CONSERVATION ,BSCI,graduate standing.,,Introduction to major issues in tropical ecology and conservation including the threats to the biological diversity of tropical ecosystems resulting from human activities. Students learn how to apply modern field-observation techniques to generate and test problem-solving hypotheses.,2011
50432,ENDOCRINOLOGY ,BSCI,BSCI 40430 and graduate standing.,,Principles of endocrine regulation of physiological and metabolic processes. Morphological and functional interrelationships between systems. Lecture three hours weekly.,2011
50433,MAMMALIAN PHYSIOLOGY I ,BSCI,BSCI 40430; 9 hours mathematics; 20 hours chemistry; graduate standing.,,"The internal environment, metabolism and energy balance, temperature regulation, nervous system and special senses. Lecture three hours.",2011
50434,MAMMALIAN PHYSIOLOGY II ,BSCI,BSCI 40430; 9 hours mathematics; 20 hours chemistry; graduate standing.,,"Physiology of cardiovascular, renal, respiratory and digestive systems. Lecture three hours.",2011
50435,REPRODUCTIVE PHYSIOLOGY OF MAMMALS ,BSCI,BSCI 40430 and 40432; graduate standing.,,Current concepts of reproductive processes based on studies with laboratory and domestic animals and man. Lecture three hours.,2011
50439,ENVIRONMENTAL PHYSIOLOGY ,BSCI,"BSCI 10181, 10182; CHEM 10060, 10061 and 10062. Graduate standing.",,"Effects of heat, cold, oxygen, carbon dioxide, pressure, radiant energy salt, and water variations and other environmental factors on organisms. Lecture four hours weekly.",2011
50444,MAMMALIAN PHYSIOLOGY LAB I ,BSCI,,BSCI 5/70433. Graduate standing.,Laboratory experimentation emphasizing physiological principles covered in BSCI 5/70433. Corequisite: BSCI 5/70433. Graduate standing.,2011
50445,MAMMALIAN PHYSIOLOGY LAB II ,BSCI,,BSCI 5/70434. Graduate standing.,Laboratory experimentation emphasizing physiological principles covered in BSCI 5/70434. Corequisite: BSCI 5/70434. Graduate standing.,2011
50515,ANIMAL BEHAVIOR ,BSCI,graduate standing.,,"Explores the evolution of various animal behaviors, the functions they might serve, and the interplay among the social, ecological and physiological mechanisms that regulate their occurrence.",2011
50517,HISTOLOGY ,BSCI,"BSCI 10181, 10182, plus 4 hours of biology. Graduate standing.",,"Study of the microscopic and submicroscopic structure of the mammalian body in relation to function. Lecture two hours, laboratory three hours weekly.",2011
50519,HORMONES AND BEHAVIOR ,BSCI,graduate standing.,,Current concepts of hormone and behavior interactions across species.,2011
50525,WILDLIFE RESOURCES ,BSCI,BSCI 10181 and 10182 plus 4 hours. Graduate standing.,,Ecological parameters are discussed relative to the preservation and management of wild animal populations. Aesthetic economic and environmental values are discussed. Lecture three hours weekly.,2011
50556,VERTEBRATE ZOOLOGY ,BSCI,"BSCI 10181, 10182 plus 4 hours of biology. Graduate standing.",,"Field approach to identification and natural history of all Ohio vertebrates except birds. Lecture three hours, laboratory and field three hours weekly.",2011
60080,EXPERIMENTAL METHODS IN BIOLOGY ,BSCI,Special approval and graduate standing.,,"The development of hypotheses, principles of experimental design and methods of gathering and evaluating data.",2011
60103,BIOLOGICAL STATISTICS ,BSCI,graduate standing.,,"Principles of experimental design and statistical analysis, and how to choose and interpret statistical tests using biological data sets.",2011
60144,SELECTED READINGS IN EUKARYOTIC CELL BIOLOGY ,BSCI,Graduate standing.,BSCI 50143,Directed readings in cell and molecular biology from the primary and review literature will be presented and discussed by the students.,2011
60191,SEMINAR IN BIOLOGY ,BSCI,Graduate standing.,,Departmental seminar required of all graduate students.,2011
60194,COLLEGE TEACHING IN BIOLOGY ,BSCI,Special approval of instructor and graduate standing.,,Training and experience in college teaching of biology. Maximum of 2 hours applicable toward degree. Repeated registration permitted. Required in all degree programs.,2011
60198,RESEARCH ,BSCI,Special approval and graduate standing.,,Research or individual investigation for master's level graduate students. Credits earned may be applied toward degree requirements if department approves. Repeated registration is permitted.,2011
60100,RADIATION SAFETY ,BSCI,Special approval and graduate standing.,,"A rigorous basis for the detection and safe handling of unsealed radioisotopic material BSCI 60199 THESIS I Thesis students must register for a minimum of 6 hours, 2 to 6 hours in a single semester distributed over several semesters if desired.",2011
60220,BIOINFORMATICS ,BSCI,BSCI 50143; graduate standing.,,"Theory, methods and computational approaches used to interpret large volumes of biosciences information; reviews of major data repositories. An interdisciplinary project is required.",2011
60265,PLANT METABOLISM ,BSCI,BSCI 30267 and graduate standing.,,"An advanced study of absorption, transpiration, translocation, mineral nutrition, photosynthesis, respiration, nitrogen, metabolism and other biochemical processes in plant cells. Lecture three hours per week.",2011
60266,PLANT GROWTH AND DEVELOPMENT ,BSCI,BSCI 30267 and graduate standing.,,"An advanced study of the phytohormones, light, temperature, gravity, etc. and, their effect on dormancy, germination, tropisms, cellular expansion, flowering and senescence. Lecture three hours per week.",2011
60291,SEMINAR IN BOTANY ,BSCI,Special approval of instructor and graduate standing.,,Seminar on botanical topics. May be repeated for credit. Credits earned may be applied toward degree if department approves.,2011
60299,THESIS II ,BSCI,BSCI 60199 and graduate standing.,,Thesis students must continue registration each semester until all degree requirements are met.,2011
60365,EXPERIMENTAL LIMNOLOGY ,BSCI,BSCI 5/70364. Graduate standing.,,"Methods and selected literature in experimental aquatic ecology will be reviewed. An experiment will be designed and carried out. Lecture-recitation two hours, laboratory three hours weekly.",2011
60367,DYNAMICS OF AQUATIC COMMUNITIES ,BSCI,BSCI 4/5/70269. Graduate standing.,,"Interpretation and simulation of the structure and dynamics of algal communities within lakes and streams. Discussion of the structure and dynamic interrelationships of the components of aquatic ecosystems. Lecture two hours, laboratory three hours weekly.",2011
60370,ECOLOGICAL GENETICS ,BSCI,"BSCI 30156 30360, 40162. Graduate standing.",,"Dynamics of genes in diploid populations and consequent interactions with and effects on components of the ecosystem, with examples.",2011
60371,EVOLUTIONARY ECOLOGY ,BSCI,BSCI 30360. Graduate standing.,,An application of the theory of natural selection to the evolution of population and community phenomena.,2011
60391,SEMINAR IN ECOLOGY ,BSCI,Special approval of instructor and graduate standing.,,Seminar on topics in animal and plant ecology. May be repeated for credit. Credits earned may be applied to degree if department approves.,2011
60431,NEUROENDOCRINOLOGY ,BSCI,graduate standing.,,Role of the central nervous system in the regulation of hormonal and vegetative functions; structure function relationships between brain and pituitary with modern views of neuroendocrine regulation. Methods for study of neuroendocrine relationships is discussed.,2011
60438,COMPARATIVE PHYSIOLOGY ,BSCI,"BSCI 10181, 10182; CHEM 10060, 10061, 10062, 10063. Graduate standing.",,"Comparative physiology of regulatory mechanisms (biochemistry, nervous, hormonal, etc.) such areas as neurophysiology, sensory adaptations, biological rhythms, circulatory systems, movement and locomotion, buoyancy.",2011
60440,CELLULAR AND MOLECULAR SIGNALING ,BSCI,BSCI 4/5/70143; and graduate standing.,,"The relevant and current topics associated with cellular signaling is covered. Topics include receptor pharmacology, classes and regulation, transcription factors, cell cycle signaling and cell-cell communication.",2011
60446,ADVANCED HUMAN PHYSIOLOGY ,BSCI,Special approval from department and graduate standing.,,Physiological mechanisms of human health and disease with an emphasis on integrative physiology. Lecture 3 hours weekly.,2011
60461,NEUROCHEMISTRY ,BSCI,CHEM 5/70247. Graduate standing.,,"Basic biochemistry of the mammalian nervous system, including myelin structure and metabolism, stimulus-secretion coupling, neurotransmitter and eicosanoid metabolism, energy utilization and the biochemistry of nervous disorders.",2011
60462,NEUROBIOLOGY: SYSTEMS AND BEHAVIOR ,BSCI,graduate standing.,,"Provides broad coverage of the parts of the central nervous systems and how they integrate sensory information, drive motor function and regulate behavior.",2011
60491,SEMINAR IN PHYSIOLOGY ,BSCI,Special approval of instructor and graduate standing.,,May be repeated for credit. Credits may be applied toward degree if department approves.,2011
60495,SPECIAL TOPICS IN PHYSIOLOGY ,BSCI,Special approval of instructor and graduate standing. 2.000 OR,,Study of problems of current importance. Content dependent on student requirements and on developments in field.,2011
60580,ADVANCED ENTOMOLOGY ,BSCI,BSCI 30580 and graduate standing.,,"Advanced studies in taxonomy, ecology, biology, physiology, morphology and control of insects.",2011
70100,RADIATION SAFETY ,BSCI,Special approval and doctoral standing.,,A rigorous basis for the detection and safe handling of unsealed radioisotopic material in research and the effects of radiation on human health is presented.,2011
70103,BIOLOGICAL STATISTICS ,BSCI,doctoral standing.,,"Principles of experimental design and statistical analysis, and how to choose and interpret statistical tests using biological data sets.",2011
70142,BIOENERGETICS ,BSCI,BSCI 40430. Doctoral standing.,,"Lecture and discussion of respiration and photosynthesis, their origin development and control in living systems. Concepts are introduced from fundamental principles. Lecture three hours weekly.",2011
70143,EUKARYOTIC CELL BIOLOGY ,BSCI,BSCI 40430. Doctoral standing.,,"Current survey of the structure and function of eukaryotic cells, including recent advances in research technology. Lecture three hours weekly.",2011
70144,SELECTED READINGS IN EUKARYOTIC CELL BIOLOGY ,BSCI,Doctoral standing.,BSCI 70143.,Directed readings in cell and molecular biology from the primary and review literature will be presented and discussed by the students.,2011
70146,DEVELOPMENTAL MECHANISMS ,BSCI,doctoral standing.,,"Fundamental concepts and paradigms of development as exemplified by major model organisms, with main focus on modern molecular and genetic understanding of developmental mechanisms.",2011
70150,MOLECULAR MECHANISMS OF DISEASE: CANCER ,BSCI,doctoral standing.,,"Explores the current understanding of molecular and cellular mechanisms of disease processes, including new technologies and modern strategies in the forefront of future biomedical research. Emphasis on a review of primary literature.",2011
70158,MOLECULAR BIOLOGY ,BSCI,BSCI 30156 and doctoral standing.,,"Molecular genetics, DNA and RNA structure, chromosomes, DNA replication, recombination, genetic transcription and translation, gene expression, current concepts and technologies.",2011
70159,MOLECULAR BIOLOGY LABORATORY ,BSCI,BSCI 20140; BSCI 40143 or 40158; CHEM 20481 or 30481; CHEM 30475. Doctoral standing.,,Experience in research methods for studying cellular and molecular processes in plant and animal systems. Lab meets 6 hours weekly.,2011
70160,MARINE BIOLOGY ,BSCI,Doctoral standing.,,"Natural history and ecology of marine organisms, with emphasis on life in coastal habitats. Lecture three hours weekly.",2011
70162,SOIL BIOLOGY ,BSCI,doctoral standing.,,"The ecology and physiology of organisms that live in soil, including microbes, plants and animals. The physical and chemical aspects of soil are introduced to understand how organisms in soils impact nutrient cycles and ecosystem development.",2011
70163,ORGANIC EVOLUTION ,BSCI,BSCI 30156 plus 4 hours of biology. Doctoral standing.,,"Discussion of the history of evolutionary theory, the evidence of evolution, the evolutionary forces and the products of those forces.",2011
70164,MOLECULAR SYSTEMATICS AND PHYLOGENETICS ,BSCI,BSCI 40163; doctoral standing.,,"Modern methods used in systematics, DNA sequencing, DNA fingerprinting, phylogenetic analysis and interpretation of character evolution. Three hours lecture and 3 hours lab weekly.",2011
70165,HISTORY OF BIOLOGY ,BSCI,"BSCI 10181, 10182. Doctoral standing.",,Historical development of biology from antiquity to the present. Lecture two hours weekly.,2011
70170,STREAM BIOLOGY ,BSCI,BSCI 10181 and 10182. Doctoral standing.,,"Identification, biology and ecology of stream-inhabiting organisms. Lecture two , laboratory three hours weekly.",2011
70174,IMMUNOLOGY ,BSCI,"BSCI 30171 and CHEM 10060, 10061 and 10062. Doctoral standing.",,Survey of the mammalian host responses to self and non-self with emphasis on the cellular and molecular mechanisms by which innate and acquired immunity result. Experimental design and data analyses are related to current methodologies used to study immunology. Lecture three hours weekly.,2011
70191,SEMINAR IN BIOLOGY ,BSCI,Doctoral standing.,,Departmental seminar required of all graduate students.,2011
70193,VARIABLE TITLE WORKSHOP IN BIOLOGICAL SCIENCES ,BSCI,Special approval and doctoral standing.,,Topics to be offered will meet specific needs in the biological sciences.,2011
70194,COLLEGE TEACHING IN BIOLOGY ,BSCI,Special approval of instructor and doctoral standing.,,Training and experience in college teaching of biology. Maximum of 2 hours applicable toward degree. Required in all degree programs.,2011
70195,SPECIAL TOPICS IN BIOLOGY ,BSCI,Special approval of instructor and doctoral standing.,,,2011
70196,INDIVIDUAL INVESTIGATION ,BSCI,Special approval of instructor and doctoral standing.,,,2011
70265,PLANT METABOLISM ,BSCI,BSCI 30267 and doctoral standing.,,"An advanced study of absorption, transpiration, translocation, mineral nutrition, photosynthesis, respiration, nitrogen, metabolism and other biochemical processes in plant cells. Lecture three hours per week.",2011
70266,PLANT GROWTH AND DEVELOPMENT ,BSCI,BSCI 30267 and doctoral standing.,,"An advanced study of the phytohormones, light, temperature, gravity, etc. and their effect on dormancy, germination, tropisms, cellular expansion, flowering and senescence. Lecture three hours per week.",2011
70269,BIOLOGY OF THE ALGAE ,BSCI,"BSCI 10181, 10182, plus 10 hours of biology. Doctoral standing.",,"Morphology, ecology and systematics of freshwater and marine algae. Lecture three hours, laboratory three hours weekly.",2011
70272,PLANT ANATOMY ,BSCI,"BSCI 10181, 10182. Doctoral standing.",,"Development and structure of cells, tissues and tissue systems of seed plants. Both vegetative and reproductive structures of angiosperms will be emphasized. Lecture two hours, laboratory six hours weekly.",2011
70275,SYSTEMATIC BOTANY ,BSCI,"BSCI 10181, 10182. Doctoral standing.",,"Biosystematics, angiosperm phylogeny, survey of some major families of dicotyledons. Lecture three hours, laboratory three hours weekly.",2011
70277,MORPHOLOGY OF LOWER PLANTS ,BSCI,"BSCI 10181, 10182. Doctoral standing.",,"Nonvascular plants, emphasizing structure, reproduction, evolution, fossil history, economic, ecological and medical importance. Lecture three hours, laboratory three hours weekly.",2011
70291,SEMINAR IN BOTANY ,BSCI,Permission of instructor and doctoral standing.,,Seminar on botanical topics. May be repeated for credit. Credits earned may be applied toward degree if department approves.,2011
70360,ICHTHYOLOGY ,BSCI,doctoral standing.,,"Basic biology, natural history, behavior and ecology of the fishes. Three hour lecture and three hour lab weekly.",2011
70363,MICROBIAL ECOLOGY ,BSCI,"BSCI 30171, 30360. Doctoral standing.",,Microbial interactions with their biotic and abiotic environment; control of distribution and physiological activities; emphasis on bacteria in aquatic systems.,2011
70364,LIMNOLOGY ,BSCI,BSCI 30360. Doctoral standing.,,"Field and laboratory study of the principles of aquatic ecology. Recitation one hour, lecture two hours, laboratory three hours weekly.",2011
70367,LIMNOLOGICAL TECHNIQUES ,BSCI,BSCI 5/70364. Doctoral standing.,,Analysis and significance of ecologically important variables and constituents of surface waters. Lecture one hour laboratory four hours per week.,2011
70368,WETLAND ECOLOGY AND MANAGEMENT ,BSCI,Doctoral standing.,,"Lecture, laboratory and field study of the principles of wetland ecology including adaptations of the biota to environmental conditions, comparison among different wetland habitat types and habitat management. Lecture 3 hours, lab 3 hours weekly.",2011
70369,LAKE MANAGEMENT ,BSCI,BSCI 5/70364 and doctoral standing.,,"Lecture/discussion related to management of lakes and reservoirs, emphasizing eutrophication problems. Current literature and problem solving techniques emphasized. Lecture three hours weekly.",2011
70370,ECOLOGICAL GENETICS ,BSCI,"BSCI 30156, 30360, 40162. Doctoral standing.",,"Dynamics of genes in diploid populations and consequent interactions with and effects on components of the ecosystem, with examples.",2011
70371,EVOLUTIONARY ECOLOGY ,BSCI,BSCI 30360. Doctoral standing.,,An application of the theory of natural selection to the evolution of population and community phenomena.,2011
70372,"POPULATIONS, COMMUNITIES AND ECOSYSTEMS ",BSCI,BSCI 30360 and 40163; doctoral standing.,,"Integrated investigation of population, community, and ecosystem ecology from historical and current perspectives. Community and ecosystem views of nutrient dynamics and biodiversity provide a framework for consideration of food web patterns, energy flow, and ecosystem stability and function.",2011
70374,CONSERVATION BIOLOGY ,BSCI,BSCI 30360 and doctoral standing.,,Provides a critical analysis of the factors that threaten biological diversity in the biosphere and the consequences on biological processes and quality of life.,2011
70376,TROPICAL FIELD BIOLOGY AND CONSERVATION ,BSCI,doctoral standing.,,Introduction to major issues in tropical ecology and conservation including the threats to the biological diversity of tropical ecosystems resulting from human activities. Students learn how to apply modern field-observation techniques to generate and test problem-solving hypotheses.,2011
70391,SEMINAR IN ECOLOGY ,BSCI,Special approval of instructor and doctoral standing.,,Seminar on topics in animal and plant ecology. Credits earned may be applied to degree if department approves.,2011
70431,NEUROENDOCRINOLOGY ,BSCI,doctoral standing.,,Role of the central nervous system in the regulation of hormonal and vegetative functions; structure function relationships between brain and pituitary with modern views of neuroendocrine regulation. Methods for study of neuroendocrine relationships is discussed.,2011
70432,ENDOCRINOLOGY ,BSCI,BSCI 40430 and doctoral standing.,,Principles of endocrine regulation of physiological and metabolic processes. Morphological and functional interrelationships between systems. Lecture three hours weekly.,2011
70433,MAMMALIAN PHYSIOLOGY I ,BSCI,BSCI 40430; 9 hours mathematics; 20 hours chemistry; doctoral standing.,,"The internal environment, metabolism and energy balance, temperature regulation, nervous system and special senses. Lecture three hours.",2011
70434,MAMMALIAN PHYSIOLOGY II ,BSCI,BSCI 40430; 9 hours mathematics; 20 hours chemistry; doctoral standing.,,"Physiology of cardiovascular, renal, respiratory and digestive systems. Lecture three hours.",2011
70435,REPRODUCTIVE PHYSIOLOGY OF MAMMALS ,BSCI,BSCI 40430 and 40432. Doctoral standing.,,Current concepts of reproductive processes based on studies with laboratory and domestic animals and man. Lecture three hours.,2011
70438,COMPARATIVE PHYSIOLOGY ,BSCI,"BSCI 10181, 10182; CHEM 10060, 10061, 10062, 10063. Doctoral standing.",,"Comparative physiology of regulatory mechanisms (biochemistry, nervous, hormonal, etc.); such areas as neurophysiology, sensory adaptations, biological rhythms, circulatory systems, movement and locomotion, buoyancy.",2011
70439,ENVIRONMENTAL PHYSIOLOGY ,BSCI,"BSCI 10181, 10182; CHEM 10060, 10061 and 10062. Doctoral standing.",,"Effects of heat, cold, oxygen, carbon dioxide, pressure, radiant energy, salt, and water variations and other environmental factors on organisms. Lecture four hours weekly.",2011
70440,CELLULAR AND MOLECULAR SIGNALING ,BSCI,BSCI 4/5/70143 and doctoral standing.,,"The relevant and current topics associated with cellular signaling is covered. Topics include receptor pharmacology, classes and regulation, transcription factors, cell cycle signaling and cell-cell communication.",2011
70444,MAMMALIAN PHYSIOLOGY LAB I ,BSCI,,BSCI 5/70433. Doctoral standing.,Laboratory experimentation emphasizing physiological principles covered in BSCI 5/70433. Corequisite: BSCI 5/70433. Doctoral standing.,2011
70445,MAMMALIAN PHYSIOLOGY LAB II ,BSCI,doctoral standing.,BSCI 50434 or 70434.,Laboratory experimentation emphasizing physiological principles covered in BSCI 5/70434.,2011
70461,NEUROCHEMISTRY ,BSCI,CHEM 5/70247. Doctoral standing.,,"Basic biochemistry of the mammalian nervous system, including myelin structure and metabolism, stimulus-secretion coupling, neurotransmitter and eicosanoid metabolism, energy utilization and the biochemistry of nervous disorders.",2011
70491,SEMINAR IN PHYSIOLOGY ,BSCI,Special approval of instructor and doctoral standing.,,Credits may be applied toward degree if the department approves.,2011
70495,SPECIAL TOPICS IN PHYSIOLOGY ,BSCI,Special approval of instructor and doctoral standing. 2.000 OR,,Study of problems of current importance. Content dependent on student requirements and on developments in field.,2011
70515,ANIMAL BEHAVIOR ,BSCI,doctoral standing.,,"Explores the evolution of various animal behaviors, the functions they might serve, and the interplay among the social, ecological and physiological mechanisms that regulate their occurrence.",2011
70517,HISTOLOGY ,BSCI,"BSCI 10181, 10182 plus 4 hours of biology. Doctoral standing.",,Study of the microscopic and submicroscopic structure of the mammalian body in relation to function. Lecture two hours laboratory three hours weekly.,2011
70519,HORMONES AND BEHAVIOR ,BSCI,doctoral standing.,,Current concepts of hormone and behavior interactions across species.,2011
70525,WILDLIFE RESOURCES ,BSCI,BSCI 10181 and 10182 plus 4 hours. Doctoral standing.,,Ecological parameters are discussed relative to the preservation and management of wild animal populations. Aesthetic economic and environmental values are discussed. Lecture three hours weekly.,2011
70556,VERTEBRATE ZOOLOGY ,BSCI,"BSCI 10181, 10182 plus 4 hours of biology. Doctoral standing.",,Field approach to identification and natural history of all Ohio vertebrates except birds. Lecture three hours laboratory and field three hours weekly.,2011
70580,ADVANCED ENTOMOLOGY ,BSCI,BSCI 30580 and doctoral standing.,,"Advanced studies in taxonomy, ecology, biology, physiology, morphology and control of insects.",2011
80150,BIOLOGICAL INSTRUMENTATION ,BSCI,Special approval of instructor and doctoral standing.,,Biological instrumentation and techniques. By arrangement.,2011
80198,RESEARCH ,BSCI,Doctoral standing.,,Research or individual investigation for doctoral students who have not yet passed candidacy examination.,2011
80199,DISSERTATION I ,BSCI,Special approval and doctoral standing.,,"Doctoral dissertation, for which registration in at least two semesters is required first of which will be semester in which dissertation work is begun and continuing until the completion of 30 hours.",2011
80240,ADVANCED TOPICS IN BOTANY ,BSCI,Special approval of instructor and doctoral standing.,,Lectures and/or laboratories in advanced areas of botany. By arrangement.,2011
80241,ADVANCED TOPICS IN BOTANY ,BSCI,Special approval of instructor and doctoral standing.,,Lectures and/or laboratories in advanced areas of botany. By arrangement.,2011
80299,DISSERTATION II ,BSCI,BSCI 80199 and doctoral standing.,,Continuing registration of doctoral students who have completed the initial 30 hours of dissertation and continuing until all degree requirements are met.,2011
80310,ADVANCED TOPICS IN ECOLOGY ,BSCI,Special approval of instructor and doctoral standing.,,Lectures and/or laboratories in advanced areas in ecology. By arrangement.,2011
80311,ADVANCED TOPICS IN ECOLOGY ,BSCI,Special approval of instructor and doctoral standing.,,Lectures and/or laboratories in advanced areas in ecology. By arrangement.,2011
80365,EXPERIMENTAL LIMNOLOGY ,BSCI,BSCI 5/70364. Doctoral standing.,,"Methods and selected literature in experimental aquatic ecology will be reviewed. An experiment will be designed and carried out. Lecture-recitation two hours, laboratory three hours weekly.",2011
80367,DYNAMICS OF AQUATIC COMMUNITIES ,BSCI,BSCI 4/5/70269. Doctoral standing.,,"Interpretation and simulation of the structure and dynamics of algal communities within lakes and streams. Discussion of the structure and dynamic interrelationships of the components of aquatic ecosystems. Lecture two hours, laboratory three hours weekly.",2011
80430,ADVANCED TOPICS IN PHYSIOLOGY ,BSCI,Special approval of instructor and doctoral standing.,,Analysis and solution of problems in contemporary physiology. By arrangement.,2011
80431,ADVANCED TOPICS IN PHYSIOLOGY ,BSCI,Special approval of instructor and doctoral standing.,,Analysis and solution of problems in contemporary physiology. By arrangement.,2011
80462,NEUROBIOLOGY: SYSTEMS AND BEHAVIOR ,BSCI,doctoral standing.,,"Provides broad coverage of the parts of the central nervous systems and how they integrate sensory information, drive motor function and regulate behavior.",2011
