49010,CLINICAL MICROBIOLOGY:THEORY ,CLS,Medical technology (MEDT) major.,,"Theoretical consideration of laboratory isolation, cultivation, identification and characterization of pathogenic microorganisms.",2011
49011,CLINICAL MICROBIOLOGY: APPLICATIONS ,CLS,Medical technology (MEDT) major.,,"Applied and practical considerations of theoretical aspects of laboratory isolation, cultivation, identification and characterization of pathogenic microorganisms. Letter grades and ip.",2011
49012,CLINICAL IMMUNOLOGY: THEORY ,CLS,Medical technology (MEDT) major.,,Theoretical considerations of laboratory practices involving quantitation and detection of antigens and antibodies and the significance of these findings in pathological states.,2011
49013,CLINICAL IMMUNOLOGY: APPLICATIONS ,CLS,Medical technology (MEDT) major.,,Applied and practical consideration of laboratory practices in immunology and serology relating to diagnosis of disease states.,2011
49014,CLINICAL MYCOLOGY: THEORY AND APPLICATIONS ,CLS,Medical technology (MEDT) major.,,"Theoretical, applied and practical consideration of the isolation, identification and characterization of pathogenic fungi and their relation to human disease states.",2011
49015,CLINICAL PARASITOLOGY: THEORY AND APPLICATIONS ,CLS,Medical technology (MEDT) major.,,"Theoretical, applied and practical considerations of the isolation identification and characterization of human parasites and their relations to pathologic conditions.",2011
49020,CLINICAL CHEMISTRY: THEORY ,CLS,Medical technology (MEDT) major.,,Theoretical considerations of the principles of clinical chemistry relating to the identification and quantitation of biologically important substances in blood and other body fluids.,2011
49021,CLINICAL CHEMISTRY: APPLICATIONS ,CLS,Medical technology (MEDT) major.,,Applied and practical considerations of clinical chemistry principles relating to significant changes in body fluids as the result of pathologic conditions.,2011
49022,URINALYSIS: THEORY ,CLS,Medical technology (MEDT) major.,,Theoretical considerations of the physiological activities of the renal system together with laboratory principles of analysis of urine and other body fluids.,2011
49023,URINALYSIS: APPLICATIONS ,CLS,Medical technology (MEDT) major.,,Applied and practical considerations of laboratory practices in urine and other body fluid analysis as aids in diagnosis of disease.,2011
49030,IMMUNOHEMATOLOGY: THEORY ,CLS,Medical technology (MEDT) major.,,Theoretical consideration of laboratory procedures involved in blood grouping and typing; identification of blood group antigens and antibodies collection and preparation of blood for transfusion.,2011
49031,IMMUNOHEMATOLOGY: APPLICATIONS ,CLS,Medical technology (MEDT) major.,,Applied and practical consideration of laboratory methods for the administration of blood and its components.,2011
49032,COAGULATION:THEORY AND APPLICATIONS ,CLS,Medical technology (MEDT) major.,,Theoretical consideration of the coagulation mechanism and its relation to pathological states; identification of abnormalities and deficiencies.,2011
49033,CLINICAL HEMATOLOGY: THEORY ,CLS,Medical technology (MEDT) major.,,Theoretical considerations of the development of formed elements; identification of marrow and blood cells; study of normal and abnormal cellular blood components.,2011
49034,CLINICAL HEMATOLOGY: APPLICATIONS ,CLS,Medical technology (MEDT) major.,,Applied and practical consideration of laboratory methods and procedures in identification and enumeration of normal and abnormal formed elements of blood.,2011
49040,TOPICS IN LABORATORY MANAGEMENT ,CLS,Medical technology (MEDT) major.,,"Consideration of topics relating to safety, education, personnel, budgeting, scheduling and medical legal problems. Repeatable for a total of 4 hours.",2011
49095,SPECIAL TOPICS IN MEDICAL TECHNOLOGY ,CLS,Medical technology (MEDT) major.,,"Topical consideration of special techniques encountered in nuclear medicine, cytology, cytogenetics, virology, toxicology and special instrumentation. Repeatable for a total of 4 hours.",2011
