10120,INTRODUCTION TO EARLY CHILDHOOD SERVICES ,ECED,,,Orientation to the field of early childhood education: historical and present day programs and services for young children 0-8.,2011
20163,UNDERSTANDING YOUNG CHILDREN: TYPICAL AND ATYPICAL PATHWAYS ,ECED,ECED 10120; and special approval.,ECED 30134 and 30164 and 40145 and SPED 23000; and admission to advanced study.,Growth and development of young children from birth to age eight as it occurs along both typical and atypical pathways.,2011
30123,LANGUAGE AND LITERACY FOR THE PRESCHOOL CHILD,ECED,admission to advanced study.,ECED 30142 and ECED 30147 and ECED 40165 and ECED 40192 (ECED Block II).,(Equivalent to ECET 22130) An examination of the process of language and literacy development in preschool children. The course focuses on how preschool teachers integrate knowledge of development with early school and family literacy learning.,2011
30134,INTEGRATED EXPRESSIVE ARTS AND SOCIAL STUDIES IN PRESCHOOL ,ECED,admission to advanced study.,ECED 20163 and ECED 30164 and ECED 40145 (ECED Block I).,"Young children's development in the expressive arts and social studies; implications for development of the environment, integrated curriculum and teaching methods for preschool children.",2011
30142,PARTNERSHIPS AND GUIDANCE FOR PRESCHOOL CHILDREN,ECED,admission to advanced study.,ECED 30123 and ECED 30147 and ECED 40165 and ECED 40192 (ECED Block II).,"(Equivalent to ECET 21005) Appropriate guidance strategies set the foundation for positive experiences our youngest children in Department; patterns learned early often set a foundation for primary school entry. This course addresses the concerns of guidance family partnerships and inclusive departmenting with preschool children and their educators. It takes a proactive stance, helping teachers develop a constructive guidance approach.",2011
30144,INTEGRATED CURRICULUM FOR SOCIAL STUDIES ,ECED,ECED 30134 and admission to advanced study.,ECED 40114 and 40126 and 40127 and 40128 and 40147 (Block IV).,"Objectives, resources, curriculum development, methods of teaching social studies and expressive arts at kindergarten and primary levels; emphasis on developing integrated social studies curriculum; infusing multiple forms of expressive arts into integrated curriculum and assessment; and engaging professional collaboration with teachers in the field.",2011
30147,EARLY EXPERIENCES IN MATHEMATICS AND SCIENCE ,ECED,C (2.0) or better in MATH 14001 and 14002 and admission to advanced study.,ECED 30123 and ECED 30142 and ECED 40165 and ECED 40192.,Instructional psychology and materials for effective teaching of mathematics and science in preschool settings with a theoretical emphasis on cognitive development.,2011
30164,PRESCHOOL EDUCATION ,ECED,admission to advanced standing.,ECED 20163 and EDUC 30134 and EDUC 40145 (ECED Block I).,Integrated curriculum utilizing principles of developmentally appropriate practice in settings for children under five. Field experience two mornings a week. Students are required to complete Bureau of Criminal Investigation and Identification (BCII) and Federal Bureau of Investigation (FBI) background checks and submit the results to authorized personnel at their assigned school or agency before the first day of the semester.,2011
40093,VARIABLE TITLE WORKSHOP IN EARLY CHILDHOOD EDUCATION ,ECED,Permission.,,Topics of special interest to students desiring to intensify their knowledge in particular areas. Presenters include Kent early childhood faculty members and may include experts from outside agencies and other institutions. S u/graded.,2011
40105,APPROPRIATE PHONICS INSTRUCTION FOR KINDERGARTEN AND PRIMARY CHILDREN ,ECED,admission to advanced study.,ECED 40107 and 40123 and 40142 (Block III).,"An examination of phonics in early reading and writing development, effective strategies for teaching and assessing phonics appropriate for kindergarten and primary grade children.",2011
40107,TEACHING MATHEMATICS: EARLY YEARS I ,ECED,ECED 30147 and MATH 14001 and 14002 and admission to advanced study.,ECED 40105 and 40123 and 40142.,Instructional psychology and materials for effective teaching of mathematics in grades K-1 with a theoretical emphasis on cognitive development.,2011
40114,TEACHING SCIENCE IN THE EARLY YEARS ,ECED,ECED 30147 and admission to advanced study.,ECED 30144 and 40126 and 40127 and 40128 and 40147 (Block IV).,This course investigates engaging young children in inquiry-based processes of science. Emphasis is given to creating developmentally appropriate experiences in accordance to NAEYC guidelines. National and state science standards as well as the college and graduate school of education conceptual framework. Attention is focused on the use of science materials safety planning assessment and incorporating science across the curriculum.,2011
40123,CRITICAL INQUIRY INTO INTERATED CURRICULUM IN THE PRIMARY YEARS ,ECED,Admission to advanced study.,ECED 40105 and 40107 and 40142.,Theoretical and content background addressing integration of curriculum and global perspectives aligned with the International Baccalaureate Primary Years Programme.,2011
40125,INQUIRY INTO PROFESSIONAL PRACTICE ,ECED,Admission to advanced study.,,Interdisciplinary inquiry into teaching as a professional practice in ECED; emphasis on teacher as researcher. Utilization of teaching learning technologies.,2011
40126,DEVELOPMENTAL READING AND WRITING: EARLY YEARS ,ECED,ECED 40105 and admission to advanced study.,ECED 40127 and 30144 and 40114 and 40147.,This course builds on work begun in 40105. It explores how teachers support primary children's literacy development through small group strategic instruction based on formative assessments. Pre-service teachers will also learn how to implement a process approach to writing instruction.,2011
40127,DEVELOPING A BALANCED LITERACY PROGRAM ,ECED,ECED 40105 and admission to advanced study.,ECED 30144 and 40114 and 40126 and 40128 and 40147.,This course expands on the previous three literacy courses to explore how research-based instruction requires a balance of literacy learning formats; an integration with learning in the content areas and is based on assessment of individual children's reading and writing abilities.,2011
40128,INTEGRATED FIELD EXPERIENCES ,ECED,admission to advanced study.,ECED 30144 and 40114 and 40126 and 40127 and 40147.,"Participation in experiences offering opportunity to plan and teach reading, language arts, integrated content units and observe students in early childhood classrooms. Students are required to complete Bureau of Criminal Investigation and Identification (BCII) and Federal Bureau of Investigation (FBI) background checks and submit the results to authorized personnel at their assigned Department/agency before the first day of the semester in which student teaching/ internship will take place.",2011
40142,HOME-SCHOOL-COMMUNITY-PARTNERSHIPS IN DIVERSE CONTEXTS ,ECED,admission to advanced study.,ECED 40105 and 40107 and 40123.,"Approaches to parent and community involvement in the education and welfare of children are examined, applied, and discussed. Focuses are theories, policies, practices, skills, and knowledge of partnership building in educational settings. An emphasis on differentiation of practices for diverse communities is applied to teaching and learning in the primary grades.",2011
40145,MUSIC AND RHYTHMS IN PRE-PRIMARY EDUCATION ,ECED,admission to advanced study.,ECED 20163 and ECED 30134 and ECED 30164 (ECED Block I).,Music and rhythms for preprimary children. Optional course intended for majors in early childhood education or other persons desiring additional work with preprimary children.,2011
40146,TEACHING WITH MICROCOMPUTERS: EARLY YEARS ,ECED,ITEC 47427 and admission to advanced study.,,Developing competency in teaching with microcomputers in prekindergarten through grade three. Includes laboratory experience in computerized lessons and programming in Logo.,2011
40147,TEACHING MATHEMATICS: EARLY YEARS II ,ECED,C or better in MATH 14001 and 14002 and admission to advanced study.,ECED 30144 and 40114 and 40126 and 40127 and 40128 (Block IV).,Instructional psychology and materials for effective teaching of mathematics in grades K-3 with a theoretical emphasis on cognitive development.,2011
40151,GUIDANCE OF YOUNG CHILDREN ,ECED,admission to advanced study.,ECED 40105 and 40107 and 40142 and CULT 29535.,"Principles and practices of appropriate guidance for young children, intervention strategies, resources and materials for guidance.",2011
40165,INTEGRATED APPLICATION OF PRESCHOOL CURRICULUM,ECED,ECED 30164.,ECED 30123 and ECED 30142 and ECED 30147 and ECED.,(Equivalent to ECET 22140) Internship in preDepartment. Advanced integrated preschool curriculum utilizing principles of developmentally appropriate practice focusing on infant toddler and preschool age children. Students are required to complete Bureau of Criminal Investigation and Identification (BCII) and Federal Bureau of Investigation (FBI) background checks and submit the results to authorized personnel at their assigned Department-agency before the first day of the semester in which student teaching internship will take place.,2011
40192,INTERNSHIP IN PRESCHOOL,ECED,ECED 30164 and admission to advanced study.,ECED 30123 and ECED 30142 and ECED 30147 and ECED 40165,"(Equivalent to ECET 22150) Internship in preschool settings, full day for fifteen weeks.",2011
40196,INDIVIDUAL INVESTIGATION IN EARLY CHILDHOOD EDUCATION ,ECED,Admission to advanced study and special approval.,,Open to seniors in ECED. Intensive individual study on an early childhood topic selected by student and adviser.,2011
40292,INTERNSHIP IN KINDERGARTEN/PRIMARY ,ECED,admission to advanced study.,ECED 40125.,"Internship in grades K-3, full day for 16 weeks. Students are required to complete Bureau of Criminal Investigation and Identification (BCII) and Federal Bureau of Investigation (FBI) background checks and submit the results to authorized personnel at their assigned Department/agency before the first day of the semester in which student teaching/ internship will take place.",2011
50093,VARIABLE TITLE WORKSHOP IN EARLY CHILDHOOD EDUCATION ,ECED,Graduate standing and special approval.,,Variable topic workshop in early childhood education.,2011
50114,TEACHING SCIENCE IN THE EARLY YEARS ,ECED,Graduate standing in the Master of Arts in Teaching (MAT) program.,,This course investigates engaging young children in inquiry-based processes of science. Emphasis is given to creating developmentally appropriate experiences in accordance to NAEYC guidelines. National and state science standards as well as the college and graduate school of education conceptual framework. Attention is focused on the use of science materials safety planning assessment and incorporating science across the curriculum.,2011
50123,CRITICAL INQUIRY INTO INTEGRATED CURRICULUM IN THE PRIMARY YEARS ,ECED,ECED 60113 and 60152; and graduate standing.,,Theoretical and content background addressing integration of curriculum and global perspectives aligned with the International Baccalaureate Primary Years Programme.,2011
50142,"HOME, SCHOOL AND COMMUNITY RELATIONS ",ECED,Graduate standing.,,Approaches to parent and community involvement in the education and welfare of children. Understanding of role of community agencies and organizations.,2011
50145,MUSIC AND RHYTHMS IN PREPRIMARY EDUCATION ,ECED,Special approval from instructor. Graduate standing.,,Comprehensive coverage of music and rhythms for preprimary child. Intended for early childhood education majors or other persons desiring additional work in music with preprimary children.,2011
50146,TEACHING WITH MICROCOMPUTERS: EARLY YEARS ,ECED,Graduate standing.,,"Developing competency in teaching with microcomputers in prekindergarten through grade three. Includes laboratory experience in computerized lessons and management and programming in LOGO, field testing of computer-related materials, and a research review.",2011
50147,TEACHING MATHEMATICS: EARLY YEARS ,ECED,Graduate standing.,,Instructional psychology and materials for effective teaching of mathematics in prekindergarten through grade three with a theoretical emphasis on cognitive development.,2011
50151,GUIDANCE OF YOUNG CHILDREN ,ECED,Graduate standing.,,"Principles and practices of appropriate guidance for young children: intervention strategies, resources and materials for guidance.",2011
50153,ORGANIZATION AND SUPERVISION OF EARLY CHILDHOOD CENTERS ,ECED,Grading standing and special approval.,,"Basic guidelines for establishing and supervising early childhood settings for infants, preschool and school age children.",2011
60101,CONSTRUCTIVIST TEACHING IN EARLY CHILDHOOD CLASSROOMS ,ECED,Graduate standing.,,Theorists and researchers with a constructivist orientation will be examined in relationship to teacher beliefs. The course will focus on constructivist practices emphasizing child sensitive curriculum and teaching practices.,2011
60102,DEVELOPING A BALANCED LITERACY PROGRAM ,ECED,Graduate standing.,,An examination of own teaching practice focusing on assessment strategies to inform decision making for individual children and evaluation strategies to fine tune a balanced literacy program.,2011
60111,AUXILIARY SERVICES FOR EARLY CHILDHOOD EDUCATION ,ECED,Graduate standing.,,Current public and private programs for young children as resources for preschool and primary teachers. Methods of initiating and implementing new programs.,2011
60112,HUMANITIES FOR CHILDREN ,ECED,Graduate standing.,,Relevance of humanities as applied to education of young children.,2011
60113,PRESCHOOL EDUCATION ,ECED,Graduate standing.,,In-depth study of curriculum development in preschool programs.,2011
60150,CURRICULUM AND INTERVENTION IN EARLY CHILDHOOD SERVICES ,ECED,Graduate standing and special approval.,,"Overview/comparison of early childhood service approaches: history/issues delivering services; developmentally appropriate practice; and environmental arrangement, how to modify curriculum.",2011
60151,SOCIOMORAL ENVIRONMENT IN EARLY CHILDHOOD EDUCATION ,ECED,Graduate standing.,,"Children's social and moral development will be explored in relationship to the context of primary classrooms. Children's social problem-solving, friendship making, guidance strategies and interventions, building and facilitating classroom communities and promoting caring classrooms will be the focus of this course.",2011
60152,APPLICATION OF SELECTED THEORETICAL PRINCIPLES TO THE DEVELOPMENT OF YOUNG CHILDREN ,ECED,Graduate standing.,,Examination of theories pertaining to child development which have special relevance in understanding and meeting developmental needs of young children. Application of selected theoretical principles to child development.,2011
60153,PLAY IN CHILDHOOD ,ECED,Graduate standing.,,"Examination of the play of children from various theoretical perspectives, the role of the play in development, strategies for facilitation of children's play in various settings.",2011
60154,PRACTICAL APPLICATIONS BIRTH TO FIVE ,ECED,Graduate standing and special approval.,,Practical application of recommended practices for children birth-five. Observation of children in natural environment. Plan/evaluate intervention with families professionals.,2011
60155,INFANT AND TODDLER DEVELOPMENT AND EDUCATION ,ECED,Graduate standing.,,Development from birth through age two. Application of theories to understand infant and toddler behavior and developing infant toddler programs.,2011
60156,FOUNDATIONS IN EARLY CHILDHOOD SERVICES ,ECED,Graduate standing.,,"Issues facing children within family/society; history of early childhood services; theoretical perspectives; implications of childhood disabilities; recommended assessment, intervention and evaluation.",2011
60157,ASSESSMENT/TEACHING EXCEPTIONAL INFANTS AND YOUNG CHILDREN ,ECED,Graduate standing and special approval.,,"Examines a range of systems for comparing and observing early childhood services, practices, young children and families: types and purposes of assessment procedures and instruments, monitoring progress.",2011
60158,RECONCEPTUALIZING EARLY CHILDHOOD CURRICULUM ,ECED,Graduate standing.,,"Course examines postmodern understanding of early childhood education curricula in relationship to teaching (instruction-oriented teaching vs. pedagogy-based teaching). Social, historical, legal, political, international and cultural issues that have affected early childhood education curricula practices will be critically examined.",2011
60159,FAMILY PROFESSIONAL COLLABORATION IN EARLY CHILDHOOD ,ECED,Graduate standing.,,"Examines issues facing families and professionals serving young children who are ""at risk, "" disabled and typically developing.",2011
60160,TYPICAL AND ATYPICAL DEVELOPMENT IN YOUNG CHILDREN ,ECED,Graduate standing and special approval.,,"Overview of typical/atypical development pathways age three to grade three: theories of behavior, implications of atypical development on play/learning; development within ecological framework.",2011
60161,PARENTING EDUCATION: SUPPORTING THE PARENTING PROCESS ,ECED,Graduate standing.,,Exploration of parenting processes through the lifespan with particular focus on how school and nonschool professionals support families and children.,2011
60162,PRACTICAL APPLICATIONS FIVE TO EIGHT ,ECED,Graduate standing and special approval.,,Application of recommended practices for children five to eight. Observation of children in natural environment plan evaluate intervention collaboratively. Sixty clinical field hours. Students are required to complete Bureau of Criminal Investigation and Identification (BCII) and Federal Bureau of Investigation (FBI) background checks and submit the results to authorized personnel at their assigned „school/agency‟ before the first day of the semester in which student teaching/ internship will take place.,2011
60164,APPROPRIATE ASSESSMENT IN EARLY CHILDHOOD EDUCATION ,ECED,graduate standing in Master of Arts in Teaching (MAT) program.,,"Formative evaluation that informs curriculum planning for children age 3 to grade 3. Seamless assessment of both emergent academic abilities and specific content areas such as math, science and literacy will be examined.",2011
60165,PRINCIPLES OF SOCIAL LEARNING APPLIED TO EARLY CHILDHOOD EDUCATION ,ECED,Graduate standing and special approval.,,"Discussion, evaluation and application of contemporary theory and research specifically related to the modification of behavior within the context of the developmental demands of early childhood.",2011
60166,OBSERVATIONAL ANALYSIS OF CLASSROOM INTERACTIONS ,ECED,Grading standing and special approval.,,"A practicum in construction and application of pupil observational assessment instruments for classroom use. Developmental and social psychology research is used to develop assessment items. Emphasis is on analysis of social interaction patterns through narrative and checklist recording, teacher rating scales and sociometric evaluation. Students are required to complete Bureau of Criminal Investigation and Identification (BCII) and Federal Bureau of Investigation (FBI) background checks and submit the results to authorized personnel at their assigned „school/agency‟ before the first day of the semester in which student teaching/ internship will take place.",2011
60167,LANGUAGE AND LITERACY: UNDERSTANDING DEVELOPMENT ,ECED,Graduate standing.,ECED 60152.,The development of language in children from birth through age eight with a focus on the process of typical language development and the diversity of multi-cultural language. Topics specifically related to classroom teaching include the assessment of language delays and disorders and strategies for connecting oral language to literacy in preDepartment.,2011
60168,COGNITIVE DEVELOPMENT IN EARLY CHILDHOOD EDUCATION ,ECED,Graduate standing and special approval.,,"Survey of changes in child's systems of processing information from birth through primary school years, and application of these theoretical principles to programs for young children.",2011
60192,EARLY CHILDHOOD SERVICES INTERVENTION METHODS/INTERNSHIP ,ECED,Graduate standing and special approval.,,"Integration of specific strategies for working with children birth to eight with intensive needs (cerebral palsy, spina bifida, autism) with internship. Ninety field clinical hours. Students are required to complete Bureau of Criminal Investigation and Identification (BCII) and Federal Bureau of Investigation (FBI) background checks and submit the results to authorized personnel at their assigned „school/agency‟ before the first day of the semester in which student teaching/ internship will take place.",2011
60199,THESIS I ,ECED,Graduate standing and special approval.,,"Thesis students must register for a total of 6 hours, 2 to 6 hours in a single semester distributed over several semesters if desired.",2011
60299,THESIS II ,ECED,ECED 60199. Graduate standing.,,Thesis students must continue registration each semester until all degree requirements are met.,2011
67291,SEMINAR IN EARLY CHILDHOOD EDUCATION ,ECED,Graduate standing and special approval.,,Seminar in early childhood education.,2011
67292,PRACTICUM AND INTERNSHIP IN EARLY CHILDHOOD EDUCATION ,ECED,Graduate standing.,,Practicum/internship in early childhood education. Students are required to complete Bureau of Criminal Investigation and Identification (BCII) and Federal Bureau of Investigation (FBI) background checks and submit the results to authorized personnel at their assigned „school/agency‟ before the first day of the semester in which student teaching/ internship will take place.,2011
67295,SPECIAL TOPICS IN EARLY CHILDHOOD EDUCATION ,ECED,Graduate standing and special approval.,,Special topics in early childhood education.,2011
67296,INDIVIDUAL INVESTIGATION IN EARLY CHILDHOOD EDUCATION ,ECED,Graduate standing and permission.,,Individual investigation in early childhood education.,2011
67298,RESEARCH IN EARLY CHILDHOOD EDUCATION ,ECED,Graduate standing and special approval.,,Research in early childhood education.,2011
70093,VARIABLE TITLE WORKSHOP IN EARLY CHILDHOOD EDUCATION ,ECED,Doctoral standing and special approval.,,,2011
70101,CONSTRUCTIVIST TEACHING IN EARLY CHILDHOOD CLASSROOMS ,ECED,Doctoral standing.,,Theorists and researchers with a constructivist orientation will be examined in relationship to teacher beliefs. The course will focus on constructivist practices emphasizing child-sensitive curriculum and teaching practices.,2011
70102,DEVELOPING A BALANCED LITERACY PROGRAM ,ECED,Doctoral standing.,,An examination of own teaching practice focusing on assessment strategies to inform decision-making for individual children and evaluation strategies to fine tune a balanced literacy program.,2011
70111,AUXILIARY SERVICES FOR EARLY CHILDHOOD EDUCATION ,ECED,Doctoral standing.,,Current public and private programs for young children as resources for preschool and primary teachers. Methods of initiating and implementing new programs.,2011
70112,HUMANITIES FOR CHILDREN ,ECED,Doctoral standing.,,Relevance of humanities as applied to education of young children.,2011
70113,PRESCHOOL EDUCATION ,ECED,Doctoral standing.,,In-depth study of curriculum development in preschool programs.,2011
70151,SOCIOMORAL ENVIRONMENT IN EARLY CHILDHOOD EDUCATION ,ECED,Doctoral standing.,,"Children's social and moral development will be explored in relationship to the context of primary classrooms. Children's social problem-solving, friendship- making, guidance strategies and interventions, building and facilitating classroom communities and promoting caring classrooms will be the focus of this course.",2011
70152,APPLICATION OF SELECTED THEORETICAL PRINCIPLES TO THE DEVELOPMENT OF YOUNG CHILDREN ,ECED,Doctoral standing.,,Examination of theories pertaining to child development which have special relevance in understanding and meeting developmental needs of young children. Application of selected theoretical principles to child development.,2011
70153,PLAY IN CHILDHOOD ,ECED,Doctoral standing.,,"Examination of the play of children from various theoretical perspectives, the role of the play in development, strategies for facilitation of children's play in various settings.",2011
70154,PRACTICAL APPLICATIONS BIRTH TO FIVE ,ECED,Doctoral standing.,,Practical application of recommended practices for children birth-five. Observation of children in natural environment. Plan/evaluate intervention with families/ professionals.,2011
70155,INFANT AND TODDLER DEVELOPMENT AND EDUCATION ,ECED,Doctoral standing.,,Development from birth through age two. Application of theories to understand infant and toddler behavior and developing infant/toddler programs.,2011
70158,RECONCEPTUALIZING EARLY CHILDHOOD CURRICULUM ,ECED,Doctoral standing.,,"Course examines postmodern understanding of early childhood education curricula in relationship to teaching (instruction-oriented teaching vs. pedagogy-based teaching). Social, historical, legal, political, international and cultural issues that have affected early childhood education curricula practices will be critically examined.",2011
70161,PARENTING EDUCATION:SUPPORTING THE PARENTING PROCESS ,ECED,Doctoral standing.,,Exploration of parenting processes through the lifespan with particular focus on how school and nonschool professionals support families and children.,2011
70164,APPROPRIATE ASSESSMENT IN EARLY CHILDHOOD EDUCATION ,ECED,doctoral standing.,,"Formative evaluation that informs curriculum planning for children age 3 to grade 3. Seamless assessment of both emergent academic abilities and specific content areas such as math, science and literacy will be examined.",2011
70165,PRINCIPLES OF SOCIAL LEARNING APPLIED TO EARLY CHILDHOOD EDUCATION ,ECED,Doctoral standing and special approval.,,"Discussion, evaluation and application of contemporary theory and research specifically related to the modification of behavior within the context of the developmental demands of early childhood.",2011
70166,OBSERVATIONAL ANALYSIS OF CLASSROOM INTERACTIONS ,ECED,Doctoral standing and special approval.,,"A practicum in construction and application of pupil observational assessment instruments for classroom use. Developmental and social psychology research is used to develop assessment items. Emphasis is on analysis of social interaction patterns through narrative and checklist recording, teacher rating scales and sociometric evaluation. Students are required to complete Bureau of Criminal Investigation and Identification (BCII) and Federal Bureau of Investigation (FBI) background checks and submit the results to authorized personnel at their assigned „school/agency‟ before the first day of the semester in which student teaching/ internship will take place.",2011
70167,LANGUAGE AND LITERACY: UNDERSTANDING DEVELOPMENT ,ECED,Doctoral standing.,,"The development of language in children from birth through age eight with a focus on the process of typical language development and the diversity of multi-cultural language. Topics specifically related to classroom teaching include the assessment of language, delays and disorders and strategies for connecting oral language to literacy in preDepartment.",2011
70168,COGNITIVE DEVELOPMENT IN EARLY CHILDHOOD EDUCATION ,ECED,Doctoral standing and special approval.,,"Survey of changes in child's systems of processing information from birth through primary school years, and application of these theoretical principles to programs for young children.",2011
77291,SEMINAR IN EARLY CHILDHOOD EDUCATION ,ECED,Doctoral standing and special approval.,,Seminar in ECED.,2011
77292,PRACTICUM AND INTERNSHIP IN EARLY CHILDHOOD EDUCATION ,ECED,Doctoral standing and special approval.,,Practicum/internship in ECED. Students are required to complete Bureau of Criminal Investigation and Identification (BCII) and Federal Bureau of Investigation (FBI) background checks and submit the results to authorized personnel at their assigned „school/agency‟ before the first day of the semester in which student teaching/ internship will take place.,2011
77295,SPECIAL TOPICS IN EARLY CHILDHOOD EDUCATION ,ECED,Doctoral standing and special approval.,,Special topics in ECED.,2011
80291,ADVANCED SEMINAR IN EARLY CHILDHOOD EDUCATION ,ECED,Doctoral standing and permission.,,Advanced seminar in ECED.,2011
80292,ADVANCED PRACTICUM AND INTERNSHIP IN EARLY CHILDHOOD EDUCATION ,ECED,Doctoral standing and special approval.,,Advanced Practicum and Internship in ECED. Students are required to complete Bureau of Criminal Investigation and Identification (BCII) and Federal Bureau of Investigation (FBI) background checks and submit the results to authorized personnel at their assigned „school/agency‟ before the first day of the semester in which student teaching/ internship will take place.,2011
80295,SPECIAL TOPICS IN EARLY CHILDHOOD EDUCATION ,ECED,Doctoral standing and special approval.,,Special topics in ECED.,2011
80296,INDIVIDUAL INVESTIGATION IN EARLY CHILDHOOD EDUCATION ,ECED,Doctoral standing and special approval.,,Individual investigation in ECED.,2011
80298,RESEARCH IN EARLY CHILDHOOD EDUCATION ,ECED,Doctoral standing.,,Research in ECED.,2011
