50196,INDIVIDUAL INVESTIGATION IN ENVIRONMENTAL HEALTH SCIENCES,EHS,graduate standing and special approval.,,(repeatable for maximum 6 credits) Individual graduate investigation or research in areas related to environmental health sciences.,2011
52018,ENVIRONMENTAL HEALTH CONCEPTS IN PUBLIC HEALTH ,EHS,graduate standing.,,Provides a comprehensive overview of the core topics in environmental health as related to public health.,2011
53009,EMERGING ENVIRONMENTAL HEALTH ISSUES AND RESPONS ,EHS,graduate standing.,,Provides an overview of emerging environmental health issues that will impact the public's health.,2011
53012,ENVIRONMENTAL AND OCCUPATIONAL HEALTH ,EHS,graduate standing.,,"Survey of major concepts and issues relating health and safety in the workplace. Emphasis is on the application of public health principles and decision-making practices used by various worker populations for the prevention of injury and disease on the job. Protective equipment, hazardous conditions, environmental toxins, risk assessment and prevention science guides discussions.",2011
63010,APPLIED RISK ASSESSMENT ,EHS,EPI 52017 and graduate standing.,,"Introduces the student to environmental and occupational hazards, assessing the risks associated with hazard exposure. Standard principles of risk assessment are emphasized including methods of hazard identification and regulation, quantitative exposure measurement, dose and toxicity relationships and risk management. Analysis of public policy regulatory guidance and health advisory watchdog recommendations are evaluated.",2011
63011,APPLICATION OF RISK ANALYSIS IN ENVIRONMENTAL HEALTH ,EHS,EPI 52017 and graduate standing.,,"Students are introduced to methods in risk analysis that are applied by U.S. federal, state, and local agencies in their assessment of chemical toxicants. Linkages between risk assessment, risk management, and risk communication will be studied as components of this process, along with issues and controversies in the analysis of environmental health risks.",2011
