10160,INTRODUCTION TO GEOGRAPHY ,GEOG,,,"Emphasizes processes that generate diverse global human and environmental patterns. Interaction of geographical elements as expressed in spatial organization of cities, land use and cultural and political regions.",2011
16001,SOIL AND HORTICULTURAL MANAGEMENT ,GEOG,,,"To provide students with an understanding of the relationship of soil, nutrients and fertilizers, and to understand how to properly plant trees, shrubs and flowers. Offered at Salem campus only.",2011
17063,WORLD GEOGRAPHY ,GEOG,,,Examination and comparison of geographic conditions in different regions of the world. Stresses inter-relationships between people and resources within and between regions and countries.,2011
17064,GEOGRAPHY OF THE UNITED STATES AND CANADA ,GEOG,,,Analysis of the spatial patterns of significant human and physical characteristics and interpretation of the major regions within the two nations.,2011
20195,SPECIAL TOPICS IN GEOGRAPHY ,GEOG,,,Explores emerging topics in geography not covered in other existing courses. Variable content course. Repeated registration permitted.,2011
20977,SURVEY OF GEOGRAPHY ,GEOG,Geography (GEOG) major.,,Introduces geography as a professional discipline; presents faculty and their research interests.,2011
21062,PHYSICAL GEOGRAPHY ,GEOG,,,"Introduction to the study of the spatial characteristics of the Earth's physical environment, including how humans interact with it. Topics include weather and climate, vegetation, soils, ecosystems, landforms and land-formation processes, human impacts on Earth systems and human societal adaptations to the physical environment.",2011
21063,PHYSICAL GEOGRAPHY LABORATORY ,GEOG,,GEOG 21062.,"Practical experience examining physical geographic processes, including the study and manipulation of map projections, Earth-sun relationships and experiments relating to the atmosphere, biosphere, lithosphere and hydrosphere. Corequisite: GEOG 21062.",2011
22040,INTRODUCTION TO GLOBAL TOURISM ,GEOG,,,"Introduction to travel and tourism around the world, including tourism technologies, cultural and natural environments as attractions benefits of travel, travel ethics, and sustainable development.",2011
22061,HUMAN GEOGRAPHY ,GEOG,,,"Introduction to the field of human geography. Topics include population migration, folk and popular culture, language, religion, ethnicity, political geography, development, agriculture, industry, services, urban patterns and resource problems. Emphasis is placed on historic and current spatial patterns and reasons for their change.",2011
29160,MAPPING OUR WORLD ,GEOG,,,"Introduction to maps and their uses, stressing their importance as a vehicle for understanding and communicating information about our world and its spatial characteristics.",2011
31062,FUNDAMENTALS OF METEOROLOGY ,GEOG,,,"Analysis of weather elements emphasizing energy exchanges and controls, and atmospheric circulation. Methods of weather prediction and man's modification of weather are highlighted.",2011
31064,PRINCIPLES OF CLIMATOLOGY ,GEOG,GEOG 31062.,,"A study of the physical processes causing the distribution of world climates. Focus on local and urban climates, climatic change and societal impacts of climate.",2011
31070,POPULATION AND THE ENVIRONMENT ,GEOG,,,"This course examines the interrelations of population growth, resource depletion and the environment from a geographic perspective including the principal themes of space and place.",2011
31080,GEOGRAPHY OF WINE ,GEOG,,,"Examines the physical environment of viticulture including climate, soil and farm practices; the cultural tradition of wine making, consumption and trade; and regional production styles.",2011
32080,POLITICS AND PLACE ,GEOG,,,"Spatial aspects of political behavior as manifested in boundary changes, the sizes of states, interstate relations and spatial organization.",2011
34070,ECONOMIC GEOGRAPHY ,GEOG,,,"Study of worldwide variations in economic activities, emphasizing both the reasons for and the significance of these variations.",2011
35065,GEOGRAPHY OF TRANSPORTATION AND SPATIAL INTERACTION ,GEOG,,,"Spatial interaction. Study of flows, networks and integrated systems at different spatial scales. Transport and economic development. Models and methods of analysis.",2011
36065,CITIES AND URBANIZATION ,GEOG,,,"Course examines what is a city, how it has evolved over time under changing economic conditions, what is its internal structure and how this has been influenced by transportation developments. Special attention is paid to the causes and consequences of social diversity within the city and how cities differ throughout the world.",2011
37010,GEOGRAPHY OF OHIO ,GEOG,junior standing.,,"Study of Ohio as a distinctive region, its environment and the varied characteristics of its population, its historical geographic development and contemporary patterns and problems.",2011
37040,GEOGRAPHY OF AFRICA ,GEOG,,,"This course deals with the complex geographical and cultural elements in Africa. It demonstrates how the interaction of these elements has affected Africa's linkages to other continents especially North America. Furthermore it, discusses how this diversity has affected Africa's economic development and political evolution.",2011
37050,GEOGRAPHY OF RUSSIA AND THE COMMONWEALTH OF INDEPENDENT STATES ,GEOG,,,"Study of the physical, economical, political and cultural geography of Russia, Ukraine, Central Asia and other components of the former Soviet Union.",2011
37066,GEOGRAPHY OF EUROPE ,GEOG,,,"Examination of the cultural, economic, political and physical geography of Western and Eastern Europe (excluding the former USSR).",2011
37070,GEOGRAPHY OF EAST AND SOUTHEAST ASIA ,GEOG,,,"Analysis of the physical and cultural geography of East and Southeast Asia, extending from Japan and China to Burma and Indonesia.",2011
37079,GEOGRAPHY OF SOUTH ASIA ,GEOG,,,"Physical and cultural geography of South Asian region including India, Pakistan, Bangladesh, Nepal, Bhutan and the Maldive Islands.",2011
37084,GEOGRAPHY OF SOUTH AMERICA ,GEOG,,,"Overview of region and survey of each country emphasizes systematic similarities and differences in physical environment, culture, economic development, population, land use, politics and history.",2011
37085,GEOGRAPHY OF CENTRAL AMERICA AND MEXICO ,GEOG,,,"Geographic analysis and interpretation of major regions of Central America, Mexico and the Caribbean. Evaluation of physical environments and development problems.",2011
39002,STATISTICAL METHODS IN GEOGRAPHY ,GEOG,MATH 11009 or MATH 11010 or MATH 10041.,,"Explores probability theory, spatial statistics, estimation procedures, hypothesis testing, spatial sampling, methods of areal association and regression analysis. Geographic applications are emphasized.",2011
39161,INTRODUCTION TO CARTOGRAPHY ,GEOG,GEOG 29160 and MATH 10041.,GEOG 39162.,"Map making from compilation through reproduction; development of skills in drafting, generalization, symbolization, design familiarization with relief representation, statistical maps and map projections.",2011
39162,INTRODUCTION TO CARTOGRAPHY LABORATORY ,GEOG,,GEOG 39161.,"Practical experience in mapmaking. Actual map compilation design, drafting and reproduction is stressed. Corequisite: GEOG 39161.",2011
40093,VARIABLE TITLE WORKSHOP IN GEOGRAPHY S/,GEOG,Permission.,,u graded.,2011
40191,SEMINAR IN GEOGRAPHY ,GEOG,Junior standing and geography (GEOG) major.,,Advanced study of the historical development of geography and of contemporary issues in the field. Emphasis on methods of geographic investigation and presentation of results. Repeatable for a total of 6 credit hours.,2011
40192,PRACTICUM IN GEOGRAPHY ,GEOG,Permission.,,Practical experience in using or teaching geographic techniques and/or problem-solving. Faculty supervised. Repeated registration permitted.,2011
40195,SPECIAL TOPICS IN GEOGRAPHY ,GEOG,pecial approval.,,,2011
40292,FIELD EXPERIENCE IN GEOGRAPHY ,GEOG,pecial approval.,,Examination of geographic landscapes in the field.,2011
40392,PRACTICUM IN EMERGING GEOGRAPHIC TRENDS ,GEOG,pecial approval.,,Examination of newly emerging geographic topics and techniques.,2011
40996,INDIVIDUAL INVESTIGATION IN GEOGRAPHY ,GEOG,Permission.,,Individual undergraduate investigation or research on specific geographical problems.,2011
41050,POLAR AND ALPINE ENVIRONMENTS ,GEOG,GEOG 21062.,,"The geographic features of the Earth's cold treeless regions are examined including climate, soils, glaciers, permafrost, plant and animal life and human activities.",2011
41052,GLACIERS AND GLACIATION ,GEOG,GEOG 21062 or GEOL 11040.,,"Examination of how glacial ice masses change the shape of the Earth's surface, how they are integral to climate and sea level change, and how they pose high risk hazards.",2011
41062,ADVANCED PHYSICAL GEOGRAPHY ,GEOG,GEOG 21062.,,Advanced systematic analysis of the elements of physical geography. Specific analytical methodologies and their application to physical geography are also discussed.,2011
41066,CLIMATE CHANGE AND ITS IMPACT ,GEOG,GEOG 31062 and GEOG 31064.,,"Examination of the evidence and causes of climate change and how these data are assessed. Past, present and future impacts of climate change and variability are discussed along with policy implications.",2011
41073,CONSERVATION OF NATURAL RESOURCES ,GEOG,,,Evaluation of past and current problems associated with the management of natural resources and the environments associated with their utilization.,2011
41074,RESOURCE GEOGRAPHY ,GEOG,Junior standing.,,Culture-technology and distance in relation to resource adequacy and management concepts for societal decisions about common property and situations with external economies.,2011
41082,GEOGRAPHY OF SOILS ,GEOG,GEOG 21062 or GEOL 11040.,,"An edaphological approach to soils including morphology, formation, classification, geographical distribution and utilization. Field work required.",2011
42040,TOURISM DEVELOPMENT AND RECREATIONAL TRAVEL ,GEOG,RPTM 36060.,,Investigation of travel and tourism development using an interdisciplinary social science approach.,2011
42052,MEDICAL GEOGRAPHY ,GEOG,GEOG 22061.,,Geographic patterns of morbidity and mortality in the past and the present; diffusion of diseases and medicine; health in Third World emphasized.,2011
42064,HISTORICAL GEOGRAPHY OF THE UNITED STATES AND CANADA ,GEOG,GEOG 17064.,,"Regional origins and growth, evolution of spatial organization, changing evaluation of environments, and past geographies in United States and Canada from pre-Colonial times on.",2011
44010,GEOGRAPHY OF THE GLOBAL ECONOMY ,GEOG,GEOG 34070 or ECON 22061.,,"Geographic analysis of the increasing interconnectedness of economic activity. The social, technological and political changes associated with globalization are also discussed.",2011
44070,SPATIAL ANALYSIS AND LOCATION THEORY ,GEOG,,,"Classical theories for location of economic activities and contemporary approach of spatial analysis, spatial organization of economic systems behavioral models in economic geography spatial allocation problems.",2011
45085,URBAN TRANSPORTATION ,GEOG,,,"Spatial analysis of urban transportation, travel behavior, modes. Trip generation and distribution models, transportation planning, urban transportation problems.",2011
46035,MARKETING GEOGRAPHY ,GEOG,GEOG 36065.,,"Study of spatial arrangements and functions of market centers and the internal spatial patterns of retail stores, location analysis and site selection. Practicum required.",2011
46065,ADVANCED URBAN GEOGRAPHY ,GEOG,GEOG 36065.,,Investigation of advanced concepts pertaining to the spatial structure of urban areas.,2011
46070,URBAN AND REGIONAL PLANNING ,GEOG,,,Analysis of geographical aspects of planning for cities and regions.,2011
46092,INTERNSHIP IN GEOGRAPHY AND PLANNING ,GEOG,Controlled registration admission competitive based on student's skills and interests and on number of positions available.,,"Pre-professional work experience in local, regional and environmental planning agencies and in business designed to utilize and develop academic skills.",2011
49070,GEOGRAPHIC INFORMATION SCIENCE ,GEOG,At least 6 hours of geography.,,"Introduction to theories and methods for geographic data processing, including data capture and input data storage and management and data analysis and displays. Emphasis is on laboratory exercises using GIS software packages for real world applications.",2011
49076,SPATIAL PROGRAMMING ,GEOG,GEOG 49070.,,"Examination of the design, development and use of geographic information technologies with computer programming to model, process and visualize geographic phenomena.",2011
49080,ADVANCED GEOGRAPHIC INFORMATION SCIENCE ,GEOG,GEOG 49070.,,"Advanced theories and techniques for handling geographic information systems, including 2D and 3D processing of geographic information, detection and analysis of geographic patterns, 2D and 3D mapping of geographic information, modeling of geographic processes, and an overview of GIS programming tools.",2011
49098,RESEARCH IN GEOGRAPHIC INFORMATION TECHNOLOGY ,GEOG,Special approval.,,Individual research on a topic in geographic information technology.,2011
49162,ADVANCED CARTOGRAPHY ,GEOG,GEOG 39161.,GEOG 49163.,"Study of the design and production of complex maps. Symbolization, composition and color utilization.",2011
49163,ADVANCED CARTOGRAPHY LABORATORY ,GEOG,,GEOG 49162.,Practical experience in the techniques of production and reproduction of maps. Corequisite: GEOG 49162.,2011
49165,GEOMAPPING ,GEOG,GEOG 39002 or GEOG 39161.,,"Information theory, data collection, automated mapping systems. Representation of surfaces lines and points, geographic data structures and applications. Mapping by line printer, interactive terminals.",2011
49198,RESEARCH IN CARTOGRAPHY AND GIS,GEOG,Permission.,,(repeated registration permitted) individual research on a topic in cartography or GIS under the direction of any faculty member.,2011
49210,EARTH IMAGERY ,GEOG,GEOG 29160.,,"The student following this course will be introduced to the full variety of methods of imaging the Earth for environmental analysis, including satellite methods.",2011
49211,EARTH IMAGERY LABORATORY ,GEOG,,GEOG 49210.,"This course will support the lecture course, Earth Imagery by giving the student exposure to the methods of manual measurement and interpretation of images. Corequisite: GEOG 49210.",2011
49230,REMOTE SENSING ,GEOG,,,Computer analysis of multispectral satellite datasets. Applications in Terrestrial Earth Science are emphasized.,2011
49480,FIELD STUDY IN GEOGRAPHY ,GEOG,Geography major.,,"Present methods of planning and structuring field studies, the techniques of mapping and data gathering in the analysis of local field problems.",2011
49482,FIELD STUDY OF SELECTED RURAL AND URBAN AREAS ,GEOG,Permission.,,Field studies of rural and urban regional problems in the united states and Canada. One month or more in field written report on findings. Limited to 15 students. Students pay for own board and laboratory fee to university. Special fee on actual cost basis.,2011
49890,APPLIED GEOGRAPHY ,GEOG,10 undergraduate geography hours.,,"Detailed investigation of application of geographic techniques and knowledge toward problem solving in the ""real world.""",2011
50093,VARIABLE TITLE WORKSHOP IN GEOGRAPHY ,GEOG,Graduate standing.,,Variable title workshop in geography.,2011
50195,SPECIAL TOPICS IN GEOGRAPHY ,GEOG,Graduate standing.,,Topics vary according to research interest of person teaching the course.,2011
50292,FIELD EXPERIENCE IN GEOGRAPHY ,GEOG,Special approval and graduate standing.,,Examination of geographic landscapes in the field.,2011
50392,PRACTICUM IN EMERGING GEOGRAPHIC TRENDS ,GEOG,Special approval and graduate standing.,,Examination of newly emerging geographic topics and techniques.,2011
51050,POLAR AND ALPINE ENVIRONMENTS ,GEOG,GEOG 21062 and graduate standing.,,"The geographic features of the earth's cold treeless regions are examined including climate, soils, glaciers, permafrost, plant and animal life and human activities.",2011
51052,GLACIERS AND GLACIATION ,GEOG,Graduate standing.,,"Examination of how glacial ice masses change the shape of the earth's surface, how they are integral to climate and sea level change and how they pose high risk hazards.",2011
51062,ADVANCED PHYSICAL GEOGRAPHY ,GEOG,Graduate standing.,,Advanced systematic analysis of the elements of physical geography. Specific methodologies and their application to physical geography are also discussed.,2011
51066,CLIMATE CHANGE AND ITS IMPACTS ,GEOG,Graduate standing.,,"Examination of the evidence and causes of climate change and how these data are assessed. Past, present and future impacts of climate change and variability are discussed along with policy implications.",2011
51073,CONSERVATION OF OUR NATURAL RESOURCES ,GEOG,Graduate standing.,,Evaluation of past and current problems associated with the management of natural resources and the environments associated with their utilization.,2011
51074,RESOURCE GEOGRAPHY ,GEOG,Graduate standing.,,"Cultural attitudes, conceptual approaches and techniques in resource geography analysis of selected resource issues at various areal scales.",2011
51082,GEOGRAPHY OF SOILS ,GEOG,Graduate standing.,,Study and analysis of different soil types in their relation to geographic factors.,2011
52052,MEDICAL GEOGRAPHY ,GEOG,Graduate standing.,,"Examines the geographic patterns of morbidity and mortality, environmental correlates of major diseases and disease diffusion. Locational and accessibility issues of health care are discussed.",2011
52064,HISTORICAL GEOGRAPHY OF THE UNITED STATES AND CANADA ,GEOG,Graduate standing.,,"Study of regional origins, growth evolution of spatial organization changing evaluation of environments and selective geographies in united states and Canada from pre-colonial times to present.",2011
54010,GEOGRAPHY OF THE GLOBAL ECONOMY ,GEOG,graduate standing.,,"Geographic analysis of the increasing interconnectedness of economic activity. The social, technological and political changes associated with globalization are also discussed.",2011
54070,SPATIAL ANALYSIS AND LOCATION THEORY ,GEOG,Graduate standing.,,"Classical theories for location of economic activities and contemporary approach of spatial analysis, spatial organization of economic systems behavioral models in economic geography and spatial allocation problems.",2011
55085,URBAN TRANSPORTATION ,GEOG,Graduate standing.,,"Spatial interaction patterns in urban environments. Travel behavior, commodity flows, traffic patterns and urban transportation systems. Urban transportation problems. Theoretical developments and techniques of analysis in urban transportation.",2011
56035,MARKETING GEOGRAPHY ,GEOG,Graduate standing.,,Study of spatial arrangement and functions of market centers and the internal spatial patterns of retail-wholesale facilities in urban areas.,2011
56065,ADVANCED URBAN GEOGRAPHY ,GEOG,Graduate standing.,,Investigation of advanced concepts pertaining to the spatial structure of urban areas.,2011
56070,URBAN AND REGIONAL PLANNING ,GEOG,Graduate standing.,,Analysis of the geographical aspects of planning for cities and regions.,2011
56092,INTERNSHIP IN GEOGRAPHY AND PLANNING ,GEOG,Special approval and graduate standing.,,"Pre professional work experience in local, regional and environmental planning agencies and private business designed to utilize and develop academic skills.",2011
59070,GEOGRAPHIC INFORMATION SCIENCE ,GEOG,Graduate standing.,,"Introduction to theories and methods for geographic data processing, including data capture and input, data storage and management, and data analysis and displays. Emphasis is on laboratory exercises using GIS software packages for real world applications.",2011
59076,SPATIAL PROGRAMMING ,GEOG,GEOG 59070 and graduate standing.,,"Examination of the design, development and use of geographic information technologies with computer programming to model, process and visualize geographic phenomena.",2011
59080,ADVANCED GEOGRAPHIC INFORMATION SCIENCE ,GEOG,GEOG 4/59070 and graduate standing.,,"Advanced theories and techniques for handling geographic information systems, including 2D and 3D processing of geographic information, detection and analysis of geographic patterns, 2D and 3D mapping of geographic information, modeling of geographic processes and an overview of GIS programming tools.",2011
59162,ADVANCED CARTOGRAPHY ,GEOG,GEOG 39161 and graduate standing.,GEOG 5/79163.,"Study of the design and production of complex maps, symbolization, composition and color utilization.",2011
59163,ADVANCED CARTOGRAPHY LABORATORY ,GEOG,Graduate standing.,,Practical experience in the techniques of the production and reproduction of maps.,2011
59165,GEOMAPPING ,GEOG,Graduate standing.,,"Information theory, data collection, automated mapping systems, representation of surfaces, lines and points, geographic data structures and applications. Mapping by line printer, plotters and interactive terminals.",2011
59210,EARTH IMAGERY ,GEOG,GEOG 29160 and graduate standing.,,"The student in this course will be introduced to the full variety of methods of imaging the earth for environmental analysis, including satellite methods.",2011
59211,EARTH IMAGERY LABORATORY ,GEOG,,GEOG 5/79210 and graduate standing.,"This course will support the lecture course, Earth Imagery by giving the student exposure to the methods of manual measurement and interpretation of images. Corequisite: GEOG 5/79210 and graduate standing.",2011
59230,REMOTE SENSING ,GEOG,graduate standing.,,Computer analysis of multispectral satellite datasets. Applications in Terrestrial Earth Science are emphasized.,2011
59480,FIELD STUDY IN GEOGRAPHY ,GEOG,Special approval and graduate standing.,,"Presents methods of planning and structuring field studies, the techniques of mapping and data gathering in the analysis of local field problems.",2011
59482,FIELD STUDY OF SELECTED RURAL AND URBAN AREAS ,GEOG,Special approval of instructor and graduate standing.,,Field studies of rural and urban regional problems in the United States or Canada. One month or more in field; written report on findings. Limited to 15 students. Students pay for own board and laboratory fee to university.,2011
59890,APPLIED GEOGRAPHY ,GEOG,Graduate standing.,,"Detailed investigation of application of geographic techniques and knowledge toward problem solving in the ""real world.""",2011
60191,SEMINAR IN TOPICAL GEOGRAPHY ,GEOG,Graduate standing.,,Seminar in one of the major topical fields in geography offered by title in given semester.,2011
60197,INTRADEPARTMENTAL COLLOQUIUM ,GEOG,Graduate standing.,,One hour credit per semester.,2011
60199,THESIS I ,GEOG,Graduate standing.,,"Thesis students must register for a total of 6 hours, 2 to 6 hours in single semester distributed over several semesters if desired.",2011
60299,THESIS II ,GEOG,GEOG 60199 and graduate standing.,,Thesis students must continue registration each semester until all degree requirements are met.,2011
60800,SEMINAR IN THE DEVELOPMENT OF GEOGRAPHIC THOUGHT ,GEOG,Graduate standing.,,Development of geographic knowledge and concepts with emphasis on recent development. Critical analysis of writings of representative geographers and scientists in related fields.,2011
60881,CONTEMPORARY ISSUES IN GEOGRAPHY ,GEOG,Graduate standing.,,"Review of some of the important philosophical, methodological and contextual research areas in geography. Designed to expose students to potential research areas.",2011
60996,RESEARCH IN GEOGRAPHY ,GEOG,Special approval and graduate standing.,,Individual research problems in geography.,2011
60998,RESEARCH ,GEOG,Graduate standing.,,Research or individual investigation for master's level graduate students. Credits earned may be applied toward meeting degree requirements if the department approves. Repeated registration permitted.,2011
62062,BEHAVIORAL GEOGRAPHY ,GEOG,Graduate standing.,,"Focuses on spatial perception, cognition and behavior. How we collect and process spatial information, behavior in space, locate space and interact in space.",2011
64040,SEMINAR IN ECONOMIC GEOGRAPHY ,GEOG,Graduate standing.,,"Survey of recent literature in economic geography, including industrial and technological change services and the world economy.",2011
67091,SEMINAR IN REGIONAL GEOGRAPHY ,GEOG,Graduate standing.,,Seminar on one of the major regions of world offered by title in given semester.,2011
69004,ANALYSIS OF SPATIAL DATA ,GEOG,GEOG 39002 and graduate standing.,,"Application of distance measures and taxonomic techniques, analysis of association between different distributions, explanation and prediction of spatial and temporal trends--regression methods (linear and nonlinear), trend surface techniques, and spatial auto correlation to the geographic analysis and spatial distributions.",2011
69009,SPATIAL ALGORITHMS ,GEOG,GEOG 4/5/79006 and graduate standing.,,This course explores the methodologies of how to conduct spatial analyses in a computer environment. Half the course will be in a structured teaching context and half will be project work.,2011
69010,URBAN INFORMATION AND SYSTEMS METHODOLOGY ,GEOG,Graduate standing.,,Urban information processing procedures for acquiring and using information; research design which emphasizes systems planning prior to research; quantitative methods and stress analysis of statistical results.,2011
69694,COLLEGE TEACHING OF GEOGRAPHY ,GEOG,Graduate standing.,,Staff training and experience in college teaching. Repeated registration permitted up to 10 hours for doctoral students. Maximum of 3 hours applicable toward master's degree requirements (with department's approval).,2011
69701,RESEARCH AND PRESENTATION OF GEOGRAPHIC DATA ,GEOG,Graduate standing.,,Critical discussion of techniques of geographic research and preparation and presentation of research papers.,2011
70093,VARIABLE TITLE WORKSHOP IN GEOGRAPHY ,GEOG,Doctoral standing.,,Variable title workshop in geography.,2011
70191,SEMINAR IN TOPICAL GEOGRAPHY ,GEOG,Doctoral standing.,,Seminar in one of the major topical fields in geography offered by title in given semester.,2011
70195,SPECIAL TOPICS IN GEOGRAPHY ,GEOG,Doctoral standing.,,Special topics in geography.,2011
70292,FIELD EXPERIENCE IN GEOGRAPHY ,GEOG,Doctoral standing and special approval.,,Examination of geographic landscapes in the field.,2011
70392,PRACTICUM IN EMERGING GEOGRAPHIC TRENDS ,GEOG,Special approval and doctoral standing.,,Examination of newly emerging geographic topics and techniques.,2011
70800,SEMINAR IN THE DEVELOPMENT OF GEOGRAPHIC THOUGHT ,GEOG,Doctoral standing.,,Development of geographic knowledge and concepts with emphasis on recent development. Critical analysis of writings of representative geographers and scientists in related fields.,2011
70881,CONTEMPORARY ISSUES IN GEOGRAPHY ,GEOG,Doctoral standing.,,"Review of some of the important philosophical, methodological and contextual research areas in geography. Designed to expose students to potential research areas.",2011
71050,POLAR AND ALPINE ENVIRONMENTS ,GEOG,GEOG 21062 and doctoral standing.,,"The geographic features of the Earth's cold treeless regions are examined including climate, soils, glaciers, permafrost, plant and animal life and human activities.",2011
71052,GLACIERS AND GLACIATION ,GEOG,Doctoral standing.,,"Examination of how glacial ice masses change the shape of the earth's surface, how they are integral to climate and sea level change and how they pose high risk hazards.",2011
71060,SEMINAR IN PHYSICAL GEOGRAPHY ,GEOG,Doctoral standing.,,Research and investigation concerning theories and concepts relevant to formation of physical elements of earth's environment. Direct and indirect relationships of physical processes human activity and physical environment.,2011
71062,ADVANCED PHYSICAL GEOGRAPHY ,GEOG,Doctoral standing.,,Advanced systematic analysis of the elements of physical geography. Specific methodologies and their application to physical geography are also discussed.,2011
71066,CLIMATE CHANGE AND ITS IMPACTS ,GEOG,Doctoral standing.,,"Examination of the evidence and causes of climate change and how these data are assessed. Past, present and future impacts of climate change and variability are discussed along with policy implications.",2011
71073,CONSERVATION OF OUR NATURAL RESOURCES ,GEOG,Doctoral standing.,,Evaluation of past and current problems associated with the management of natural resources and the environments associated with their utilization.,2011
71074,RESOURCE GEOGRAPHY ,GEOG,Doctoral standing.,,"Cultural attitudes, conceptual approaches and techniques in resource geography; analysis of selected resource issues at various areal scales.",2011
71082,GEOGRAPHY OF SOILS ,GEOG,Doctoral standing.,,Study and analysis of different soil types in their relation to geographic factors.,2011
72052,MEDICAL GEOGRAPHY ,GEOG,Doctoral standing.,,"Examines the geographic patterns of morbidity and mortality, environmental correlates of major diseases and disease diffusion. Locational and accessibility issues of health care are discussed.",2011
72061,SEMINAR IN CULTURAL GEOGRAPHY ,GEOG,Doctoral standing.,,"Investigation of theories, concepts and trends in cultural geography. Impact of beliefs, values and attitudes on rural and urban landscape.",2011
72062,BEHAVIORAL GEOGRAPHY ,GEOG,Doctoral standing.,,"Focuses on spatial perception, cognition and behavior. How we collect and process spatial information behavior in space, locate space and interact in space.",2011
72064,HISTORICAL GEOGRAPHY OF THE UNITED STATES AND CANADA ,GEOG,Doctoral standing.,,"Study of regional origins, growth, evolution of spatial organization, changing evaluation of environments and selective geographies in United States and Canada from pre-colonial times to present.",2011
74010,GEOGRAPHY OF THE GLOBAL ECONOMY ,GEOG,doctoral standing.,,"Geographic analysis of the increasing interconnectedness of economic activity. The social, technological and political changes associated with globalization are also discussed.",2011
74040,SEMINAR IN ECONOMIC GEOGRAPHY ,GEOG,Doctoral standing.,,"Survey of recent literature in economic geography, including industrial and technological change services and the world economy.",2011
74070,SPATIAL ANALYSIS AND LOCATION THEORY ,GEOG,Doctoral standing.,,"Classical theories for location of economic activities and contemporary approach of spatial analysis, spatial organization of economic systems, behavioral models in economic geography and spatial allocation problems.",2011
75065,SEMINAR IN THE GEOGRAPHY OF TRANSPORTATION ,GEOG,Doctoral standing.,,Concepts and theories of distribution of modes of transportation as geographic factor in spatial analysis of integrated regional development.,2011
75085,URBAN TRANSPORTATION ,GEOG,Doctoral standing.,,"Spatial interaction patterns in urban environments. Travel behavior, commodity flows, traffic patterns and urban transportation systems. Urban transportation problems. Theoretical developments and techniques of analysis in urban transportation.",2011
76035,MARKETING GEOGRAPHY ,GEOG,Doctoral standing.,,Study of spatial arrangement and functions of market centers and the internal spatial patterns of retail-wholesale facilities in urban areas.,2011
76065,ADVANCED URBAN GEOGRAPHY ,GEOG,Doctoral standing.,,Investigation of advanced concepts pertaining to the spatial structure of urban areas.,2011
76070,URBAN AND REGIONAL PLANNING ,GEOG,Doctoral standing.,,Analysis of the geographical aspects of planning for cities and regions.,2011
76081,SEMINAR IN URBAN GEOGRAPHY ,GEOG,Doctoral standing.,,Theoretical explanations of urban spatial patterns. Application of contemporary theories concepts and methods to selected urban geographic problems.,2011
77091,SEMINAR IN REGIONAL GEOGRAPHY ,GEOG,Doctoral standing.,,Seminar on one of the major regions of world offered by title in given semester.,2011
79004,ANALYSIS OF SPATIAL DATA ,GEOG,GEOG 39002 and doctoral standing.,,"Application of distance measures and taxonomic techniques, analysis of association between different distributions, explanation and prediction of spatial and temporal trends--regression methods (linear and nonlinear), trend surface techniques, and spatial auto correlation to the geographic analysis and spatial distributions.",2011
79007,QUANTITATIVE METHODS IN GEOGRAPHY ,GEOG,Doctoral standing.,,Quantitative methods in the geographic analysis of spatial phenomena. Statistical methods of regional analysis and synthesis.,2011
79009,SPATIAL ALGORITHMS ,GEOG,GEOG 4/5/79006 and doctoral standing.,,This course explores the methodologies of how to conduct spatial analyses in a computer environment. Half the course will be in a structured teaching context and half will be project work.,2011
79010,URBAN INFORMATION AND SYSTEMS METHODOLOGY ,GEOG,Doctoral standing.,,Urban information processing procedures for acquiring and using information; research design which emphasizes systems planning prior to research quantitative methods and stress analysis of statistical results.,2011
79070,GEOGRAPHIC INFORMATION SCIENCE ,GEOG,Doctoral standing.,,"Introduction to theories and methods for geographic data processing, including data capture and input data storage and management and data analysis and displays. Emphasis is on laboratory exercises using GIS software packages for real world applications.",2011
79076,SPATIAL PROGRAMMING ,GEOG,GEOG 79070 and doctoral standing.,,"Examination of the design, development and use of geographic information technologies with computer programming to model process and visualize geographic phenomena.",2011
79080,ADVANCED GEOGRAPHIC INFORMATION SCIENCE ,GEOG,GEOG 4/5/79070 and doctoral standing.,,"Advanced theories and techniques for handling geographic information systems, including 2D and 3d processing of geographic information, detection and analysis of geographic patterns, 2D and 3D mapping of geographic information, modeling of geographic processes and an overview of GIS programming tools.",2011
79162,ADVANCED CARTOGRAPHY ,GEOG,GEOG 39161 and doctoral standing.,GEOG 5/79163.,"Study of the design and production of complex maps, symbolization composition and color utilization.",2011
79163,ADVANCED CARTOGRAPHY LABORATORY ,GEOG,Doctoral standing.,,Practical experience in the techniques of the production and reproduction of maps.,2011
79165,GEOMAPPING ,GEOG,Doctoral standing.,,"Information theory, data collection, automated mapping systems, representation of surfaces, lines and points, geographic data structures and applications. Mapping by line printer plotters and interactive terminals.",2011
79210,EARTH IMAGERY ,GEOG,GEOG 29160 and doctoral standing.,,"The student in this course will be introduced to the full variety of methods of imaging the earth for environmental analysis, including satellite methods.",2011
79211,EARTH IMAGERY LABORATORY ,GEOG,,GEOG 5/79210 and doctoral standing.,"This course will support the lecture course, Earth Imagery by giving the student exposure to the methods of manual measurement and interpretation of images. Corequisite: GEOG 5/79210 and doctoral standing.",2011
79230,REMOTE SENSING ,GEOG,doctoral standing.,,Computer analysis of multispectral satellite datasets. Applications in Terrestrial Earth Science are emphasized.,2011
79480,FIELD STUDY IN GEOGRAPHY ,GEOG,Special approval and doctoral standing.,,"Presents methods of planning and structuring field studies, the techniques of mapping and data gathering in the analysis of local field problems.",2011
79694,COLLEGE TEACHING OF GEOGRAPHY ,GEOG,Doctoral standing. 2.000 OR,,Staff training and experience in college teaching. Repeated registration permitted up to 10 hours for doctoral students. Maximum of 3 hours applicable toward master's degree requirements (with department's approval).,2011
79808,ADVANCED SPATIAL MULTIVARIATE TECHNIQUES ,GEOG,GEOG 79007 and doctoral standing.,,"Geographic application of multivariate techniques such as: multidimensional scaling, spatial filtering, and linear programming to the spatial analysis of flows, surfaces and distributions.",2011
79890,APPLIED GEOGRAPHY ,GEOG,Doctoral standing.,,"Detailed investigation of application of geographic techniques and knowledge toward problem solving in the ""real world."".",2011
80197,INTRADEPARTMENTAL COLLOQUIUM ,GEOG,Doctoral standing.,,One hour credit per semester.,2011
80199,DISSERTATION I ,GEOG,Special approval and doctoral standing.,,"Doctoral dissertation, for which registration in at least two semesters is required first of which will be semester in which dissertation work is begun and continuing until the completion of 30 hours.",2011
80299,DISSERTATION II ,GEOG,GEOG 80199 and doctoral standing.,,Continuing registration required of doctoral students who have completed the initial 30 hours of dissertation and continuing until all degree requirements are met.,2011
80998,RESEARCH ,GEOG,Doctoral standing.,,Research or individual investigation for doctoral students who have not yet passed their candidacy examination. Credits earned may be applied toward degree if department approves. Repeated registration permitted.,2011
81091,RESEARCH IN PHYSICAL RESOURCES ,GEOG,Doctoral standing. 2.000 OR,,Research on basic processes related to formation of physical environment. Investigation of significant variables in resource utilization relevant to regional planning and development.,2011
81098,RESEARCH IN URBAN CLIMATOLOGY ,GEOG,Doctoral standing. 2.000 OR,,Research on basic climatological processes both macro and micro by use of established instrument stations. Influence of expanding urbanization on climatic modification.,2011
82091,RESEARCH IN HUMAN RESOURCES ,GEOG,Doctoral standing. 2.000 OR,,"Research on basic processes related to formation of cultural environment. Investigation of significant variables in human resource allocation and utilization, manpower, education, etc. as factors in growth and development of region.",2011
89082,FOREIGN FIELD RESEARCH ,GEOG,Special approval and doctoral standing.,,"Application of field, statistical and cartographic techniques to methodological or conceptual problems in foreign region. Emphasis on research design.",2011
89092,GRADUATE FIELD CAMP ,GEOG,Doctoral standing.,,Field research problems involving individual investigation of specific urban or rural region.,2011
89098,RESEARCH IN CARTOGRAPHY ,GEOG,Doctoral standing.,,Investigations into function of map as medium of scientific expression; problem of map design in relation to human perception of graphically expressed spatial information.,2011
