11050,HISTORY OF CIVILIZATION I,HIST,,,(Equivalent to HONR 13197) World history from early human societies through the mid-17th century.,2011
11051,HISTORY OF CIVILIZATION II,HIST,,,(Equivalent to HONR 13297) Continuation of HIST 11050. World history from mid-17th century to the present.,2011
12070,HISTORY OF THE UNITED STATES:THE FORMATIVE PERIOD,HIST,,,(Equivalent to HONR 13397) A survey of United States history through 1877.,2011
12071,HISTORY OF THE UNITED STATES:THE MODERN PERIOD,HIST,,,(Equivalent to HONR 13497) A survey of United States history since 1877.,2011
31009,HISTORY OF BYZANTINE CIVILIZATION ,HIST,,,The Byzantine empire and its culture from the foundation of Constantinople to the Turkish Conquest (A.D. 330-1453).,2011
31024,WORLD WAR II ,HIST,,,"Survey of one of the greatest political and military events in history, focusing especially on causes, major personalities and chief political, ideological, moral, scientific and diplomatic aspects.",2011
31027,HISTORY OF ENGLAND TO 1688 ,HIST,,,"Survey of medieval and early modern England. Topics include Norman Conquest, medieval culture and society, Reformation, Age of Elizabeth, English Revolution.",2011
31028,ENGLAND SINCE 1688 ,HIST,,,"Survey of national development from the Glorious Revolution through the Second World war, with special attention to leaders, prominent individuals and problems of change.",2011
31029,HISTORY OF THE BRITISH EMPIRE AND COMMONWEALTH SINCE 1815 ,HIST,,,"Survey of British colonialism and nation-building with an emphasis on Canada, Australia, Ireland, India and South Africa.",2011
31030,NATO:THE ENDURING ALLIANCE ,HIST,Junior standing or special approval of instructor.,,Examination of the historical and contemporary roles of the North Atlantic Treaty Organization.,2011
31050,HISTORY AND SOCIETY OF MODERN GREECE ,HIST,,,"Study of modern Greece concentrating on political, economic, cultural and societal developments since 1821.",2011
31052,HISTORY OF MODERN FRANCE ,HIST,,,"Survey of French history from 1815 to the present. Topics include industrialization, republicanism and revolution, the experience of war and defeat, empire and decolonization.",2011
31061,HISTORY OF OHIO ,HIST,,,,2011
31070,HISTORY OF AMERICAN BUSINESS ENTERPRISE ,HIST,,,"An analysis of American business institutions, practices and leadership from the colonial period to the present.",2011
31075,HISTORY OF WOMEN IN THE UNITED STATES ,HIST,,,"An exploration of the political, economic, social, intellectual, and cultural forces that have shaped women‟s lives, women‟s thought, perceptions of womanhood, and feminism for 1607 to the present in what is now the United States.",2011
31080,AFRICAN AMERICAN HISTORY: SLAVERY TO FREEDOM ,HIST,,,"Survey of African American history from the colonial period to 1877. Course provides a general knowledge of the social, political and cultural history of African Americans from colonial times to the end of the Reconstruction.",2011
31081,AFRICAN AMERICAN HISTORY: RECONSTRUCTION TO THE PRESENT ,HIST,HIST 31080 or PAS 33101.,,"Survey of African American history from 1877 to the present. Course provides a general knowledge of the social, political and cultural history of African Americans from the end of the Reconstruction to the present.",2011
31112,CHINESE CIVILIZATION ,HIST,,,General survey of evolution of Chinese civilization from the Bronze Age to the rise of communism.,2011
31118,VIETNAM WAR ,HIST,,,"Study of the causes, evolution and effects of warfare in Vietnam from 1946 to 1975 with special attention to colonialism, nationalism, communism and American intervention.",2011
31125,ZIONISM AND ISRAEL ,HIST,,,"Describes history of the Zionist movement from religious, ideological and political viewpoints and the relationship between Zionism and the state of Israel.",2011
31126,HISTORY OF THE MIDDLE EAST ,HIST,,,A survey of Islamic civilization in Middle Eastern context from the earliest days to the present.,2011
31127,ANCIENT AND EARLY MEDIEVAL JEWISH HISTORY ,HIST,,,Deals with the ancient and early medieval Jewish history from approximately 2000 B.C. to approximately 1200 A.D.,2011
31128,LATE MEDIEVAL AND MODERN JEWISH HISTORY ,HIST,,,Survey of Jewish history in Europe and the middle east from the age of the crusades to the 20th century.,2011
31130,HISTORY OF AFRICAN CIVILIZATION ,HIST,,,"Survey of cultural, political, social and economic history of Africa from antiquity to European conquest. Emphasis on pre-colonial.",2011
31140,MODERN LATIN AMERICA ,HIST,,,"Focuses on 20th-century Latin America and the efforts by social classes and their political leaderships to overcome obstacles of underdevelopment. Emphasis on Argentina, Brazil, Chile, Mexico, Cuba and Central America.",2011
31141,EARLY LATIN AMERICA ,HIST,,,Examines Latin America from pre-colonial times to the late 19th century. Lectures emphasize political and economic questions while readings focus on social history.,2011
31143,THE AFRICAN-BRAZILIAN EXPERIENCE IN CULTURE AND LITERATURE,HIST,Junior standing.,,"interdisciplinary approach to the study of the African-Brazilian experience, from the colonial period to the present, as reflected in selected literary, sociocultural and historical texts. Course taught in English.",2011
32050,THE HISTORIAN'S CRAFT ,HIST,History major and 6 hours in history.,,"Introduction to the study and practice of historical writing including historical methods, historiography, primary and secondary source research, critical analysis of documentary sources, historical reasoning and the preparation of written reports. Emphasis on developing effective communication skills and research procedures, record-keeping, citation, and bibliography. Prepares students to do advanced work in history.",2011
38095,SELECTED TOPICS IN HISTORY ,HIST,,,"Special history course, varying in accordance with desire and competence of faculty. Precise title to be inserted in Schedule of Classes.",2011
38997,COLLOQUIUM IN HISTORY ,HIST,,,Various philosophical and methodological approaches to the study of history are considered. Required for those seeking to graduate with honors in history.,2011
40092,INTERNSHIP IN HISTORY ,HIST,Junior standing.,,"Student internship at an institution related to the history major (e.g., historical society, museum, archives, historic preservation organization).",2011
40093,WORKSHOP IN HISTORY ,HIST,,,Special workshop in history. Topic will vary according to professor.,2011
40197,AMERICAN CULTURAL HERITAGE: THE ARTS AND SOCIETY ,HIST,Junior standing and one prior course in history.,,"Examination of music, painting and literature in their cultural contexts during four periods of American history. American studies methodology and interdisciplinary thought.",2011
41000,INTRODUCTION TO PUBLIC HISTORY ,HIST,Junior standing.,,"A survey of public history including: archives, editing, museums and historical agency administration; historic preservation and related skill areas (e.g. artifact analysis, oral history).",2011
41003,HISTORY OF ANCIENT GREECE ,HIST,Junior standing.,,Survey of Greek history from the Bronze Age to the rise of Macedonia and Alexander the Great.,2011
41004,HELLENIC CONTRIBUTIONS TO WESTERN CIVILIZATION ,HIST,Junior standing.,,Major intellectual and cultural achievements of the Greeks ca. 800-350 B.C.,2011
41006,ROMAN HISTORY ,HIST,Junior standing.,,A survey of Roman history from its beginnings to the fall of the Roman empire.,2011
41010,THE EARLY MIDDLE AGES ,HIST,Junior standing.,,"Survey of major political, social and cultural developments of Europe from the fourth through 10th centuries.",2011
41011,THE HIGH MIDDLE AGES ,HIST,Junior standing.,,"Survey of political, social and cultural developments of Europe from 11th through 13th centuries.",2011
41014,EUROPE IN THE RENAISSANCE ,HIST,Junior standing.,,"Analysis of the various factors leading Europe from a rural, feudal, ecclesiastical society to one characterized by urbanism, trade, secularism and the state.",2011
41017,SEVENTEENTH-CENTURY EUROPE ,HIST,Junior standing.,,"This course will analyze those political, economic, social, religious and intellectual factors leading to economic crisis and civil wars in Europe.",2011
41018,EIGHTEENTH-CENTURY EUROPE: AGE OF REVOLUTION ,HIST,Junior standing.,,This course will analyze the many different factors and unresolved crises of the 17th century that led to revolution throughout Europe.,2011
41020,NINETEENTH-CENTURY EUROPE ,HIST,Junior standing.,,"Focus on industrialization and social transformation, political upheavals, intellectual thought, nationalism and foreign policy in Great Britain, France, Prussia and Austria.",2011
41024,"MODERN EUROPEAN HISTORY, 1914-1945 ",HIST,Junior standing.,,"Special attention paid to the two world wars, Bolshevik Revolution, rise of fascism and fate of European Jewry.",2011
41025,MODERN EUROPEAN HISTORY:1945-PRESENT ,HIST,Junior standing.,,"Survey of European political, economic, social and cultural developments since 1945.",2011
41016,THE PROTESTANT AND CATHOLIC REFORMATIONS ,HIST,"Junior standing. HIST 41026 TUDOR ENGLAND 1485-1603 Early modern England with emphasis on Renaissance, Reformation, social change and the Tudor monarchs, Henry VIII and Elizabeth. Prerequisite: Junior standing.",,"Comprehensive course dealing with the religious, political, economic and social change accompanying the religious upheavals of the 16th century.",2011
41040,"HISTORY OF GERMANY, 1648-1871 ",HIST,Junior standing.,,"Focuses on the rise of Prussia, the cultural revival of the 18th century the impact of the French revolution and the process of unification.",2011
41041,"HISTORY OF GERMANY, 1871-PRESENT ",HIST,Junior standing.,,"Focuses on the impact of industrialization, the dilemma of the German left, the rise of Nazism and the emergence of two German states after 1945.",2011
41044,"IMPERIAL RUSSIA, 1689-1917 ",HIST,Junior standing.,,"Study of the entire imperial period, with focus on modernization, state institutions, nationalities, social groups and estates, economy, politics and ideologies, and elite and popular culture.",2011
41045,"MODERN RUSSIA, 1917-PRESENT ",HIST,Junior standing.,,"Focus on 1917 revolutions; Civil War; nationalities question; NEP, collectivization; Great Terror; World War II; Cold War; Soviet Foreign policy and culture; Perestroika and post-Soviet economic, political and ideological changes.",2011
41049,HISTORY OF THE BALKANS:18TH CENTURY-1914 ,HIST,Junior standing.,,"Survey of Albanians, Bulgarians, Greeks, Romanians and South Slavs under Ottoman domination and their struggles for national independence.",2011
41050,HISTORY OF THE BALKANS:1914-PRESENT ,HIST,Junior standing.,,"The Balkans since 1914, including coverage of post-World War II period.",2011
41051,"POLITICS, CULTURE AND SOCIETY OF 20TH-CENTURY EUROPE ",HIST,Junior standing.,,"Political, social and cultural change in Europe during the twentieth century. Topics include violence, war, revolution, economic crises, and social and political changes.",2011
41056,HISTORY OF COLONIAL AMERICA:1492-1714 ,HIST,Junior standing.,,"Major patterns of thought and behavior among Spanish, French and English expansionists; English colonization to 1714.",2011
41057,EIGHTEENTH-CENTURY AMERICA:1714-1789 ,HIST,Junior standing.,,Cultural development of English colonies; Great War for Empire; American Revolution and Constitution.,2011
41058,"JEFFERSON-JACKSON ERA, 1789-1848 ",HIST,Junior standing.,,"Study of the founding and development of the American nation, especially the periods of Jefferson and Jackson.",2011
41060,COMPARATIVE FASCISM ,HIST,junior standing.,,Examination of the theories and practices of fascist movements and regimes in twentieth-century Europe utilizing a variety of perspectives. Organized primarily thematically instead of geographically with readings and discussions based on historiographical and critical analyses.,2011
41062,THE UNITED STATES:THE WESTWARD MOVEMENT ,HIST,Junior standing.,,The process of settlement from its beginnings; consequences for American history.,2011
41065,SECTIONAL CONFLICT AND CIVIL WAR ,HIST,Junior standing.,,"Differences within the United States, including the controversy over slavery; the Civil War in all its aspects.",2011
41066,RECONSTRUCTION AND THE LATER SOUTH ,HIST,Junior standing.,,Controversy during and after the Civil War as to racial and sectional relationships; the post- Reconstruction compromises and their undoing.,2011
41070,AMERICAN SOCIAL AND INTELLECTUAL HISTORY 1790-1876 ,HIST,Junior standing.,,"Major currents of the period: social background of the early republic; religious development; impact of the frontier, abolition. This course may be used to satisfy the university diversity requirement.",2011
41071,"AMERICAN SOCIAL AND INTELLECTUAL HISTORY, 1876-PRESENT ",HIST,Junior standing.,,"Development of social Darwinism, racism, pragmatism, popular arts.",2011
41074,AMERICAN ECONOMIC HISTORY ,HIST,Junior standing.,,Survey of growth and development of American economic and business life from Colonial times to the present.,2011
41075,WAR AND SOCIETY IN THE UNITED STATES FROM 1607 THROUGH 1865 ,HIST,HIST 12070.,,"An examination of the impact of conflict and the military upon the society, culture, economy and diplomacy of the United States. Topics include colonial Indian wars, the Revolutionary War, the War of 1812, the Mexican-American War and the Civil War.",2011
41076,WAR AND SOCIETY IN THE UNITED STATES FROM 1865 TO THE PRESENT ,HIST,HIST 12071.,,"An examination of the impact of conflict and the military on the society, culture, economy and diplomacy of the United States. Topics include the frontier Army, the Spanish-American War and empire in the Pacific, the two world wars, the Cold War and the War on Terror.",2011
41079,"MIGRATIONS TO AMERICA, 1607 TO PRESENT ",HIST,junior standing.,,"Examines the coming together of people from five continents to the United States and provides an overview of shifting patterns of migration both coerced and free to the United States. Starting in the colonial era, when slaves and servants typified the migration to America, this course then follows the migrations of pre-industrial, industrial, and post-industrial immigrants, their reception by American institutions and natives, and their efforts to construct communities in a new country.",2011
41082,CONSTITUTIONAL HISTORY OF THE UNITED STATES 3.000 ,HIST,,,,2011
41083,U.S. FOREIGN RELATIONS THROUGH WORLD WAR I ,HIST,Junior standing.,,The evolution of U.S. foreign policy from its colonial origins through the Paris peace conference of 1919 with special emphasis on the domestic roots of foreign policy.,2011
41084,U.S. FOREIGN RELATIONS FROM 1920 ,HIST,Junior standing.,,The history of U.S. foreign policy from the 1920s on with special emphasis on the evolving role of America as a world power.,2011
41087,"PROGRESSIVE AMERICA:THE UNITED STATES, 1896-1919 ",HIST,Junior standing.,,"Major political, economic, social, cultural and diplomatic events from the crisis of the 1890s through the first World War.",2011
41088,"NEW ERA THROUGH WORLD WAR:THE UNITED STATES, 1920-1945 ",HIST,Junior standing.,,"Major political, economic, social, cultural and diplomatic events from the new era of the 1920s through the second World War.",2011
41089,"RECENT AMERICA: THE UNITED STATES, 1945-PRESENT ",HIST,Junior standing.,,"Examines everyday life and culture, assesses the degree to which presidents and their administrations are the reflections of their constituencies, and evaluates the significant events and themes of U.S. history since 1945.",2011
41097,"COLLOQUIUM: SAINTS, MONKS, AND THE MEDIEVAL COMMUNITY ",HIST,Junior standing.,,Investigates major religious institutions that shaped medieval European society and the impact on popular piety.,2011
41112,HISTORY OF MODERN CHINA ,HIST,Junior standing.,,Disintegration of the Chinese empire amid Western challenge and internal disorder and the subsequent rise of communism.,2011
41116,HISTORY OF JAPAN ,HIST,junior standing.,,General survey of the development of Japan from a loose confederation of clans to a modern industrial state.,2011
41129,"THE HOLOCAUST: THE DESTRUCTION OF EUROPEAN JEWRY, 1938-1945 ",HIST,Junior standing.,,"Analysis of those political, economic, social and intellectual factors leading to systematic destruction of European Jewry during World War II.",2011
41131,HISTORY OF AFRICA TO 1880 ,HIST,Junior standing.,,,2011
41132,"HISTORY OF AFRICA, 1880-PRESENT ",HIST,Junior standing.,,,2011
41135,HISTORY OF WEST AFRICA ,HIST,Junior standing.,,,2011
41789,THE FRENCH REVOLUTION AND NAPOLEON ,HIST,Senior standing.,,"Analysis of the causes of Revolution in France, political, ideological and social conflict in the construction of French democracy expansion of the revolution outside of France.",2011
42140,THE SIXTIES:A THIRD WORLD VIEW ,HIST,Junior standing.,,"Examines the political, social and cultural upheaval of the 1960s in Latin America, Africa and Asia.",2011
42141,COMPARATIVE THIRD WORLD REVOLUTIONS ,HIST,Junior standing.,,"Examination of 20th-century revolutions in Latin America, Africa and Asia focusing on ideologies and political leadership.",2011
42142,AFRO-LATIN AMERICA ,HIST,junior standing.,,"Focuses on the social, cultural and political life of the African population of Latin America, from 19th century slaves to shantytown dwellers of megacities such as Rio de Janiero. Topics include black resistance to racism, race mixture in multicultural societies, and how employment, political participation and family organization empowered the lives of Afro-Latin women.",2011
42297,COLLOQUIUM:CHINA AND JAPAN ,HIST,Junior standing.,,Study of important issues in the history of China and Japan through reading and discussing major works pertinent to the issues selected.,2011
42397,COLLOQUIUM: WOMEN IN EUROPE FROM ANTIQUITY TO RENAISSANCE ,HIST,Junior standing.,,"This course examines the social, cultural and economic institutions which determined the position of women from antiquity to the sixteenth century. Other issues considered are the image and role of women, Christian perceptions of women and their impact on women's lives.",2011
42497,COLLOQUIUM: WOMEN IN MODERN EUROPE ,HIST,Junior standing.,,"The colloquium addresses the experiences of European women from the Enlightenment to the present. Using primary sources and recent scholarship, students examine the relationship between women and state formation, industry, sexuality, empire, socialism, war, welfare, migration and feminism.",2011
43097,COLLOQUIUM:MEDIEVAL RUSSIA ,HIST,Junior standing.,,"Political, social, economic and cultural developments from the 9th-17th centuries, particularly the nature of political organization, the Mongol impact, the role of the church and religious life in pre-Petrine Russia.",2011
43797,COLLOQUIUM ON VICTORIAN ENGLAND ,HIST,,,"Consideration of distinctive features of Victorian England including class structure, ideas, manners, politics, foreign affairs, empire.",2011
44297,COLLOQUIUM IN AFRICAN HISTORY ,HIST,Junior standing.,,This course will deal with some of the major themes of African history. Topics will vary from semester to semester.,2011
45597,COLLOQUIUM IN RUSSIAN HISTORY ,HIST,Junior standing.,,Study of major issues in Russian history through analysis and discussion of the historiography and critical writing.,2011
45697,COLLOQUIUM:SOCIAL HISTORY OF LATIN AMERICA ,HIST,Permission.,,The formation of Latin American societies from the Iberian conquest to the present.,2011
45797,COLLOQUIUM: COMPARATIVE LATIN AMERICAN REVOLUTIONS ,HIST,Permission.,,"A study of the meaning of revolution in Latin America from the wars of independence to the Nicaraguan revolution in 1979. A comparative approach is employed focusing on Mexico, Brazil, Cuba, Chile and Central America.",2011
46097,COLLOQUIUM:STALINISM ,HIST,Junior standing.,,"Focus on Josif Stalin's rise to power and the historiographical debates about the origins, results and legacy of his domestic and foreign policies.",2011
46597,COLLOQUIUM IN TWENTIETH-CENTURY EUROPEAN DIPLOMACY ,HIST,Junior standing.,,Coverage of important works dealing with major diplomatic issues from origins of World War I to present.,2011
46897,COLLOQUIUM ON THE AGE OF JEFFERSON ,HIST,Junior standing.,,"Intensive examination of the problems of a critical period of American history through readings, reports and discussions.",2011
47597,COLLOQUIUM ON NATO ,HIST,Junior standing.,,An examination of the historical significance of the Atlantic Alliance from its origins in the late 1940s to the present.,2011
47697,COLLOQUIUM ON POST-1945 EUROPE ,HIST,Junior standing.,,"Coverage of the historical literature on Europe's major political, diplomatic ,economic and social developments since 1945.",2011
48097,COLLOQUIUM IN TWENTIETH-CENTURY U.S. FOREIGN RELATIONS ,HIST,Junior standing.,,Covers U.S. diplomatic history from World War I to the present emphasizing bibliography and historiography.,2011
48697,"COLLOQUIUM: U.S. MIDDLE PERIOD, 1820-1900 ",HIST,Junior standing.,,"Reading, discussion and written reviewing of important works on the period.",2011
48797,COLLOQUIUM IN AFRICAN AMERICAN HISTORY TO 1877 ,HIST,Junior standing.,,"This colloquium specializes in African American history prior to 1877, with emphasis on historiographical literature of the period.",2011
48897,COLLOQUIUM IN AFRICAN AMERICAN HISTORY SINCE 1877 ,HIST,Junior standing.,,"This colloquium specializes in African American history after 1877, with emphasis on historiographical literature of the period.",2011
49091,SENIOR SEMINAR IN HISTORY ,HIST,History major and senior standing and HIST 32050 with C or higher.,,History majors complete a significant work of original research based on primary sources. Topics vary by instructor. Enrollment limited to senior history majors.,2011
49095,SPECIAL TOPICS IN UNITED STATES HISTORY ,HIST,junior standing.,,"Special course in the history of the United States, the subject and topic of which varies by term and instructor. Precise titles and descriptions to be inserted in the Schedule of classes. Repeatable for a maximum of 18 credit hours.",2011
49195,SPECIAL TOPICS: EUROPE SINCE 1500,HIST,junior standing.,,"(repeatable for maximum 18 credit hours) Special course in the history of Europe since 1500, the subject and topic of which varies by term and instructor. Precise titles and descriptions to be inserted in the Schedule of Classes.",2011
49196,INDIVIDUAL INVESTIGATION 2.000 OR 3.000 ,HIST,,,,2011
49199,SENIOR HONORS PROJECT ,HIST,Permission (see HONR 40099).,,Thesis or other independent study or creative project. Required of students seeking to graduate with honors in history.,2011
49295,SPECIAL TOPICS IN GLOBAL HISTORY ,HIST,junior standing.,,"Special course in the history of the ancient and medieval worlds, Africa, Asia, Latin America, and/or the Middle East, the subject and topic of which varies by term and instructor. Precise titles and descriptions to be inserted in the Schedule of Classes.",2011
50093,WORKSHOP IN HISTORY ,HIST,,,Special workshop in history. Topic will vary according to professor.,2011
50197,AMERICA'S CULTURAL HERITAGE:THE ARTS AND SOCIETY ,HIST,Graduate standing.,,An examination of selected American arts in their cultural context. American studies methodologies and concepts of history.,2011
51000,PUBLIC HISTORY ,HIST,Graduate standing.,,"A survey of public history including: archives; editing, museums and historical agency administration; historic preservation; and related skill areas (e.g. artifact analysis, oral history).",2011
51003,HISTORY OF ANCIENT GREECE ,HIST,Graduate standing.,,The course is a survey of Greek history form the Bronze Age ot the rise of Macedonia and Alexander the Great.,2011
51004,HELLENIC CONTRIBUTIONS TO WESTERN CIVILIZATION ,HIST,Graduate standing.,,An introduction to the major intellectual and cultural achievements of the Greeks-ca. 800-350 BC.,2011
51005,TEACHING WORLD HISTORY,HIST,graduate standing in history (HIST).,,"(Repeatable for credit) To prepare graduate students to teach world history at the university level. Special focus on integrating non-Western sources and points of view into the world history curriculum, preparation of world history syllabus and justification of selected readings and topics, mastery of on-line and in-class technologies to deliver world history materials.",2011
51006,ROMAN HISTORY ,HIST,Graduate standing.,,A survey of Roman history from its beginnings to the Fall of the Roman Empire.,2011
51010,THE EARLY MIDDLE AGES ,HIST,Graduate standing.,,"A survey of the major political, social and cultural developments of Europe from the fourth through the tenth century.",2011
51011,THE HIGH MIDDLE AGES ,HIST,Graduate standing.,,"A survey of political, social and cultural developments of Europe from the eleventh through the thirteenth century.",2011
51014,EUROPE IN THE RENAISSANCE ,HIST,Graduate standing.,,"An analysis of the various factors leading Europe from a rural, feudal, ecclesiastical society to one characterized by urbanism, trade, secularism and the state.",2011
51016,THE PROTESTANT CATHOLIC REFORMATION ,HIST,Graduate standing.,,"A comprehensive course dealing with the religious, political, economic and social change accompanying the religious upheavals of the 16th-century.",2011
51017,17TH-CENTURY EUROPE ,HIST,Graduate standing.,,"This course will analyze those political, economic, social, religious and intellectual factors leading to economic crisis and civil wars in Europe.",2011
51018,18TH-CENTURY EUROPE ,HIST,Graduate standing.,,This course will analyze the many different factors and unresolved crises of the 17th century that led to revolution throughout Europe.,2011
51020,19TH-CENTURY EUROPE ,HIST,Graduate standing.,,"Focus on industrialization and social transformation, political upheavals, intellectual thought, nationalism and foreign policy in Great Britain, France, Prussia and Austria.",2011
51024,"MODERN EUROPEAN HISTORY, 1914-1945 ",HIST,Graduate standing.,,"Special attention paid to the two World Wars, Bolshevik Revolution, rise of Fascism and fate of European Jewry.",2011
51025,MODERN EUROPEAN HISTORY:1945 TO PRESENT ,HIST,Graduate standing.,,"Survey of European political, economic, social and cultural developments since 1945.",2011
51026,TUDOR ENGLAND 1485-1603 ,HIST,Graduate standing.,,"Early Modern England with an emphasis on the Renaissance, Reformation, social change and the Tudor monarchs, Henry VIII and Elizabeth.",2011
51040,"HISTORY OF GERMANY, 1648-1871 ",HIST,Graduate standing.,,"Focuses on the rise of Prussia, the cultural revival of the 18th century, the impact of the French Revolution and the process of unification.",2011
51041,"HISTORY OF GERMANY, 1871 TO PRESENT ",HIST,Graduate standing.,,"Focuses on the impact of industrialization, the dilemma of the German left, the rise of Nazism, and the emergence of two German states after 1945.",2011
51044,RUSSIA FROM ITS ORIGINS TO 1801 ,HIST,Graduate standing.,,"Study of the entire imperial period, with focus on modernization, state institutions, nationalities, social groups and estates, economy, politics and ideologies, and elite and popular culture.",2011
51045,"MODERN RUSSIA, 1917-PRESENT ",HIST,Graduate standing.,,"Focus on 1917 revolutions, civil war, nationalities question, NEP, collectivization, Great Terror, World War II, Cold War, Soviet foreign policy and culture, Perestroika, and post-Soviet economic, political, and ideological changes.",2011
51049,HISTORY OF THE BALKANS:18TH CENTURY TO 1914 ,HIST,Graduate standing.,,"Survey of the Albanians, Bulgarians, Greeks, Romanians and South Slavs under Ottoman domination and their struggles for national independence.",2011
51050,HISTORY OF THE BALKANS:1914 TO PRESENT ,HIST,Graduate standing.,,"The Balkans since 1914, including coverage of post-World War II period.",2011
51051,"POLITICS, CULTURE AND SOCIETY OF TWENTIETH-CENTURY EUROPE ",HIST,Graduate standing.,,"Political, social and cultural change in Europe during the twentieth century. Topics include violence, war revolution, economic crises, and social and political changes.",2011
51056,"HISTORY OF COLONIAL AMERICA, 1492-1714 ",HIST,Graduate standing.,,"Major patterns of thought and behavior among Spanish, French and English expansionists; English colonization to 1714.",2011
51057,"18TH-CENTURY AMERICA, 1714-1789 ",HIST,Graduate standing.,,Cultural development of English Colonies; Great war for Empire; American Revolution and Constitution.,2011
51058,"THE JEFFERSON-JACKSON ERA, 1789-1848 ",HIST,Graduate standing.,,"A study of the founding and development of the American nation, especially the periods of Jefferson and Jackson.",2011
51060,COMPARATIVE FASCISM ,HIST,graduate standing.,,Examination of the theories and practices of fascist movements and regimes in twentieth-century Europe utilizing a variety of perspectives. Organized primarily thematically instead of geographically with readings and discussions based on historiographical and critical analyses.,2011
51062,THE UNITED STATES: THE WESTWARD MOVEMENT ,HIST,Graduate standing.,,The process of settlement from its beginning; consequences for American history.,2011
51065,SECTIONAL CONFLICT AND CIVIL WAR ,HIST,Graduate standing.,,"Differences within the United states, including the controversy over slavery; the Civil War in all its aspects.",2011
51066,RECONSTRUCTION AND THE LATER SOUTH ,HIST,Graduate standing.,,Controversy during and after the Civil War as to racial and sectional relationships; the post-Reconstruction compromises and their undoing.,2011
51070,"AMERICAN SOCIAL AND INTELLECTUAL HISTORY, 1790-1876 ",HIST,Graduate standing.,,Major currents of the period: social background of the early republic; religious development; impace of the frontier; abolition.,2011
51071,"AMERICAN SOCIAL AND INTELLECTUAL HISTORY, 1876 TO PRESENT ",HIST,Graduate standing.,,"Continuation of HIST 41070, HIST 51070 and HIST 71070. Development of social Darwinism, racism, Pragmatism, popular arts.",2011
51074,AMERICAN ECONOMIC HISTORY ,HIST,Graduate standing.,,Survey of growth and development of American economic and business life from colonial times to the present.,2011
51075,WAR AND SOCIETY IN THE UNITED STATES FROM 1607 THROUGH 1865 ,HIST,Graduate standing.,,"An examination of the impact of conflict and the military upon the society, culture, economy and diplomacy of the United States. Topics include colonial Indian wars, the Revolutionary War, the War of 1812, the Mexican-American War and the Civil War.",2011
51076,WAR AND SOCIETY IN THE UNITED STATES FROM 1865 TO THE PRESENT ,HIST,Graduate standing.,,"An examination of the impact of conflict and the military on the society, culture, economy and diplomacy of the United States. Topics include the frontier Army, the Spanish-American War and empire in the Pacific, the two world wars, the Cold War and the War on Terror.",2011
51082,CONSTITUTIONAL HISTORY OF THE UNITED STATES ,HIST,Graduate standing.,,,2011
51083,U.S. FOREIGN RELATIONS THROUGH WORLD WAR I ,HIST,Graduate standing.,,"The evolution of U.S. foreign policy from its colonial origins through the Paris Peace Conference of 1919, with special emphasis on domestic roots of foreign policy.",2011
51084,U.S. FOREIGN RELATIONS FROM 1920 ,HIST,Graduate standing.,,The history of U.S. foreign policy from the 1920s on with special emphasis on the evolving role of America as a world power.,2011
51087,PROGRESSIVE AMERICA: THE UNITED STATES 1896-1919 ,HIST,Graduate standing.,,"Major political, economic, social, cultural and diplomatic events from the crisis of the 1890s through the first World War.",2011
51088,NEW ERA THROUGH WORLD WAR:THE UNITED STATES 1920-1945 ,HIST,Graduate standing.,,"Major political, economic, social, cultural and diplomatic events from the new era of the 1920s through the second World War.",2011
51089,RECENT AMERICA: THE UNITED STATES 1945-PRESENT ,HIST,Graduate standing.,,"Examines everyday life and culture, assesses the degree to which presidents and their administrations are the reflections of their constituencies, and evaluates the significant events and themes of U.S. history since 1945.",2011
51097,"COLLOQUIUM: SAINTS, MONKS AND THE MEDIEVAL COMMUNITY ",HIST,Graduate standing.,,Investigates major religious institutions that shaped medieval European society and the impact on popular piety.,2011
51112,HISTORY OF MODERN CHINA ,HIST,Graduate standing.,,Disintegration of the Chinese empire amid Western challenge and internal disorder and the subsequent rise of Communism.,2011
51116,HISTORY OF JAPAN ,HIST,Graduate standing.,,A general survey of the development of Japan from a loose confederation of clans to a modern industrial state.,2011
51131,HISTORY OF AFRICA TO 1880 ,HIST,Graduate standing.,,,2011
51132,"HISTORY OF AFRICA, 1880-PRESENT ",HIST,Graduate standing.,,,2011
51135,HISTORY OF WEST AFRICA ,HIST,Graduate standing.,,,2011
51789,THE FRENCH REVOLUTION AND NAPOLEON ,HIST,,,"Analysis of the causes of revolution in France, political ideological and social conflict in the construction of French democracy expansion of the revolution outside of France.",2011
52140,THE SIXTIES:A THIRD WORLD VIEW ,HIST,Graduate standing.,,"Examines the political, social and cultural upheaval of the 1960s in Latin America, Africa and Asia.",2011
52141,COMPARATIVE THIRD WORLD REVOLUTIONS ,HIST,Graduate standing.,,"Examination of 20th-century revolutions in Latin America, Africa and Asia focusing on ideologies and political leadership.",2011
52142,AFRO-LATIN AMERICA ,HIST,graduate standing.,,"Course focuses on the social, cultural and political life of the African population of Latin America, from 19th century slaves to shantytown dwellers of megacities such as Rio de Janiero. Topics include black resistance to racism, race mixture in multicultural societies, and how employment, political participation and family organization empowered the lives of Afro-Latin women.",2011
52297,COLLOQUIUM:CHINA AND JAPAN ,HIST,Graduate standing.,,Study of important issues in the history of China and Japan through reading and discussing major works pertinent to the issues selected.,2011
52397,COLLOQUIUM:WOMEN IN EUROPE FROM ANTIQUITY TO RENAISSANCE ,HIST,Graduate standing.,,"This course examines the social, cultural and economic institutions which determined the position of women from antiquity to the sixteenth century. Other issues considered are the image and role of women, Christian perceptions of women and their impact on women's lives.",2011
52497,COLLOQUIUM: WOMEN IN MODERN EUROPE ,HIST,Graduate standing.,,"The colloquium addresses the experiences of European women from the Enlightenment to the present. Using primary sources and recent scholarship, students examine the relationship between women and state formation, industry, sexuality, empire, socialism, war, welfare, migration and feminism.",2011
53097,COLLOQUIUM: MEDIEVAL RUSSIA ,HIST,Graduate standing.,,"Political, social, economic and cultural developments from the 9th-17th centuries, particularly the nature of political organization, the Mongol impact, the role of the church and religious life in pre-Petrine Russia.",2011
53797,COLLOQUIUM ON VICTORIAN ENGLAND ,HIST,Graduate standing.,,"Consideration of distinctive features of Victorian England including class structure, ideas, manners, politics, foreign affairs, empire.",2011
53800,RELIGION AND SOCIETY IN THE MODERN WEST ,HIST,graduate standing.,,"Introduction to recent trends in the writing of European and comparative western religious history. Examines themes across societies with particular emphasis placed on gender, bourgeois culture, national identity, liberalism and democracy, the industrial working classes, race and racism, fascism and communism.",2011
54297,COLLOQUIUM IN AFRICAN HISTORY ,HIST,Graduate standing.,,This course will deal with some of the major themes of African history. Topics will vary from semester to semester.,2011
55597,COLLOQUIUM IN RUSSIAN HISTORY ,HIST,Graduate standing.,,,2011
55697,COLLOQUIUM: SOCIAL HISTORY OF LATIN AMERICA ,HIST,Graduate standing.,,The formation of Latin American societies from the Iberian Conquest to the present.,2011
55797,COLLOQUIUM: COMPARATIVE LATIN AMERICAN REVOLUTIONS ,HIST,Graduate standing.,,"Four major Latin American revolutions, the Mexican, Cuban, Chilean and Nicaraguan, are analyzed in a comparative framework.",2011
56097,COLLOQUIUM:STALINISM ,HIST,Graduate standing.,,"Focus on Josif Stalin's rise to power and the historiographical debates about the origins, results and legacy of his domestic and foreign policies.",2011
56597,COLLOQUIUM IN 20TH-CENTURY EUROPEAN DIPLOMACY ,HIST,Graduate standing.,,Coverage of important works dealing with major diplomatic issues from origins of World War I to present.,2011
56897,COLLOQUIUM ON THE AGE OF JEFFERSON ,HIST,Graduate standing.,,"An intensive examination of the problems of a critical period of American history through readings, reports and discussions.",2011
57597,COLLOQUIUM ON NATO ,HIST,Graduate standing.,,An examination of the historical significance of the Atlantic Alliance from its origins in the late 1940s to the present.,2011
57697,COLLOQUIUM ON POST-1945 EUROPE ,HIST,Graduate standing.,,"Coverage of Europe's major political, diplomatic, economic and social developments since 1945.",2011
58097,COLLOQUIUM IN 20TH-CENTURY U.S. FOREIGN RELATIONS ,HIST,Graduate standing.,,Covers U.S. diplomatic history from World War I to the present emphasizing bibliography and historiography.,2011
58697,COLLOQUIUM: U.S. MIDDLE PERIOD 1820-1900 ,HIST,Graduate standing.,,"Reading, discussion and written reviewing of important works on the period.",2011
58797,COLLOQUIUM IN AFRICAN-AMERICAN HISTORY TO 1877 ,HIST,Graduate standing.,,"This colloquium specializes in African American history prior to 1877, with emphasis on historiographical literature of the period.",2011
58897,COLLOQUIUM IN AFRICAN-AMERICAN HISTORY SINCE 1877 ,HIST,Graduate standing.,,"This colloquium specializes in African American history from 1877, with emphasis on historiographical literature of the period.",2011
59095,SPECIAL TOPICS IN UNITED STATES HISTORY ,HIST,graduate standing.,,"Special course in the history of the United States, the subject and topic of which varies by term and instructor. Precise titles and descriptions to be inserted in the Schedule of Classes. Repeatable.",2011
59195,SPECIAL TOPICS: EUROPE SINCE 1500 ,HIST,graduate standing.,,"Special course in the history of Europe since 1500, the subject and topic of which varies by term and instructor. Precise titles and descriptions to be inserted in the Schedule of Classes. Repeatable.",2011
59295,SPECIAL TOPICS IN GLOBAL HISTORY ,HIST,graduate standing.,,"Special course in the history of the ancient and medieval worlds, Africa, Asia, Latin America, and/or the Middle East, the subject and topic of which varies by term and instructor. Precise titles and descriptions to be inserted in the Schedule of Classes.",2011
60092,PUBLIC HISTORY INTERNSHIP ,HIST,Graduate standing.,,"Students serve an internship at an institution related to their emphasis in public history (e.g., historical society, museum, archives, historical preservation organization).",2011
61001,METHODS OF HISTORICAL RESEARCH ,HIST,Graduate standing.,,"An introduction to methods of historical research, with an emphasis on behavioral techniques.",2011
61002,HISTORIOGRAPHY ,HIST,Graduate standing.,,Development of historical thinking. Students will read excerpts of famous historians and prepare papers.,2011
61024,SEMINAR IN 20TH-CENTURY EUROPEAN HISTORY ,HIST,Graduate standing.,,,2011
61025,SEMINAR:20TH-CENTURY EUROPEAN DIPLOMATIC HISTORY ,HIST,Graduate standing.,,Research and writing on selected problems in the international relations of European states during this century.,2011
61026,SEMINAR IN TUDOR ENGLAND ,HIST,Graduate standing.,,,2011
61065,SEMINAR IN AMERICAN HISTORY:THE CIVIL WAR PERIOD ,HIST,Graduate standing.,,Research and writing on aspects of mid-19th century United States history.,2011
61067,"AMERICA:REUNITED NATION TO WORLD POWER, 1877-1900 ",HIST,Graduate standing.,,"Background lectures, weekly discussions of assigned readings, research paper.",2011
61069,SEMINAR IN RECENT AMERICAN HISTORY ,HIST,Graduate standing.,,"Lectures, readings and class discussions aimed toward the production of a scholarly paper on a limited aspect of American history since 1900.",2011
61074,SEMINAR IN 19TH-CENTURY AMERICA ,HIST,Graduate standing.,,,2011
61083,SEMINAR IN AMERICAN DIPLOMATIC HISTORY ,HIST,Graduate standing.,,Selected problems in American foreign policy and in American foreign relations from 1776 to the present.,2011
61091,SEMINAR IN AFRICAN-AMERICAN HISTORY ,HIST,Graduate standing.,,Seminar in selected topics in African American history from the 17th century through the 20th century.,2011
62097,PUBLIC HISTORY COLLOQUIUM ,HIST,Graduate standing.,,"Assigned readings, discussions and papers focus on particular emphases and skill areas in public history.",2011
62197,COLLOQUIUM ON PROBLEMS IN MEDIEVAL HISTORY ,HIST,Graduate standing.,,,2011
62997,COLLOQUIUM IN EARLY MODERN EUROPE ,HIST,Graduate standing.,,Systematic reading and research in the history of early modern Europe: 1598-1815.,2011
69199,THESIS I ,HIST,Graduate standing.,,"Thesis students must register for a total of 6 hours, 2 to 6 hours in a single semester distributed over several semesters if desired.",2011
69299,THESIS II ,HIST,HIST 69199 and graduate standing.,,Thesis students must continue registration each semester until all degree requirements are met.,2011
69894,COLLEGE TEACHING OF HISTORY ,HIST,Graduate standing.,,,2011
69896,INDIVIDUAL INVESTIGATION ,HIST,Graduate standing. 2.000 OR,,,2011
69898,RESEARCH ,HIST,Graduate standing.,,,2011
70092,PUBLIC HISTORY INTERNSHIP ,HIST,Doctoral standing.,,"Students serve an internship at an institution related to their emphasis in public history (e.g., historical society, museum, archives, historical preservation organization).",2011
70197,AMERICA'S CULTURAL HERITAGE:THE ARTS AND SOCIETY ,HIST,Doctoral standing.,,"An examination of selected American arts in their cultural context. American studies, methodologies and concepts of history.",2011
71000,PUBLIC HISTORY ,HIST,Doctoral standing.,,"A survey of public history including: archives, editing, museums and historical agency administration; historic preservation; and related skill areas (e.g. artifact analysis, oral history).",2011
71003,HISTORY OF ANCIENT GREECE ,HIST,Doctoral standing.,,Survey of Greek history from the Bronze Age to the rise of Macedonia and Alexander the Great.,2011
71004,HELLENIC CONTRIBUTIONS TO WESTERN CIVILIZATION ,HIST,Doctoral standing.,,Major intellectual and cultural achievements of the Greeks--ca. 800-350 B.C.,2011
71005,TEACHING WORLD HISTORY ,HIST,doctoral standing in history (HIST).,,"To prepare graduate students to teach world history at the university level. Special focus on integrating non-Western sources and points of view into the world history curriculum, preparation of world history syllabus and justification of selected readings and topics, mastery of on-line and in-class technologies to deliver world history materials.",2011
71006,ROMAN HISTORY ,HIST,Doctoral standing.,,A survey of Roman history from its beginning to the fall of the Roman empire.,2011
71010,THE EARLY MIDDLE AGES ,HIST,Doctoral standing.,,"Survey of major political, social and cultural developments of Europe from the fourth through 10th centuries.",2011
71011,THE HIGH MIDDLE AGES ,HIST,Doctoral standing.,,"Survey of political, social and cultural developments of Europe from 11th through 13th centuries.",2011
71014,EUROPE IN THE RENAISSANCE ,HIST,Doctoral standing.,,"Analysis of the various factors leading Europe from a rural, feudal, ecclesiastical society to one characterized by urbanism, trade, secularism and the state.",2011
71016,THE PROTESTANT CATHOLIC REFORMATION ,HIST,Doctoral standing.,,"Comprehensive course dealing with the religious, political, economic and social change accompanying the religious upheavals of the 16th century.",2011
71017,17TH-CENTURY EUROPE ,HIST,Doctoral standing.,,"This course will analyze those political, economic, social, religious and intellectual factors leading to economic crisis and civil wars in Europe.",2011
71018,18TH-CENTURY EUROPE ,HIST,Doctoral standing.,,This course will analyze the many different factors and unresolved crises of the 17th century that led to revolution throughout Europe.,2011
71020,19TH-CENTURY EUROPE ,HIST,Doctoral standing.,,"Focus on industrialization and social transformation, political upheavals, intellectual thought, nationalism, and foreign policy in Great Britain, France, Prussian and Austria.",2011
71024,"MODERN EUROPEAN HISTORY, 1914-1945 ",HIST,Doctoral standing.,,"Special attention paid to the two world wars, Bolshevik Revolution, rise of fascism and fate of European Jewry.",2011
71025,MODERN EUROPEAN HISTORY:1945 TO PRESENT ,HIST,Doctoral standing.,,"Survey of European political, economic social and cultural developments since 1945.",2011
71026,TUDOR ENGLAND 1485-1603 ,HIST,Doctoral standing.,,"Early modern England with emphasis on Renaissance, Reformation, social change and the Tudor monarchs, Henry VIII and Elizabeth.",2011
71040,"HISTORY OF GERMANY, 1648-1871 ",HIST,Doctoral standing.,,"Focuses on the rise of Prussia, the cultural revival of the 18th century, the impact of the French Revolution and the process of unification.",2011
71041,"HISTORY OF GERMANY, 1871-PRESENT ",HIST,Doctoral standing.,,"Focuses on the impact of Industrialization, the dilemma of the German Left, the rise of Nazism and the emergence of two German states after 1945.",2011
71044,RUSSIA FROM ITS ORIGINS TO 1801 ,HIST,Doctoral standing.,,"Study of the entire imperial period, with focus on modernization, state institutions, nationalities, social groups and estates, economy, politics and ideologies, and elite and popular culture.",2011
71045,"MODERN RUSSIA, 1917-PRESENT ",HIST,Doctoral standing.,,"Focus on 1917 revolutions; Civil War; nationalities question; NEP; collectivization; great terror; World War II; Cold War; Soviet Foreign policy and culture; Perestroika and post-Soviet economic, political and ideological changes.",2011
71049,HISTORY OF THE BALKANS:18TH CENTURY TO 1914 ,HIST,Doctoral standing.,,"Survey of Albanians, Bulgarians, Greeks, Romanians and South Slavs under Ottoman domination and their struggles for national independence.",2011
71050,HISTORY OF THE BALKANS:1914 TO PRESENT ,HIST,Doctoral standing.,,"The Balkans since 1914, including coverage of post-World War II period.",2011
71051,"POLITICS, CULTURE AND SOCIETY OF TWENTIETH-CENTURY EUROPE ",HIST,Doctoral standing.,,"Political, social and cultural change in Europe during the twentieth century. Topics include violence, war, revolution, economic crises and social and political changes.",2011
71056,"HISTORY OF COLONIAL AMERICA, 1492-1714 ",HIST,Doctoral standing.,,"Major patterns of thought and behavior among Spanish, French and English expansionists; English colonization to 1714.",2011
71057,"18TH-CENTURY AMERICA, 1714-1789 ",HIST,Doctoral standing.,,Cultural development of English Colonies; Great War for Empire; American Revolution and Constitution.,2011
71058,"THE JEFFERSON-JACKSON ERA, 1789-1848 ",HIST,Doctoral standing.,,"Study of the founding and development of the American nation, especially the periods of Jefferson and Jackson.",2011
71060,COMPARATIVE FACISM ,HIST,doctoral standing.,,Examination of the theories and practices of fascist movements and regimes in twentieth-century Europe utilizing a variety of perspectives. Organized primarily thematically instead of geographically with readings and discussions based on historiographical and critical analyses.,2011
71062,THE UNITED STATES:THE WESTWARD MOVEMENT ,HIST,Doctoral standing.,,The process of settlement from its beginnings; consequences for American history.,2011
71065,SECTIONAL CONFLICT AND CIVIL WAR ,HIST,Doctoral standing.,,"Differences within the United States, including the controversy over slavery; the Civil War in all its aspects.",2011
71066,RECONSTRUCTION AND THE LATER SOUTH ,HIST,Doctoral standing.,,Controversy during and after the Civil War as to racial and sectional relationships; the post-Reconstruction compromises and their undoing.,2011
71070,"AMERICAN SOCIAL AND INTELLECTUAL HISTORY, 1790-1876 ",HIST,Doctoral standing.,,Major currents of the period: social background of the early republic; religious development; impact of the frontier; abolition.,2011
71071,"AMERICAN SOCIAL AND INTELLECTUAL HISTORY, 1876 TO PRESENT ",HIST,Doctoral standing.,,"Continuation of HIST 71070. Development of social Darwinism, racism, pragmatism, popular arts.",2011
71074,AMERICAN ECONOMIC HISTORY ,HIST,Doctoral standing.,,Survey of growth and development of American economic and business life from Colonial times to the present.,2011
71075,WAR AND SOCIETY IN THE UNITED STATES FROM 1607 THROUGH 1865 ,HIST,Doctoral standing.,,"An examination of the impact of conflict and the military upon the society, culture, economy and diplomacy of the United States. Topics include colonial Indian wars, the Revolutionary War, the War of 1812, the Mexican-American War and the Civil War.",2011
71076,WAR AND SOCIETY IN THE UNITED STATES FROM 1865 TO THE PRESENT ,HIST,Doctoral standing.,,"An examination of the impact of conflict and the military on the society, culture, economy and diplomacy of the United States. Topics include the frontier Army, the Spanish-American War and empire in the Pacific, the two world wars, the Cold War and the War on Terror.",2011
71082,CONSTITUTIONAL HISTORY OF THE UNITED STATES ,HIST,Doctoral standing.,,Of America as a world power.,2011
71083,U.S. FOREIGN RELATIONS THROUGH WORLD WAR I ,HIST,Doctoral standing.,,The evolution of U.S. foreign policy from its Colonial origins through the Paris Peace Conference of 1919 with special emphasis on the domestic roots of foreign policy.,2011
71084,U.S. FOREIGN RELATIONS FROM 1920 ,HIST,Doctoral standing.,,The history of U.S. foreign policy from the 1920s on with special emphasis on the evolving role of America as a world power.,2011
71087,PROGRESSIVE AMERICA:THE UNITED STATES 1896-1919 ,HIST,Doctoral standing.,,"Major political, economic, social cultural and diplomatic events from the crisis of the 1890s through the first World War.",2011
71088,NEW ERA THROUGH WORLD WAR:THE UNITED STATES 1920-1945 ,HIST,Doctoral standing.,,"Major political, economic, social, cultural and diplomatic events from the new era of the 1920s through the second World War.",2011
71089,RECENT AMERICA:THE UNITED STATES 1945-PRESENT ,HIST,Doctoral standing.,,"Examines everyday life and culture, assesses the degree to which presidents and their administrations are the reflections of their constituencies, and evaluates the significant events and themes of U.S. history since 1945.",2011
71097,"COLLOQUIUM: SAINTS, MONKS AND THE MEDIEVAL COMMUNITY ",HIST,Doctoral standing.,,Investigates major religious institutions that shaped medieval European society and the impact on popular piety.,2011
71112,HISTORY OF MODERN CHINA ,HIST,Doctoral standing.,,Disintegration of the Chinese empire amid Western challenge and internal disorder and the subsequent rise of communism.,2011
71116,HISTORY OF JAPAN ,HIST,Doctoral standing.,,General survey of the development of Japan from a loose confederation of clans to a modern industrial state.,2011
71131,HISTORY OF AFRICA TO 1880 ,HIST,Doctoral standing.,,,2011
71132,"HISTORY OF AFRICA, 1880-PRESENT ",HIST,Doctoral standing.,,,2011
71135,HISTORY OF WEST AFRICA ,HIST,Doctoral standing.,,,2011
71789,THE FRENCH REVOLUTION AND NAPOLEON ,HIST,Doctoral standing.,,"Analysis of the causes of revolution in France, political ideological and social conflict in the construction of French democracy expansion of the revolution outside of France.",2011
72097,PUBLIC HISTORY COLLOQUIUM ,HIST,Doctoral standing.,,"Assigned readings, discussions and papers focus on particular emphases and skill areas in public history.",2011
72140,THE SIXTIES:A THIRD WORLD VIEW ,HIST,Doctoral standing.,,"Examines the political, social and cultural upheaval of the 1960s in Latin America, Africa and Asia.",2011
72142,AFRO-LATIN AMERICA ,HIST,doctoral standing.,,"Course focuses on the social, cultural and political life of the African population of Latin America, from 19th century slaves to shantytown dwellers of megacities such as Rio de Janiero. Topics include black resistance to racism, race mixture in multicultural societies, and how employment, political participation and family organization empowered the lives of Afro-Latin women.",2011
72297,COLLOQUIUM:CHINA AND JAPAN ,HIST,Doctoral standing.,,Study of important issues in the history of China and Japan through reading and discussing major works pertinent to the issues selected.,2011
72397,COLLOQUIUM: WOMEN IN EUROPE FROM ANTIQUITY TO RENAISSANCE ,HIST,Doctoral standing.,,"This course examines the social, cultural and economic institutions which determined the position of women from antiquity to the sixteenth century. Other issues considered are the image and role of women, Christian perceptions of women and their impact on women's lives.",2011
72497,COLLOQUIUM: WOMEN IN MODERN EUROPE ,HIST,Doctoral standing.,,"The colloquium addresses the experiences of European women from the Enlightenment to the present. Using primary sources and recent scholarship, students examine the relationship between women and state formation, industry, sexuality, empire, socialism, war, welfare, migration and feminism.",2011
73097,COLLOQUIUM: MEDIEVAL RUSSIA ,HIST,Doctoral standing.,,"Political, social, economic and cultural developments from the 9th to 17th centuries particularly the nature of political organization, the Mongol impact, the role of the church and religious life in pre-Petrine Russia.",2011
73797,COLLOQUIUM ON VICTORIAN ENGLAND ,HIST,Doctoral standing.,,"Consideration of distinctive features of Victorian England including class structure, ideas, manners, politics, foreign affairs, empire.",2011
73800,RELIGION AND SOCIETY IN THE MODERN WEST ,HIST,doctoral standing.,,"Introduction to recent trends in the writing of European and comparative western religious history. Examines themes across societies with particular emphasis placed on gender, bourgeois culture, national identity, liberalism and democracy, the industrial working classes, race and racism, fascism and communism.",2011
74297,COLLOQUIUM IN AFRICAN HISTORY ,HIST,Doctoral standing.,,This course will deal with some of the major themes of African history. Topics will vary from semester to semester.,2011
75597,COLLOQUIUM IN RUSSIAN HISTORY ,HIST,Doctoral standing.,,Study of major issues in Russian history through analysis and discussion of the historiography and critical writing.,2011
75697,COLLOQUIUM: SOCIAL HISTORY OF LATIN AMERICA ,HIST,Doctoral standing.,,The formation of Latin American societies from the Iberian Conquest to the present.,2011
75797,COLLOQUIUM: COMPARATIVE LATIN AMERICAN REVOLUTIONS ,HIST,Doctoral standing.,,"A study of the meaning of revolution in Latin America from the wars of independence to the Nicaraguan revolution in 1979. A comparative approach is employed focusing on Mexico, Brazil, Cuba, Chile and Central America.",2011
76097,COLLOQUIUM:STALINISM ,HIST,Doctoral standing.,,"Focus on Josif Stalin's rise to power and the historiographical debates about the origins, results and legacy of his domestic and foreign policies.",2011
76597,COLLOQUIUM IN 20TH-CENTURY EUROPEAN DIPLOMACY ,HIST,Doctoral standing.,,Coverage of important works dealing with major diplomatic issues from origins of World War I to present.,2011
76897,COLLOQUIUM ON THE AGE OF JEFFERSON ,HIST,Doctoral standing.,,"Intensive examination of the problems of a critical period of American history through readings, reports and discussions.",2011
77597,COLLOQUIUM ON NATO ,HIST,Doctoral standing.,,An examination of the historical significance of the Atlantic Alliance from its origins in the late 1940s to the present.,2011
77697,COLLOQUIUM ON POST-1945 EUROPE ,HIST,Doctoral standing.,,"Coverage of the historical literature on Europe's major political, diplomatic, economic and social developments since 1945.",2011
78097,COLLOQUIUM IN 20TH-CENTURY U.S. FOREIGN RELATIONS ,HIST,Doctoral standing.,,Covers U.S. diplomatic history from World War I to the present emphasizing bibliography and historiography.,2011
78697,COLLOQUIUM:U.S. MIDDLE PERIOD 1820-1900 ,HIST,Doctoral standing.,,"Coverage of the historical literature on Europe's major political, diplomatic, economic and social developments since 1945.",2011
78797,COLLOQUIUM IN AFRICAN-AMERICAN HISTORY TO 1877 ,HIST,Doctoral standing.,,"This colloquium specializes in African American history prior to 1877, with emphasis on historiographical literature of the period.",2011
78897,COLLOQUIUM IN AFRICAN-AMERICAN HISTORY SINCE 1877 ,HIST,Doctoral standing.,,"This colloquium specializes in African American history after 1877, with emphasis on historiographical literature of the period.",2011
79095,SPECIAL TOPICS IN UNITED STATES HISTORY ,HIST,doctoral standing.,,"Special course in the history of the United States, the subject and topic of which varies by term and instructor. Precise titles and descriptions to be inserted in the Schedule of Classes. Repeatable.",2011
79195,SPECIAL TOPICS: EUROPE SINCE 1500 ,HIST,doctoral standing.,,"Special course in the history of Europe since 1500, the subject and topic of which varies by term and instructor. Precise titles and descriptions to be inserted in the Schedule of Classes. Repeatable.",2011
79295,SPECIAL TOPICS IN GLOBAL HISTORY ,HIST,doctoral standing.,,"Special course in the history of the ancient and medieval worlds, Africa, Asia, Latin America, and/or the Middle East, the subject and topic of which varies by term and instructor. Precise titles and descriptions to be inserted in the Schedule of Classes.",2011
79894,COLLEGE TEACHING OF HISTORY ,HIST,Doctoral standing.,,,2011
81001,METHODS OF HISTORICAL RESEARCH ,HIST,Doctoral standing.,,"The course introduces graduate students to library reference tools, journal literature, research methodology, quantitative techniques and writing and original research paper.",2011
81002,HISTORIOGRAPHY ,HIST,Doctoral standing.,,Development of historical thinking. Students will read excerpts of famous historians and prepare papers.,2011
81024,SEMINAR IN 20TH-CENTURY EUROPEAN HISTORY ,HIST,Doctoral standing.,,,2011
81025,SEMINAR:20TH-CENTURY EUROPEAN DIPLOMATIC HISTORY ,HIST,Doctoral standing.,,Research and writing on selected problems in the international relations of European states during this century.,2011
81026,SEMINAR IN TUDOR ENGLAND ,HIST,Doctoral standing.,,,2011
81065,SEMINAR IN AMERICAN HISTORY: THE CIVIL WAR PERIOD ,HIST,Doctoral standing.,,Research and writing on aspects of mid-19th century United States history.,2011
81067,"AMERICA: REUNITED NATION TO WORLD POWER, 1877-1900 ",HIST,Doctoral standing.,,"Background lectures, weekly discussion of assigned readings, research paper.",2011
81069,SEMINAR IN RECENT AMERICAN HISTORY ,HIST,Doctoral standing.,,"Lectures, readings and class discussions aimed toward the production of a scholarly paper on a limited aspect of American history since 1900.",2011
81074,SEMINAR IN 19TH-CENTURY AMERICA ,HIST,Doctoral standing.,,An introduction to primary research in American economic and political history.,2011
81083,SEMINAR IN AMERICAN DIPLOMATIC HISTORY ,HIST,Doctoral standing.,,Selected problems in American foreign policy and in American foreign relations from 1776 to present.,2011
81091,SEMINAR IN AFRICAN-AMERICAN HISTORY ,HIST,Doctoral standing.,,Seminar in selected topics in African American history from the 17th century through the 20th century.,2011
82197,COLLOQUIUM ON PROBLEMS IN MEDIEVAL HISTORY ,HIST,Doctoral standing.,,,2011
82997,COLLOQUIUM IN EARLY MODERN EUROPE ,HIST,Doctoral standing.,,,2011
89199,DISSERTATION I ,HIST,Doctoral standing.,,"Doctoral dissertation, for which registration in at least two semesters is required first of which will be semester in which dissertation work is begun and continuing until the completion of 30 hours.",2011
89299,DISSERTATION II ,HIST,HIST 89199 and doctoral standing.,,Continuing registration required of doctoral students who have completed the initial 30 hours of dissertation and continuing until all degree requirements are met.,2011
89896,INDIVIDUAL INVESTIGATION ,HIST,Doctoral standing. 2.000 OR,,,2011
89898,RESEARCH ,HIST,,,Doctoral Standing. 1.000 TO,2011
