11000,INTRODUCTION TO HUMAN SERVICES ,HST,,,"A survey of the role of human service technologists, their professional and ethical responsibilities, employment possibilities and avenues for professional advancement.",2011
11001,GROUP PROCESS IN HUMAN SERVICES ,HST,,,"The structure and function of groups, focusing on problem solving and communication in human service agencies.",2011
11002,SURVEY OF COMMUNITY RESOURCES ,HST,,,"A survey of providers at the federal, regional, state and local levels, including services provided and regulations of private and public agencies.",2011
21000,DYNAMICS OF HELPING RELATIONSHIP FOR HUMAN SERVICES TECHNOLOGIST ,HST,HST 11001.,HST 21001 and HST 21092.,The dynamics of helping relationship in human services agencies. Skill development in listening and provision of assistance to clients is emphasized.,2011
21001,ASSESSMENT OF CLIENT NEEDS ,HST,HED 21050.,HST 21000 and HST 21092.,An introduction to the evaluation of client needs and assessment of client condition.,2011
21002,CLIENT ADVOCACY AND CASE MANAGEMENT IN HUMAN SERVICE ORGANIZATIONS ,HST,HST 21001.,HST 21192.,Assessment of case management strategies with an emphasis on the role of the client advocate in the human service setting.,2011
21092,INTERNSHIP IN HUMAN SERVICES TECHNOLOGY I ,HST,Advisor special approval.,HST 21000 and HST 21001.,Supervised field experience in a human service agency (minimum of 16 hours per week). Joint university-agency supervision.,2011
21192,INTERNSHIP IN HUMAN SERVICES TECHNOLOGY II ,HST,HST 21092 and special approval.,HST 21002.,Continued supervised field experience in a human services agency (minimum 16 hours per week). Joint university-agency supervision.,2011
