21091,INTEGRATED LIFE SCIENCES SEMINAR I ,ILS,Integrated Life Sciences (ILS) major.,,"Seminar for first-year students in Kent State/NEOUCOM program to provide correlation of natural sciences, social sciences and humanities with medical sciences.",2011
21092,ILS SEMINAR II ,ILS,ILS 21091 and Integrated Life Sciences major.,,"Seminar for first-year students in Kent State/NEOUCOM program to provide correlation of natural sciences, social sciences and humanities with medical sciences.",2011
30392,PSYCHOLOGICAL HELPING SKILLS FOR MEDICINE ,ILS,Integrated Life Sciences majors.,,Basic strategies for helping persons in crisis. Includes guided self exploration of attitudes values and personality styles.,2011
32091,INTEGRATED LIFE SCIENCES SEMINAR III ,ILS,ILS 21091 and 21092 and Integrated Life Sciences majors.,,Continuation of ILS 21092.,2011
32092,INTEGRATED LIFE SCIENCES SEMINAR IV ,ILS,"ILS 21091, 21092 and 32091 and Integrated Life Sciences majors.",,Continuation of ILS 32091.,2011
32592,SOCIOLOGICAL PERSPECTIVES IN PUBLIC HEALTH ,ILS,Integrated Life Sciences majors.,,"Sociological phenomena of public health through research/theory and field-research experience consisting of participatory and non-participatory experiences in areas related to medical practice, but not associated with traditionally legitimated medical curricula.",2011
40392,PRACTICUM IN MEDICAL PSYCHOLOGY ,ILS,Integrated Life Sciences majors.,,Community mental health through community agency field placement. Observation and participation in interviewing crisis intervention and community consultation. Didactic exposure to community mental health theory.,2011
42591,MEDICAL SOCIOLOGY RESEARCH SKILLS ,ILS,Integrated Life Sciences majors.,ILS 42592.,"Formulation of community health-related research problem, theoretical concepts and techniques of data collection and analysis.",2011
42592,MEDICAL SOCIOLOGY PRACTICUM ,ILS,Integrated Life Sciences majors.,IILS 42591.,Application of sociological research designs and methods to problems in medical sociology through field research and report on a community health-related research problem.,2011
