12001,ELEMENTARY PHOTOGRAPHY ,JMC,,,Introduction to fundamentals and techniques of still and motion picture photography. Terminal course for students who do not have photography requirements.,2011
20001,"MEDIA, POWER AND CULTURE ",JMC,,,"Fosters critical understanding of mass media in their historical, ideological, economic and cultural contexts. Examines what forces influence media and how media influence consumers. Not open to journalism and mass communication pre-majors or majors.",2011
20003,INTRODUCTION TO MASS COMMUNICATION ,JMC,Journalism and mass communication (JMC) major.,,Introduction to various fields of mass communication with a particular emphasis on evolution of new media technologies. History of technological and cultural change leading to the present media forms and consideration of new media.,2011
20004,MEDIA WRITING ,JMC,,JMC 20003 with a grade of C- (1.7) or better.,Introduces students to variety of writing skills used in various media professions and demonstrates how writing types vary by audience. Incorporates grammar skills as part of the writing process. JMC majors must earn a B- (2.70) or better to move on in their major. Failure to earn a B- (2.70) or better after two attempts are not permitted to continue in the journalism and mass communication program. Pre/corequisite: JMC 20003 with a grade of C- (1.7) or better.,2011
20005,FUNDAMENTALS OF MEDIA MESSAGES ,JMC,Communication studies (COMM) major.,,"Working with messages for print, broadcast, electronic and new media outlets. Course may not be taken for credit nor applied toward any requirements by a journalism and mass communication (JMC) major.",2011
20006,MULTIMEDIA TECHNIQUES ,JMC,JMC major; and JMC 20003.,,"Introduction to basic elements of multimedia journalistic storytelling, including the creation of audio, video, slideshows and multimedia packages for distribution via the Internet.",2011
20007,MEDIA INFORMATION GATHERING ,JMC,2.75 overall GPA and JMC 20003 with a grade of C- (1.7) or better.,,"Introduction to basic methods of gathering information in various fields of mass communication. Hands-on experience with qualitative, archival and quantitative methods. Methods include interviews, online searching and surveys.",2011
20008,AUDIENCE ANALYSIS AND RESEARCH ,JMC,2.75 cumulative GPA; minimum grade of C- (1.7) in JMC 20003 and 21001; minimum grade of B- (2.7) in JMC 20004; passage of the Grammar Usage and Punctuation (GUP) test with a 70% or better; and a journalism and mass communication (JMC) major.,,"An overview of the principles used to understand, interpret and design audience research. This includes terminology methodologies of syndicated research, audience ratings analysis and psychographic lifestyle data.",2011
21001,PRINCIPLES OF ADVERTISING ,JMC,,,"Advertising history, purposes, techniques, media and research; analysis of functions of advertising organizations.",2011
21005,ADVERTISING MESSAGING ,JMC,2.75 cumulative GPA; minimum grade of C- (1.7) in JMC 20003 and JMC 21001; minimum grade of B- (2.7) in JMC 20004; and advertising (ADV) major or minor.,,"Introduces students to the history and development of 19th- to 21st-century advertising practices, along with a strong emphasis on college level writing skills.",2011
22000,PHOTOGRAPHY BASICS ,JMC,"2.75 overall GPA; integrated language arts (INLA), electronic media (ELMD) or news (NEWS) major.",,Fundamentals of b/w and color photography and digital manipulation software. Introduction of basic themes of journalistic photography including flash photography. Student furnishes 35mm or APS camera with flash. Disposable cameras not acceptable.,2011
22001,PHOTOGRAPHY ,JMC,art education (ARTE) or visual journalism (VJNL) major.,,Basic camera and digital techniques to provide a better understanding of photography as a creative and journalistic skill.,2011
22002,VIDEOGRAPHY BASICS ,JMC,class. Prerequisites: journalism and mass communication (JMC) or integrated language arts (INLA) or visual communication and design (VCD) major.,,Instruction in basic camcorder videography video editing techniques to provide understanding of processes as creative journalistic skills and as practical application of knowledge acquired in the,2011
22003,VIDEOGRAPHY BASICS II ,JMC,2.75 overall GPA; and journalism and mass communication (JMC) major and JMC 22002 with a grade of C- (1.7)or better.,,Emphasis on video editing for broadcast news and electronic media production applications using computer video editing skills.,2011
22004,VISUAL STORYTELLING ,JMC,2.75 cumulative GPA; JMC 22001 or VCD 28000; and journalism and mass communication (JMC) or visual communication design (VCD)major.,,"Technical and digital skills needed to produce photos that communicate. Course will stress narrative work, detailed caption information and reporting.",2011
23001,INTRODUCTION TO GRAPHIC COMMUNICATIONS ,JMC,2.75 overall GPA; and ENG 21011 or HONR 10297. 2.000 OR,,"Concepts and practices of transferring information graphically, whether it be picture or symbol in single or multiple copies onto paper, cloth, metal, plastic, glass or other materials.",2011
23030,BASIC ELECTRONIC MEDIA VIDEO PRODUCTION ,JMC,"2.75 overall GPA; and JMC 20003 and 22002 with a grade of C- (1.7) or better; and JMC 20004 with a grade of B- (2.7); and a score of at least 70% on the Grammar, Usage and Punctuation (GUP) test; and journalism and mass communication (JMC) major.",,Theoretical and practical application of program production for video.,2011
23031,BASIC ELECTRONIC MEDIA AUDIO PRODUCTION ,JMC,"2.75 overall GPA; and JMC 20003 and JMC 22002 with a grade of C- or better; and JMC 20004 with a grade of B- or better; and a score of at least 70 percent on the Grammar, Usage and Punctuation (GUP) Test.",,Theoretical and practical application of program production for audio production.,2011
26001,NEWSWRITING ,JMC,2.75 overall GPA; and a grade of B- (2.7) or better in JMC 20004; and a grade on C- (1.7) or better in JMC 20006; and a score of at least 70% on the Grammar Usage and Punctuation (GUP) test; and journalism and mass communication (JMC) or integrated language arts (INLA) major.,,Theory and practice in writing basic print and electronic news and feature stories.,2011
26007,PRINT BEAT REPORTING ,JMC,2.75 overall GPA and JMC 26001 with a grade of C- (1.7) or better and journalism and mass communication (JMC) major.,,"Gathering and writing news: interviewing techniques, cultivating sources, developing beats, meeting deadlines. Includes campus reporting for Daily Kent Stater.",2011
26008,BROADCAST BEAT REPORTING ,JMC,2.75 overall GPA and JMC 22002 and 26001 with a grade of C- (1.7) or better and a journalism and mass communication (JMC) major.,,"Writing news, developing sources and beats, meeting deadlines as they relate to electronic media. Includes reporting campus news for daily broadcasts.",2011
28001,PRINCIPLES OF PUBLIC RELATIONS ,JMC,,,"Explores strategic role and function of public relations in business, nonprofit public institutions and society. Covers public relations practice from development to present.",2011
30004,WRITING FOR ELECTRONIC MEDIA ,JMC,2.75 overall GPA; and a grade of B- (2.7) or better in JMC 20004; and journalism and mass communication (JMC) major; and a score of at least 70% on the Grammar Usage and Punctuation (GUP) test.,,"Application of standard writing styles and formats in the electronic media. Writing practice in commercials, continuity, promotions and introductory scriptwriting techniques.",2011
30030,MASS MEDIA RESEARCH ,JMC,2.75 overall GPA; and JMC 20003 with a grade of C- (1.7) or better and MATH 11009; and journalism and mass communication (JMC) major.,,"Analysis of mass media research emphasizing quantitative social science inquiry, and media applications leading to practical and critical understanding of research.",2011
30034,PROGRAMMING FOR ELECTRONIC MEDIA ,JMC,2.75 overall GPA; and a grade of B- (1.7) or better in JMC 20004; and journalism and mass communication (JMC) major; and a score of at least 70% on the Grammar Usage and Punctuation (GUP) test.,,"Background analysis of radio, TV, cable and Internet programming and the relationship to audience needs, interests, expectations and audience measurement procedures.",2011
31002,ADVERTISING COPYWRITING ,JMC,2.75 cumulative GPA; minimum grade of B- (2.7) or better in JMC 20004; minimum grade of C- (1.7) in JMC 21001 and 31011; passage of the Grammar Usage and Punctuation (GUP) test with a 70% or better; and a journalism and mass communication (JMC) major.,,Examination and practice in various forms of advertising copywriting and their applications.,2011
31003,ADVERTISING MEDIA PLANNING ,JMC,2.75 cumulative GPA; minimum grade of C- (1.7) in JMC 20008 and 21001; minimum grade of B- (2.7) in JMC 20004; passage of the Grammar Usage and Punctuation (GUP) test with a 70% or better; and a journalism and mass communication (JMC) major.,,"Analysis, selection and scheduling of advertising media. Examination of advertising research, technique and application.",2011
31011,CREATIVE ADVERTISING STRATEGIES ,JMC,2.75 overall GPA; and a grade of B- (2.7) or better in JMC 20004; and JMC 21001 with a grade of C- (1.7) or better.,,"Ad majors learn problem-solving techniques, which they will apply to business and creative proposals designed to promote products and or services. Development of good, clear writing skills is a key component of the course.",2011
32001,PHOTOJOURNALISM I ,JMC,2.75 overall GPA; and minimum B- (2.7) grade in JMC 20004; and minimum C- (1.7) grade in JMC 22001 and VCD 37000; and minimum C- (1.7) in JMC 22004; and journalism and mass communication (JMC) major; and minimum 70% score on the Grammar Usage and Punctuation (GUP) test.,,"Production of photographs for newspapers, magazines and online news media. A laboratory course emphasizing color and black and white photography.",2011
32002,PHOTOJOURNALISM II ,JMC,2.75 overall GPA and JMC 32001 with a grade of C- (1.7) or better and a journalism and mass communication (JMC) major.,,"Continuation of JMC 32001. Advanced news and feature photography for newspapers, magazines and online including a collaborative project. May be repeated once.",2011
32003,PHOTO TECHNOLOGY ,JMC,2.75 overall GPA; JMC 22001 and journalism and mass communication (JMC) major.,,"Photographic materials and processes. Emulsion sensitometry (applied as the ""zone system""). Photographic lens testing, etc. Camera and hand-held exposure meter needed.",2011
32004,ADVANCED PHOTOGRAPHY ,JMC,2.75 overall GPA; and JMC 22001 and 32002 and journalism and mass communication (JMC) major.,,"Use of specialized equipment, materials and techniques. Student furnishes own view camera. Special equipment furnished.",2011
32005,VIDEO FOR STILL PHOTOGRAPHERS ,JMC,"JMC major; and 2.75 overall GPA; JMC 20004 with a grade of B- or better; JMC 22004 with a grade of C- or better; Passage of the JMC Grammar, Usage and Punctuation Test.",,"Teaches video skills for photojournalists, including interviewing, establishing a narrative, editing, and how video is paired with the written story.",2011
32008,PHOTO-DESIGN TECHNIQUES ,JMC,2.75 overall GPA; and JMC 22001.,,Use of unusual photographic materials and techniques in design of images for many purposes.,2011
33024,PERFORMANCE FOR ELECTRONIC MEDIA ,JMC,2.75 overall GPA and JMC 20003 with a grade of C- (1.7)or better.,,Development of effective communication techniques in performance situations for electronic media.,2011
33032,AUDIO STUDIO PRODUCTION ,JMC,2.75 overall GPA; and JMC 23031 with a grade of C- (1.7) or better; and a score of at least 70% on the Grammar Usage and Punctuation (GUP) test and a journalism and mass communication (JMC) major.,,"Production of in-studio audio programming units, with laboratory unit required as part of course.",2011
33033,AUDIO FIELD PRODUCTION ,JMC,2.75 overall GPA; and JMC 23031 with a grade of C- (1.7) or better; and a journalism and mass communication (JMC) major; and a score of at least 70% on the Grammar Usage and Punctuation (GUP) test .,,"A study of the theory and craft of audio field production, providing analysis and practice of remote information gathering techniques and music recording.",2011
33036,BASIC MEDIA ENGINEERING ,JMC,2.75 overall GPA; and MATH 11009; and JMC 23030 with a grade of C- or better and JMC 23031 with a grade of C- or better; and a journalism and mass communication (JMC) major; and a score of at least 70% on the Grammar Usage and Punctuation (GUP) test .,,"Introduction to basic electronic media technology and systems, providing knowledge and vocabulary to allow communication with broadcast engineers. Overview of radio/TV operations and legal viewpoint. Prep for SBE operators' cert. Exam.",2011
33042,VIDEO STUDIO PRODUCTION ,JMC,2.75 overall GPA; and JMC 23030 with a grade of C- (1.7) or better; and pre/corequisite JMC 30004 with a grade of C- (1.7) or better; and a journalism and mass communication (JMC) major.,JMC 30004 with a grade of C- (1.7) or better; and a journalism and mass communication (JMC) major.,Study of producing and directing various types of video studio programs. Two hours lecture two hours lab.,2011
33043,VIDEO FIELD PRODUCTION ,JMC,2.75 overall GPA; and JMC 22002 and 22003 and 23030 all with a grade of C- (1.7)or better; and a journalism and mass communication (JMC) major; and a score of at least 70% on the Grammar Usage and Punctuation (GUP) test .,,Producing programs and packages with portable video equipment outside the studio. Editing program material. Two hours lecture three hours lab.,2011
33092,RADIO-TELEVISION OPERATIONS ,JMC,2.75 overall GPA; and JMC 20003 with a grade of C- (1.7) or better; and sophomore standing and special approval.,,Performance of assigned activities in radio or television under faculty supervision. May be repeated for up to 3 hours.,2011
34038,MEDIA SALES AND SALES MANAGEMENT ,JMC,2.75 overall GPA; and JMC 30034 or 31003 either with a grade of C- (1.7) or better; and journalism and mass communication (JMC) major.,,Selling techniques in electronic and print media; sales policies procedures rate card structure sales proposals and related promotional aspects.,2011
34050,PROMOTIONS FOR ELECTRONIC MEDIA ,JMC,2.75 overall GPA; JMC 20008 and journalism and mass communication (JMC) major.,,"Fundamentals and latest trends in broadcast and cable promotion, including branding advertising and marketing.",2011
36005,COPYEDITING ,JMC,2.75 overall GPA and JMC 26001 with a grade of C- (1.7) or better.,,Improving the writing of other journalists and writing headlines. Intensive review of APA style and grammar.,2011
38002,PUBLIC RELATIONS CASE STUDIES ,JMC,2.75 overall GPA; and a grade of B- (2.7) or better in JMC 20004; and JMC 28001 with a grade of C- (1.7) or better and a score of at least 70% on the Grammar Usage and Punctuation (GUP) test.,,Explores the process and the practice of public relations through review and analysis of actual case studies. Students also learn pr process by planning and preparing their own case study projects for a real world client organization.,2011
40002,REPORTING FOR MASS MEDIA ,JMC,2.75 GPA and special approval.,,Theory and practice in newswriting and reporting; news values and news judgment lead and story development techniques of gathering information and dealing with sources of news writing for deadline. Course may not be taken for credit or applied toward any requirements by a Journalism and Mass Communication (JMC) major or minor without special approval.,2011
40003,EDITING FOR MASS MEDIA ,JMC,2.75 overall GPA and special approval.,,"Theory and practice in copy editing, headline writing and editing photographs and information graphics for print and on-line publications. Hours do not count toward degree.",2011
40004,COMPUTER ASSISTED REPORTING ,JMC,2.75 overall GPA; and JMC 26007 or 26008 either with a grade of C- (1.7) or better.,,"Computer analysis of large data sets, focusing on government court police records for preparation of news stories basics of online searching software and databases.",2011
40006,LAW OF MASS COMMUNICATION ,JMC,courses. Prerequisite: 2.75 overall GPA; and journalism and mass communication (JMC) major and senior standing and special approval needed from department.,,Libel and slander; privacy copyright obscenity regulation of advertising broadcasting and corporate speech access to government legal; problems of new media. See your adviser for major specific,2011
40007,REVIEWING THE ARTS ,JMC,2.75 overall GPA; and a grade of B- (2.7) or better in JMC 20004 or JMC 26001 with a grade of C- (1.7) or better; and junior or senior standing.,,"Reviewing and criticizing of performing, visual and literary arts. Emphasis on books, film, TV and theatre.",2011
40008,HISTORY OF AMERICAN MASS COMMUNICATION ,JMC,2.75 overall GPA; and junior or senior standing.,,Evolution of the American mass communication/media from beginning to present day.,2011
40009,COMPARATIVE MEDIA SYSTEMS ,JMC,2.75 overall GPA; and junior or senior standing and special approval.,,"Study of the forms, organization scope and modes of operation of media systems in foreign lands. Also examines agents channels and contents of international communication.",2011
40010,ETHICS AND ISSUES IN MASS COMMUNICATION ,JMC,"2.75 overall GPA; and journalism and mass communication (JMC); and senior standing; and at least 18 hours of JMC courses with a C- (1.7) or better, including a grade of B- (2.7) or better in JMC 20004; and a score of at least 70% on the Grammar Usage and Punctuation (GUP) test.",,"Ethical problems and issues in mass communication within a framework of basic theories, functions and social roles of the mass media.",2011
40012,ONLINE JOURNALISM ,JMC,2.75 overall GPA; and JMC 26007 or 26008 with a grade of C- (1.7) or better.,,Study and evaluation of online news and news sites; reporting and writing for online news media design production and maintenance of an online news site ethical legal and economic issues related to online news.,2011
40013,TELEVISION SPORTS PRODUCTION ,JMC,"2.75 cumulative GPA; and sophomore, junior or senior standing; and journalism and mass communication (JMC) major.",,A comprehensive study of the production of live action television.,2011
40015,MEDIA MANAGEMENT ,JMC,2.75 overall GPA; and a B- (2.7) or better in JMC 20004 and journalism and mass communication (JMC) major and senior standing and a score of at least 70% on the Grammar Usage and Punctuation (GUP) test.,,"Exploring management issues unique to media organizations and the impact of those issues on the organization's structure, economics markets and employees.",2011
40016,LAW OF ADVERTISING AND PUBLIC RELATIONS ,JMC,2.75 overall GPA; and 18 hours of JMC courses all with a grade of C- (1.7) or better; and JMC 31002 or 31003 or 38002 with a grade of C-(1.7) or better; and advertising (ADV) or public relations (PR) majors.,,Regulation of advertising and corporate speech; first amendment libel and privacy legal problems of new media.,2011
40020,AUDIO AND STILL PHOTO PROD ,JMC,2.75 overall GPA; and minimum grade of C- (1.7) in JMC 22001 and journalism and mass communication (JMC) major and junior or senior standing.,,Develop skills in telling journalistic stories by producing multimedia news stories through research and planning; reporting using digital cameras and digital audio recorders; editing photos and audio.,2011
40022,FILM AS COMMUNICATION ,JMC,2.75 overall GPA; and JMC 20004 with a grade of B- (2.7) or better or JMC 20005 with a grade of C- (1.7) or better.,,Study of the relationship of television and theatre films to the mass audience in terms of components and effects.,2011
40023,NON-TRADITIONAL JOURNALISM ,JMC,2.75 overall GPA; and minimum grade of C- (1.7) in JMC 26007 and journalism and mass communication (JMC) major and junior or senior standing.,,The study of journalistic writing that goes beyond the inverted pyramid and traditional feature story and has topics traditionally not defined as news. Students will also work as part of a team on multi-part stories.,2011
40027,MANAGING MEDIA DIVERSITY ,JMC,,,Aspects of diversity and how it changes our environment with emphasis on the field of mass communication.,2011
40030,COLLABORATIVE ONLINE PRODUCING ,JMC,2.75 overall GPA; and minimum grade of C- (1.7) in JMC 40012 and journalism and mass communication (JMC) major and special approval.,,"The use of multimedia and interactive storytelling tools such as video, audio and graphics. Students work in teams to produce packages for online news sites and organizational videos.",2011
40034,ADVANCED ELECTRONIC MEDIA PROGRAMMING ,JMC,2.75 overall GPA and JMC 30034 with a grade of C- (1.7) or better.,,"Program practices in radio, television, cable, film and new media with an emphasis on projects and written proposals regarding program strategies and tactics.",2011
40035,TELEVISION GRAPHICS ,JMC,2.75 overall GPA; and journalism and mass communication (JMC) major and junior or senior standing.,,"Basic design, theory and technique in creating and preparing TV and video graphics.",2011
40036,NON-LINEAR VIDEO EDITING ,JMC,2.75 overall GPA; and journalism and mass communication (JMC) major and junior or senior standing.,,Introduction to planning and creating short computer video programs integrating multi-layered digital effects and transitions for application by end users in a variety of current video field formats.,2011
40037,SCRIPTWRITING FOR VIDEO AND FILM ,JMC,2.75 overall GPA; and JMC 30004 with a grade of C- (1.7) or better; and journalism and mass communication (JMC) major.,,The emphasis of the course is on writing dramatic scripts for broadcast or motion pictures. The course also includes current perspectives on market needs.,2011
40092,INTERNSHIP ,JMC,2.75 overall GPA and special approval.,,Experience in a professional setting under professional supervision in student's field of specialization. May be repeated once.,2011
40095,SPECIAL TOPICS IN JMC ,JMC,2.75 overall GPA.,,Selected topics of special interest not covered in depth in existing courses; offered as resources permit.,2011
40096,INDIVIDUAL PROJECTS IN MASS COMMUNICATIONS ,JMC,2.75 overall GPA; junior or senior standing and special approval.,,Individual research projects in mass communications. Letter grades and ip permissible.,2011
40099,SENIOR HONORS PROJECT ,JMC,2.75 overall GPA; open only to journalism and mass communication (JMC) majors admitted to the Honors College.,,Thesis or other independent study project in mass communication. Ip grades permissible.,2011
40192,RADIO-TELEVISION INTERNSHIP ,JMC,2.75 overall GPA and special approval.,,"Experience, under professional supervision in a radio or television station or other industry using electronic audio or video communications. May be repeated once.",2011
40193,VARIABLE TITLE WORKSHOP IN JMC ,JMC,2.75 overall GPA and special approval.,,Workshop setting dealing with topics in mass communications.,2011
40196,INDEPENDENT STUDY IN RADIO AND TELEVISION ,JMC,2.75 overall GPA; and junior or senior standing and special approval.,,Research and writing on topics approved by the students' advisers and study directors. Repeatable for a total of 6 hours.,2011
40295,SPECIAL TOPICS IN COMPUTER LABORATORY ,JMC,2.75 overall GPA and special approval.,,Selected topics of special interest not covered in depth in existing courses; offered as resources permit.,2011
41002,ADVANCED ADVERTISING COPYWRITING ,JMC,2.75 overall GPA; and JMC 31002 and 31003 both with a grade of C- (1.7) or better; and special approval.,,Advanced copywriting projects in print advertising and corporate communications and execution of the entire print advertising campaigns.,2011
41003,ADVERTISING ACCOUNT MANAGEMENT ,JMC,2.75 overall GPA and JMC 31002 with a grade of C- or better and JMC 31003 with a grade of C- or better.,,"An introduction to advertising account management including the functions of an account manager, skills required to be an account manager and how to effectively lead a team of professionals.",2011
41004,BROADCAST COPYWRITING ,JMC,2.75 overall GPA; and JMC 30004 or 31002 either with a grade of C- (1.7) or better; and journalism and mass communication (JMC) major.,,Application of advertising principles to broadcast media. Emphasis on commercial copy and client relationships.,2011
41005,ADVERTISING CAMPAIGNS ,JMC,2.75 overall GPA; and JMC 31002 and 31003 both with a grade of C- (1.7) or better; and a journalism and mass communication (JMC) major.,,"Analysis of the planning, financing and execution of an advertising campaign through case study methods.",2011
41081,ADVERTISING PRACTICES ,JMC,2.75 overall GPA; and JMC 31002 and 31003 with a grade of C- (1.7) or better.,,The study of current advertising practices and issues.,2011
42005,COLOR PHOTOGRAPHY ,JMC,2.75 overall GPA; and JMC 32001 with a grade of C- (1.7) or better; and journalism and mass communication (JMC) major.,,Nature of color transparency and negative films. Student produces transparencies and prints for assignments. Photojournalism majors must have a 35mm camera photo illustration majors must have a 4x5 camera.,2011
42007,PHOTO-ILLUSTRATION TECHNIQUES ,JMC,JMC 32004 and 42005 with a grade of C- (1.7) or better and journalism and mass communication (JMC) major.,,Creative photography for advertising and editorial uses. Assignments made in an art director/ photographer relationship. Critique by professionals in addition to academic evaluation.,2011
42008,ADVANCED PHOTOJOURNALISM ,JMC,2.75 overall GPA; and JMC 26007 and 32002 both with a grade of C- (1.7) or better.,,Discussion of contemporary photojournalists and issues. Production of photo documentary multimedia and illustrations appropriate to photojournalism. Senior portfolio review.,2011
42009,FASHION PHOTOGRAPHY ,JMC,2.75 overall GPA; and JMC 42005 with minimum C- (1.7) grade; and JMC 32001 or 32004 with minimum C- (1.7) grade.,,"Instruction in studio lighting, filters special effects. Emphasis on editorial and advertising fashion photography. Studio and location assignments.",2011
42092,PRACTICUM IN PHOTOGRAPHY,JMC,2.75 overall GPA; and junior or senior standing and special approval.,,(repeatable for a total of 10 hours) individual or group investigation into student selected areas of photographic field.,2011
43035,ADVANCED TELEVISION NEWS PRODUCING ,JMC,2.75 overall GPA; and journalism and mass communication (JMC) major and special approval.,,Advanced understanding of how to produce news content for broadcast and the web.,2011
43036,RECORD PROMOTION ,JMC,2.75 overall GPA; and journalism and mass communication (JMC) or communications studies (COMM) major.,,"Class operates as an independent record label to critique, select, promote, publicize and sell original recorded music.",2011
44040,CONCEPT PSYCHOGRAPHICS ,JMC,2.75 overall GPA; and a grade of B- (2.7) or better in JMC 20004 and JMC 30034 with a grade of C- (1.7) or better; and a score of at least 70% on the Grammar Usage and Punctuation (GUP) test.,,"Analysis of media consumers utilizing demographic, attitudinal and lifestyle variables compared with more traditional approaches. Applications for programming advertising and public relations are examined.",2011
44042,LIVE SPORTS PRODUCTION ,JMC,"2.75 overall GPA; and JMC 23030 and 23031 with a grade of C- or better; JMC 30004 as pre- or co-requisite with a grade of C- or better; JMC major; and a score of at least 70% on the Grammar, Usage & Punctuation (GUP) test.",JMC 44043 and 45000.,"The study and broadcast of live sporting events, sports news and sports commentary shows. Hands-on production of such sporting events as basketball, wrestling and gymnastics. Live broadcasts in both studio and remote locations.",2011
44043,SPORTS FIELD PRODUCTION ,JMC,"2.75 overall GPA and JMC 23030 and 23031 with a grade of C- or better. JMC 30004 as pre or co-requisite with a grade of C- or better. JMC major and a score of at least 70% on the Grammar, Usage & Punctuation (GUP) test.",JMC 44042 and 45000.,"Video shooting and editing of sports packages and short documentaries. This includes player and coach profiles, highlights and lead-ins.",2011
44045,PROMOTIONS FOR ELECTRONIC MEDIA ,JMC,2.75 cumulative GPA and journalism and mass communication (JMC) major.,,Fundamental and latest trends in broadcast and cable promotion.,2011
44050,AUDIO FOR VIDEO ,JMC,2.75 cumulative GPA and journalism and mass communication (JMC) major.,,"Understanding of the sonic aspects of visual productions including video studio, video field and online applications.",2011
45000,TELEVISION SPORTS GRAPHICS PRODUCTION ,JMC,"2.75 overall GPA; and JMC 23030 and 23031 with a grade of C- or better. JMC 30004 as a pre- or co-requisite with a grade of C- or better. JMC major and a score of at least 70% on the Grammar, Usage & Punctuation (GUP) test.",JMC 44042 and 44043.,Techniques in creating and preparing TV and video graphics for live sports events.,2011
46000,NEWSPAPER DESIGN ,JMC,2.75 overall GPA; and JMC 26001; and JMC 22001 or 22000; and VCD 37000 all with a grade of C- (1.7) or better.,,Design of newspapers from small inside pages to elaborate feature pages. News judgment. Basic information graphics and photo editing.,2011
46001,INFORMATION GRAPHICS ,JMC,2.75 overall GPA; and a grade of B- (2.7) or better in JMC 20004; and VCD 37000 with a grade of C- (1.7) or better; and a journalism and mass communication (JMC) major; and a score of at least 70% on the Grammar Usage and Punctuation (GUP) test.,,"Introduction to shapes, color type and combinations of these for computer designed news graphics maps charts graphs and diagrams.",2011
46003,PRODUCING TELEVISION NEWS ,JMC,2.75 overall GPA; and minimum grade of C- (1.7) in JMC 26008 and a journalism and mass communication (JMC) major.,,"Introduction to the theory and practice of producing content for TV news and public affairs programs. Emphasis is placed on understanding news philosophies, storytelling story selection and rundown placement.",2011
46006,EDITORIAL WRITING ,JMC,2.75 overall GPA; and JMC 26007 or 26008 either with a grade of C- (1.7) or better; and a journalism and mass communication (JMC) major.,,Structures and purpose of editorial and column writing; study of editorial section of newspaper practice in writing editorials.,2011
46007,REPORTING IN DEPTH ,JMC,2.75 overall GPA; and JMC 26007 with a grade of C- or better or JMC 26008 with a grade of C- or better; and a journalism and mass communication (JMC) major.,,"Techniques involved in researching, interviewing and writing in depth news articles and analyses.",2011
46009,REPORTING PUBLIC AFFAIRS ,JMC,2.75 overall GPA; and JMC 26007 or 26008; and JMC 36005 or 46003 all with a grade of C- or better; and journalism and mass communication (JMC) major.,,"Instruction and practice in reporting all areas of public affairs, including government and the courts. Use of precision journalism techniques.",2011
46016,MAGAZINE PUBLISHING ,JMC,2.75 overall GPA; and a grade of B- (2.7) or better in JMC 20004; and a journalism and mass communication (JMC) major and junior standing; and a score of at least 70% on the Grammar Usage and Punctuation (GUP) test .,,"Overview of magazine publishing: editorial, advertising, circulation and production. Analysis of magazines.",2011
46018,FEATURE WRITING ,JMC,2.75 overall GPA; and JMC 26007 with a grade of C- (1.7) or better.,,"Researching, writing and placement of feature stories in publications.",2011
46020,MAGAZINE DESIGN ,JMC,2.75 overall GPA; and JMC 22000 and 26001 and 46016 and VCD 37000 all with a grade of C- (1.7) or better.,,Marriage of words and visuals for designing magazine layouts and covers in desktop publishing.,2011
46021,MAGAZINE WRITING AND EDITING ,JMC,2.75 overall GPA; and JMC 36005 and 40005 both with a grade of C- (1.7) or better.,,"Research, interviewing writing and marketing of major magazine articles. Also editing techniques for magazines.",2011
46052,ADVANCED BROADCAST NEWS PRACTICES ,JMC,2.75 overall GPA and JMC 26008 with a grade of C- (1.7) or better.,,"Study of investigative news stories, newsroom operations, editing and producing broadcast news programs. Advanced projects in broadcast news.",2011
46054,BROADCAST DOCUMENTARY ,JMC,"2.75 overall GPA; and two of the following: JMC 33033, JMC 33034, JMC 33042, JMC 33043 -- all with a grade of C- (1.7) or better.",,Development of documentary form for radio and television. Analysis and production of documentaries. Utilization of audio and video recording and editing.,2011
47003,TEACHING HIGH SCHOOL JOURNALISM ,JMC,junior or senior standing and special approval of instructor.,,Methods and materials for teaching journalism in high schools.,2011
47004,DESKTOP PUBLISHING FOR HIGH SCHOOL JOURNALISM TEACHERS ,JMC,,,Basics of InDesign desktop publishing program as it relates to high school newspapers and magazines.,2011
47005,ADVISING JOURNALISM PUBLICATIONS ,JMC,JMC 47003 with a grade of C- (1.7) or better.,,Group study of problems posed by advisers enrolled in the course.,2011
48001,MEDIA RELATIONS AND PUBLICITY ,JMC,2.75 overall GPA; JMC 26001; and JMC 26007 or 26008; and JMC 38002 all with a grade of C- (1.7) or better; and journalism and mass communication (JMC) major.,,"Planning and preparation of materials for use by the news media, both on paper and online. The course explores the media relations function along with the uses and limitations of mass media in public relations practice.",2011
48002,PUBLIC RELATIONS TACTICS ,JMC,2.75 overall GPA; and JMC 26001 and 38002 both with a grade of C- (1.7) or better.,,"Planning and preparation of face-to-face public relations tactics, including spokesperson training for on and off camera appearances special event planning speeches and presentations with visual support and other applications of ""writing for the ear.""",2011
48003,PUBLIC RELATIONS ONLINE TACTICS ,JMC,2.75 overall GPA; and JMC 26001 and 28001; and JMC 26007 or 26008; and 38002 all with a grade of C- (1.7) or better.,,Explore fundamentals of web site planning and design and provides hands-on skills development using the full range of cyber media techniques. Includes emphasis on writing for online audiences.,2011
48006,PUBLIC RELATIONS PUBLICATIONS ,JMC,2.75 overall GPA; and JMC 26001 and VCD 37000 both with a grade of C- (1.7) or better; and a journalism and mass communication (JMC) major.,,"Planning, writing and design of organizational publications including newsletters brochures flyers promotional mailers and web sites. Course also explores the print production process.",2011
48020,MASS MEDIA ORGANIZATIONS AND PUBLIC INFORMATION ,JMC,2.75 overall GPA and junior or senior standing.,,The roles of public information and mass media in public opinion formation. Techniques of assessing interpreting public opinion polls and creating public information strategies using mass media.,2011
48091,SEMINAR: PUBLIC RELATIONS CAMPAIGNS ,JMC,2.75 overall GPA; and JMC 26007 or 26008; and JMC 38002; and three of these four--JMC 48001 and 48002 and 48003 and 48006--all with a grade of C- (1.7) or better.,,"This capstone course in the public relations major requires student teams to combine research, planning and execution into a single public relations campaign developed for a real world organization.",2011
49021,CORPORATE VIDEO ,JMC,2.75 overall GPA; and two of the following: JMC 33033 and 33034 and 33042 and 33043 both with a grade of C- or better; and a journalism and mass communication (JMC) major.,,The use of video in corporate and organizational environments. Emphasis is placed on the structure and function of the medium within each environment.,2011
50001,FUNDAMENTALS OF MEDIA MESSAGES ,JMC,Special approval and graduate standing.,,"Working with messages for print, broadcast, electronic and new media outlets. Course may not be taken for credit nor applied toward any requirements by a JMC major.",2011
50002,REPORTING FOR MASS MEDIA ,JMC,Special approval and graduate standing.,,Theory and practice in newswriting and reporting; news values and news judgment; lead and story development; techniques of gathering information and dealing with sources of news; writing for deadline. Hours do not count toward degree.,2011
50003,EDITING FOR MASS MEDIA ,JMC,JMC 50002 and graduate standing.,,"Theory and practice in copy editing, headline writing and editing photographs and information graphics for print and on-line publications. Hours do not count toward degree.",2011
50004,COMPUTER-ASSISTED REPORTING ,JMC,JMC 50002 and graduate standing.,,"Computer analysis of large data sets focusing on government, court, police records, for preparation of news stories, basics of on-line searching; software and databases.",2011
50006,LAW OF MASS COMMUNICATION ,JMC,Graduate standing.,,"Libel and slander; privacy, copyright, obscenity; regulation of advertising and broadcasting; antitrust law and mass media; legal problems reporting courts, legislatures; taxation, licensing.",2011
50007,REVIEWING THE ARTS ,JMC,Special approval and graduate standing.,,"Reviewing and criticism of performing, visual and literary arts. Emphasis on books, film, TV and theater.",2011
50012,ONLINE JOURNALISM ,JMC,JMC 50002 and graduate standing.,,"Study and evaluation of online news and news sites; reporting and writing for online news media; design, production and maintenance of an online news site; ethical, legal and economic issues related to online news.",2011
50013,TELEVISION SPORTS PRODUCTION ,JMC,journalism and mass communication (JMC) major and graduate standing.,,A comprehensive study of the production of live action television sports coverage.,2011
50015,MEDIA MANAGEMENT ,JMC,Graduate standing.,,"A study of administrative problems, methods, procedures in the management of media corporations.",2011
50016,LAW FOR ADVERTISING AND PUBLIC RELATIONS ,JMC,Special approval and graduate standing.,,Regulation of advertising and public relations; first amendment; libel and privacy; legal problems of new media; research in persuasive media.,2011
50020,AUDIO AND STILL PHOTO PRODUCTION ,JMC,journalism and mass communication (JMC) major and graduate standing.,,Develop skills in telling journalistic stories by producing multimedia news stories through research and planning; reporting using digital cameras and digital audio recorders; editing photos and audio.,2011
50023,NON-TRADITIONAL JOURNALISM ,JMC,journalism and mass communication (JMC) major and graduate standing.,,The study of journalistic writing that goes beyond the inverted pyramid and traditional feature story and has topics traditionally not defined as news. Students will also work as part of a team on multi-part stories.,2011
50027,MANAGING MEDIA DIVERSITY ,JMC,graduate standing.,,Aspects of diversity and how it changes our environment with emphasis on the field of mass communication.,2011
50030,COLLABORATIVE ONLINE PRODUCING ,JMC,journalism and mass communication (JMC) major and graduate standing.,,"The use of multimedia and interactive storytelling rules such as video, audio and graphics. students work in teams to produce packages for online news sites and organizational videos.",2011
50035,TELEVISION GRAPHICS ,JMC,graduate standing.,,"Basic design, theory and technique in creating and preparing TV and Video graphics.",2011
50036,NON-LINEAR VIDEO EDITING ,JMC,journalism and mass communication (JMC) major and graduate standing.,,Introduction to planning and creating short computer video programs integrating multi-layered digital effects and transitions for application by end users in a variety of current video file formats.,2011
50037,SCRIPTWRITING FOR VIDEO AND FILM ,JMC,Special approval and graduate standing.,,The emphasis of the course is on writing dramatic scripts for broadcast or motion pictures. The course also includes current perspectives on market needs.,2011
50193,VARIABLE TITLE WORKSHOP IN JOURNALISM AND MASS COMMUNICATION ,JMC,Special approval and graduate standing.,,"Intensive study of professional issues and problems in various areas of mass communication, utilizing the expertise of faculty and professionals in the field.",2011
51003,ADVERTISING ACCOUNTING MANAGEMENT ,JMC,JMC 60007 and graduate standing.,,"An introduction to advertising account management, its functions and the skills needed for this profession.",2011
53035,ADVANCED TELEVISION NEW PRODUCING ,JMC,graduate standing and special approval.,,Advanced understanding of how to produce news content for broadcast and the web.,2011
53036,RECORD PROMOTION ,JMC,journalism and mass communication (JMC) major and graduate standing.,,"Class operates as an independent record label to critique, select, promote, publicize and seal original recorded music.",2011
53042,VIDEO STUDIO PRODUCTION ,JMC,Special approval and graduate standing.,,"Study of producing and direction of various types of television studio programs. 2 hours lecture, 2 hours lab.",2011
54045,PROMOTIONS FOR ELECTRONIC MEDIA ,JMC,journalism and mass communication (JMC) major and graduate standing.,,Fundamental and latest trends in broadcast and cable promotion.,2011
54050,AUDIO FOR VIDEO ,JMC,journalism and mass communication (JMC) major and graduate standing.,,"Understanding of the sonic aspects of visual productions including video studio, video field and online applications.",2011
55051,REPORTING BROADCAST NEWS ,JMC,JMC 50002 and graduate standing.,,"Gathering and preparing broadcast news, with emphasis on unique style and presentation methods of broadcast media. Use of both audio and video recorders and editing equipment.",2011
56000,NEWSPAPER DESIGN ,JMC,JMC 50003 and graduate standing.,,Design of newspapers from small inside pages to elaborate feature pages. News judgment. Basic information graphics and photo editing.,2011
56001,INFORMATION GRAPHICS ,JMC,Special approval and graduate standing.,,"Introduction to shapes, color, type and combinations of these for computer-designed news graphics: maps, charts, graphs and diagrams.",2011
56003,PRODUCING TELEVISION NEWS ,JMC,JMC 55051 and journalism and mass communication (JMC) major and graduate standing.,,"Knowledge of the theory and practice of producing content for TV news and public affairs programs. Emphasis is placed on understanding news philosophies, storytelling story selection and rundown placement.",2011
56006,EDITORIAL WRITING ,JMC,JMC 50002 and graduate standing.,,Structure and purpose of editorial and column writing; study of editorial page practice in writing editorials.,2011
56007,REPORTING IN DEPTH ,JMC,JMC 50002 and graduate standing.,,"Techniques involved in researching, interviewing and writing in-depth news articles and analysis.",2011
56009,REPORTING PUBLIC AFFAIRS ,JMC,JMC 50002 and graduate standing.,,"Instruction and practice in reporting all areas of public affairs, including government and the courts. Use of precision journalism techniques.",2011
56016,MAGAZINE PUBLISHING ,JMC,Special approval and graduate standing.,,"Overview of magazine publishing-editorial, advertising, circulation and production. Analysis of magazines.",2011
56018,FEATURE WRITING ,JMC,JMC 50002 and graduate standing.,,"Researching, writing and placement of feature stories in publications.",2011
56020,MAGAZINE DESIGN ,JMC,JMC 50002 and JMC 50003 and JMC 56016 and graduate standing.,,Marriage of words and visuals for designing magazine layouts and covers in desktop publishing.,2011
56021,MAGAZINE WRITING AND EDITING ,JMC,JMC 50002 and JMC 50003 and graduate standing.,,"Research, interviewing, writing and marketing of major magazine articles. Also editing techniques for magazines.",2011
56052,ADVANCED BROADCAST NEWS PRACTICES ,JMC,JMC 55051 or JMC 56054 and graduate standing.,,"Study of investigative news stories, newsroom operations editing and producing broadcast news programs. Advanced projects in broadcast news.",2011
56054,BROADCAST DOCUMENTARY ,JMC,JMC 55051.,,"Development of the documentary form for radio/TV; analysis, production of radio/ TV documentary; utilization of audio/video recording/editing.",2011
57003,TEACHING HIGH SCHOOL JOURNALISM ,JMC,Graduate standing and special approval.,,Methods and materials for teaching journalism in high Department.,2011
57004,DESKTOP PUBLISHING FOR HIGH SCHOOL JOURNALISM TEACHERS ,JMC,graduate standing.,,Basics of InDesign desktop publishing program as it relates to high school newspapers and magazines.,2011
58001,MEDIA RELATIONS AND PUBLICITY ,JMC,Special approval and graduate standing.,,"Planning and preparation of materials for use by news media, Bothon paper and Online. Analysis of media relations function and media relations strategies. Uses and limitations of mass media in public relations practice.",2011
58002,PUBLIC RELATIONS TACTICS ,JMC,Graduate standing.,,"Planning and preparation of face-to-face public relations tactics, including spokesperson training for on- and off- camera appearances, special event planning, speeches and presentations with visual support and other applications of ""writing for the ear.""",2011
58003,PUBLIC RELATIONS: ONLINE TACTICS ,JMC,Special approval and graduate standing.,,Explore fundamentals of web site planning and design and provide hands-on skills development using the full range of cyber media techniques. Includes emphasis on writing for online audiences.,2011
58006,PUBLIC RELATIONS PUBLICATIONS ,JMC,Special approval and graduate standing.,,"Planning, writing and design of organizational publications including newsletters, brochures, fliers and promotional materials.",2011
59021,CORPORATE VIDEO ,JMC,Special approval and graduate standing.,,"The use of video in the legal, medical and corporate environments. Emphasis is placed on the structure and function of the medium within each environment.",2011
60000,INTRODUCTION TO GRADUATE STUDIES IN JOURNALISM AND MASS COMMUNICATION ,JMC,Graduate standing.,,An introductory survey of the various areas of professional and scholarly concentration in the fields of journalism and mass communication. Consideration of the relationship between professional practice and scholarly activity in those fields.,2011
60001,THEORY OF MASS COMMUNICATION ,JMC,Graduate standing.,,"Introduction to theory of mass communication, with emphasis on the process and effects of mass communication.",2011
60002,LEGAL PROBLEMS IN MASS COMMUNICATIONS ,JMC,Special approval and graduate standing.,,"Case studies related to the first amendment, libel, invasion of privacy, regulation of broadcasting and new media copyright, and access to information. Course focus will be the theories underlying these issues as well as practical application of the legal concepts.",2011
60003,ETHICS OF MASS COMMUNICATIONS ,JMC,Journalism and mass communication (JMC) major and graduate standing.,,Study of ethical problems of mass media in society; analysis of media policies; performance evaluation.,2011
60004,CYBERMEDIA LAW ,JMC,graduate standing.,,"Investigates how the law affects those who gather information and publish online, including issues relating to blogging, web site hosting, posting and online journalism, along with a basic ability to apply that knowledge in specific situations. Focus is on both existing law and developing public policy.",2011
60007,RESEARCH METHODS IN MASS COMMUNICATION ,JMC,Special approval and graduate standing.,,Introduction to methods of social science research which are applicable to study of mass communication.,2011
60009,SOCIAL ROLE OF THE MASS MEDIA ,JMC,Journalism and mass communication (JMC) major and graduate standing.,,"Application of professional, theoretical, historical, economic and political perspectives to examine the role of mass media in society both in terms of structure and function.",2011
60010,QUALITATIVE RESEARCH IN JOURNALISM AND MASS COMMUNICATION: DATA COLLECTION ,JMC,graduate standing.,,Designed to develop skills in qualitative data collection in journalism and mass communication with primary focus on human subjects and textual data.,2011
60015,ADVANCED MEDIA MANAGEMENT ,JMC,JMC 50015 and graduate standing.,,Theory and practice of management operations and problem-solving techniques specifically related to media companies. Emphasis will be using case studies from the media.,2011
60021,ADVANCED MAGAZINE WRITING ,JMC,JMC 56016 and JMC 50005 and graduate standing.,,Course builds on content in JMC 56016 and 50006. Purpose is to refine and hone writing skills for nonfiction magazine stories in print and online.,2011
60096,INDIVIDUAL INVESTIGATION IN MASS COMMUNICATION ,JMC,Special approval and graduate standing.,,Individual investigation of selected area or problem approved by graduate faculty. Repeatable for maximum of 6 hours.,2011
60098,RESEARCH ,JMC,Special approval and graduate standing.,,Research or individual investigation for master's level graduate students. Credits earned may be applied toward meeting degree requirements if school approves. Repeated registration permitted. Maximum of 3 hours may be applied to degree if school approves.,2011
60195,SPECIAL TOPICS SEMINAR ,JMC,Special approval and graduate standing.,,Study of important topics in mass communication. Offered irregularly in response to existing interests and opportunities.,2011
60196,READINGS IN MASS COMMUNICATIONS ,JMC,Special approval and graduate standing.,,Student pursues course of readings approved by instructor to cover subject specialty student cannot obtain from formal course offerings.,2011
60199,THESIS I ,JMC,Special approval and graduate standing.,,"Thesis students must register for a total of 6 hours, 2 to 6 hours in single semester distributed over several semesters if desired.",2011
60295,SPECIAL TOPICS IN COMPUTER LAB ,JMC,Special approval.,,Selected topics of special interest not covered in depth in existing courses; offered as resources permit.,2011
60296,ADVANCED READINGS IN JOURNALISM AND MASS COMMUNICATION ,JMC,Graduate standing and special approval.,,Consolidation and synthesis of learning experiences in the graduate program. Application of graduate study to future professional careers. Updates on latest developments in the fields of JMC and their impact on the future of academic study and professional practice in the discipline.,2011
60299,THESIS II ,JMC,JMC 60199 and graduate standing.,,Thesis student must continue registration each semester until all degree requirements are met.,2011
60396,MASTER'S PROFESSIONAL PROJECT ,JMC,Special approval and graduate standing.,,Completion and defense of a substantial professional project in one of the fields of journalism and mass communication.,2011
64072,ADMINISTRATIVE PROBLEMS IN RADIO AND TELEVISION ,JMC,JMC 50015 and graduate standing.,,"Advanced study of management topics in radio, television cable and corporate television settings. Case studies and individual projects.",2011
65660,POLITICAL COMMUNICATION ,JMC,Graduate standing.,,"An examination of political communication theory and research. Content includes approaches to political communication, role of the media in politics and analysis of political messages.",2011
66005,PROFESSIONAL NEWS EDITING ,JMC,JMC 50003 and graduate standing.,,"Professionally oriented work at the advanced level in selecting, editing and displaying stories and photographs in print journalism; role and responsibility of editors.",2011
66010,SPECIALIZED REPORTING ,JMC,JMC 56009 and JMC 55051 and graduate standing.,,"Newsgathering techniques in specialty areas such as politics, labor, medicine, business and technology techniques of team reporting.",2011
66015,ROLE OF THE EDITOR ,JMC,JMC 50002 and JMC 50003 and graduate standing.,,"The role of the supervising editor in a news operation. How to plan coverage, generate story ideas, work with reporters and other editors, and deal with community issues.",2011
66020,PRECISION JOURNALISM ,JMC,JMC 50002 and graduate standing.,,"Professional application of social science research methods and statistics to the news industry. Writing stories on public opinion polls, public records and field experiments.",2011
66092,INTERNSHIP IN JOURNALISM AND MASS COMMUNICATION ,JMC,Special approval and graduate standing.,,Experience in a department or company involving supervised professional responsibilities in journalism and mass communication. Minimum 150 hours of work for each credit hour.,2011
67094,COLLEGE TEACHING OF JOURNALISM ,JMC,Special approval and graduate standing. 1.000 OR,,Staff training and experience in college teaching. Only 3 hours may be applied toward master's degree.,2011
68000,PUBLIC RELATIONS THEORY AND PROCESS ,JMC,Special approval and graduate standing.,,Introduces students to the profession of public relations by exploring both the theories and the processes employed by PR practitioners. Course also explores the history and social role of public relations as well as ethics and social responsibility.,2011
68001,PUBLIC RELATIONS MANAGEMENT ,JMC,JMC 68000 and graduate standing.,,"Perspectives, skills needed to manage an organization's PR function, particularly strategic planning, implementation and evaluation. Emphasis on managerial aspects of negotiating organizational relationships with publics.",2011
80001,THEORY OF MASS COMMUNICATION ,JMC,doctoral standing.,,Introduction to theory of mass communication with emphasis on the process and effects of mass communication.,2011
80004,CYBERMEDIA LAW ,JMC,doctoral standing.,,"Investigates how the law affects those who gather information and publish online, including issues relating to blogging, web site hosting, posting and online journalism, along with a basic ability to apply that knowledge in specific situations. Focus is on both existing law and developing public policy.",2011
80010,QUALITATIVE RESEARCH IN JOURNALISM AND MASS COMMUNICATION: DATA COLLECTION ,JMC,doctoral standing.,,Designed to develop skills in qualitative data collection in journalism and mass communication with primary focus on human subjects and textual data.,2011
