10006,BASIC ALGEBRA I AND II ,MATH,,,Covers exactly the same topics as MATH 10021 and 10022 combined. Not offered on every campus. Hours not counted toward graduation.,2011
10007,BASIC ALGEBRA III AND IV ,MATH,or corequisite: minimum C (2.0) grade in MATH 10006 or in MATH 10022.,minimum C (2.0) grade in MATH 10006 or in MATH 10022.,Covers exactly the same topics as MATH 10023 and 10024 combined. Not offered on all campuses.,2011
10020,PRE-ALGEBRA ,MATH,,,"Properties of whole numbers, fractions, decimals, percents, signed numbers and order of operations, to a greater degree than in Core Math I and Core Math II. Mental math and elementary algebraic thinking skills are emphasized and use of calculators is not allowed. Hours not counted toward graduation.",2011
10021,BASIC ALGEBRA I ,MATH,,,"Includes operations on integers, fractions, decimals and percents, properties of real numbers. Introduction to variables, first degree equations and problem-solving with formulas. Equations and inequalities in one variable, linear equations, rate of change and slope, graphing in the Cartesian plane. Hours do not count toward graduation.",2011
10022,BASIC ALGEBRA II ,MATH,or corequisite: minimum C (2.0) grade in MATH 10021.,minimum C (2.0) grade in MATH 10021.,"Introduction to functions, systems of linear equations, exponents, polynomial operations, scientific notation. Factoring polynomials, solving quadratics by factoring, radicals and rational exponents. Hours not counted toward graduation.",2011
10023,BASIC ALGEBRA III ,MATH,or corequisite: minimum C (2.0) grade in MATH 10006 or 10022.,minimum C (2.0) grade in MATH 10006 or 10022.,"Zeros of functions, rational expressions and equations, problem-solving with rational expressions, intermediate factoring techniques. Quadratics: functions, graphs, equations, inequalities, ""quadratic type"" equations and problem-solving.",2011
10024,BASIC ALGEBRA IV ,MATH,or corequisite: minimum C (2.0) grade in MATH 10023.,minimum C (2.0) grade in MATH 10023.,"Advanced factoring techniques, rational functions, radical equations, absolute value equations and inequalities. Exponential and logarithmic functions: introduction, graphing, problem-solving.",2011
10041,ELEMENTARY PROBABILITY AND STATISTICS ,MATH,,,"Descriptive statistics, probability concepts, binomial and normal distributions. Sampling, estimation, hypothesis testing. Analysis of paired data, linear models and correlation. Students who have not taken a previous mathematics course at Kent State must see an academic advisor for placement. Students should have appropriate placement scores, or have minimum C (2.0) grade in MATH 10007 or any math course higher than 10023.",2011
11008,EXPLORATIONS IN MODERN MATHEMATICS ,MATH,,,"Topics from various branches of mathematics will be chosen to introduce the student to the wide varieties of ways in which mathematics affects everyday life. Students who have not taken a previous mathematics course at Kent State must see an academic advisor for placement. Students should have appropriate placement scores (at least ACT 22 or equivalent), or have a minimum C (2.0) grade in MATH 10007 or any math course numbered MATH 10023 or higher before taking this course.",2011
11009,MODELING ALGEBRA ,MATH,,,"Study of algebra arising in the context of real-world applications, including linear, polynomial, exponential and logarithmic models. Intended for students not planning to take calculus. No graduation credit for this course for students who have already passed MATH 11010. Students who have not taken a previous mathematics course at Kent State must see an academic advisor for placement. Students should have appropriate placement scores (at least ACT 22 or equivalent), or have a minimum C (2.0) grade in MATH 10023 or MATH 10007 before taking this class.",2011
11010,ALGEBRA FOR CALCULUS ,MATH,,,"Study of elementary functions and graphs, including polynomial, exponential and logarithmic functions; complex numbers; binomial theorem. No credit earned for this course if student earned credit for MATH 11011 or 12001. Students who have not taken a previous mathematics course at Kent State must see an academic advisor for placement. Students should have appropriate placement scores (at least ACT 22 or equivalent), or have a minimum C (2.0) grade in MATH 10007 or 10024 before taking this class.",2011
11012,INTUITIVE CALCULUS ,MATH,,,"Designed to give an overview of differential and integral calculus to business and life-science majors. Does not include trigonometric functions. No credit earned for this course if student earned credit for MATH 12002. Students who have not taken a previous mathematics course at Kent State must see an academic advisor for placement. Students should have appropriate placement scores, or have minimum C (2.0) grade in MATH 11010 before taking this class.",2011
11022,TRIGONOMETRY ,MATH,,,"Solution of triangles, trigonometric equations and identities. Students who have not taken a previous mathematics course at Kent State must see an academic advisor for placement. Students should have appropriate placement scores, or take MATH 11010 concurrently, or have minimum C (2.0) grade in MATH 11010 before taking this class.",2011
12002,ANALYTIC GEOMETRY AND CALCULUS I ,MATH,minimum C (2.0) grade in MATH 11010 and MATH 11022.,,"Concepts of limit, continuity and derivative, and the indefinite and definite integral for functions of one real variable. Maximization, related rates, fundamental theorem of calculus. No credit earned for this course if student earned credit for MATH 12011 or 12012. Students who have not taken a previous mathematics course at Kent State must see an academic advisor for placement.",2011
12003,ANALYTIC GEOMETRY AND CALCULUS II ,MATH,MATH 12002 or MATH 12012.,,"Continued study of techniques and applications of integration; trigonometric, logarithmic and exponential functions; polar coordinates; vectors; parametric equations; sequences and series.",2011
12011,CALCULUS WITH PRECALCULUS I ,MATH,minimum 55 COMPASS algebra score and either minimum 480 SAT math score or minimum 20 ACT math score; or minimum 36 COMPASS algebra score and either minimum 620 SAT math score or minimum 27 ACT math score.,,"Introduction to differential calculus with a review of algebra and trigonometry. Includes exponents, factoring, functions, graphs, tangent lines, limits, continuity, derivatives and related rates. No credit earned for this course is student earned credit for MATH 12002. Students who have not taken a previous mathematics course at Kent State must see an academic advisor for placement.",2011
12012,CALCULUS WITH PRECALCULUS II ,MATH,MATH 12011.,,"Development of integral calculus and continued study of differential calculus. Includes curve sketching optimization fundamental theorem of calculus areas between curves, exponential and logarithmic functions. No credit earned for this course if student earned credit for MATH 12002.",2011
12021,CALCULUS FOR LIFE SCIENCES ,MATH,Integrated life science (ILS) major.,,Differential and integral calculus using examples and problems in life sciences.,2011
12022,PROBABILITY AND STATISTICS FOR LIFE SCIENCES ,MATH,MATH 12002 or MATH 12012 or MATH 12021.,,Probability and statistics with applications in medical and biological sciences.,2011
14001,BASIC MATHEMATICAL CONCEPTS I ,MATH,,,"Development of the real number system and its sub-systems, open sentences, numeration systems, modular arithmetic and some number theory concepts. Students who have not taken a previous mathematics course at Kent State must see an academic advisor for placement. Students should have appropriate placement scores (at least ACT 22 or equivalent), or have minimum C (2.0) grade in MATH 10007 or any math course higher than 10023 before taking this class.",2011
14002,BASIC MATHEMATICAL CONCEPTS II ,MATH,MATH 14001.,,"Basic concepts of probability, statistics and geometry.",2011
19001,TECHNICAL MATHEMATICS I ,MATH,Special approval.,,"Introduction to geometry, algebra and trigonometry. For students in the engineering technologies.",2011
19002,TECHNICAL MATHEMATICS II ,MATH,MATH 19001.,,"Continuation of MATH 19001. Emphasizes advanced topics in algebra and trigonometry, analytic geometry, derivatives and integrals.",2011
19099,FIELD EXPERIENCE IN MATHEMATICS INSTRUCTION ,MATH,Special approval.,,Learning through tutoring. A supervised lab experience in providing explanations of mathematical concepts. May be repeated in a different area.,2011
20095,SPECIAL TOPICS IN MATHEMATICS ,MATH,Permission.,,Various special courses will be announced in the schedule of classes under this course number with different section numbers. Repeated registration permitted.,2011
21001,LINEAR ALGEBRA WITH APPLICATIONS ,MATH,MATH 11012 or MATH 12002.,,"Systems of linear equations and the associated matrix operations, linear transformations, vector spaces, bases, eigenvectors.",2011
21003,INTRODUCTION TO SYSTEMS ANALYSIS AND DATA COMMUNICATIONS ,MATH,MIS 24080.,,"Background in the topic of systems analysis, design development and implementation including an overview of teleprocessing.",2011
21092,COMPUTER PRACTICUM ,MATH,,,Supervised work experience in a computer installation.,2011
22005,ANALYTIC GEOMETRY AND CALCULUS III ,MATH,MATH 12003.,,"Study of functions of several variables, including partial derivatives and multiple integrals.",2011
23022,DISCRETE STRUCTURES FOR COMPUTER SCIENCE ,MATH,CS 10051 and a grade of C (2.0) or better in MATH 11010; or a Compass Algebra score of 55 or better and either SAT Math score of 540 or better or ACT Math score 23 or better.,,"Discrete structures for computer scientists with a focus on: mathematical reasoning, combinatorial analysis, discrete structures, algorithmic thinking, applications and modeling. Specific topics include logic, sets, functions, relations, algorithms, proof techniques, counting, graphs, trees, Boolean algebra, grammars and languages. No credit for MATH 31011.",2011
30011,BASIC PROBABILITY AND STATISTICS ,MATH,Grade of C (2.0) or better in MATH 11010.,,Analysis and representation of data. Controlled experiments and observations. Measurement errors. Correlation and regression. Sampling. Probability models and tests of models. Inference.,2011
30055,MATHEMATICAL THEORY OF INTEREST ,MATH,MATH 12003.,,A calculus-based introduction to the mathematics of finance. Limited to deterministic analysis of interest rates annuities bonds and immunization. Emphasizes the mathematical theory of the subject matter.,2011
31011,DISCRETE MATHEMATICS ,MATH,MATH 12002. Pre/corequisite: MATH 21001.,MATH 21001.,"Discrete mathematical techniques and structures including finite set theory, graph theory, propositional calculus, combinatorics and discrete probability. Formal methodology and proof techniques. No credit for MATH 23022.",2011
31045,FORMAL LOGIC ,MATH,,,Study of first order predicate calculus with identity and function symbols.,2011
32044,INTRODUCTION TO ORDINARY DIFFERENTIAL EQUATIONS ,MATH,MATH 21001 and MATH 22005.,,"An introduction to ordinary differential equations and applications. Topics include solution methods, series solutions and singular points. Laplace transforms and linear systems. Applications include population dynamics, forced oscillations and resonance.",2011
32051,MATHEMATICAL METHODS IN THE PHYSICAL SCIENCES I ,MATH,MATH 12003.,,"Mathematics background beyond Calculus I and II for upper-division courses in the physical sciences. Topics include complex numbers and arithmetic, linear algebra, partial differentiation and multiple integrals.",2011
32052,MATHEMATICAL METHODS IN THE PHYSICAL SCIENCES II ,MATH,MATH 32051 or MATH 21001; and MATH 22005.,,"Additional mathematics background for upper-division courses in the physical sciences. Topics include vector analysis, Fourier series and transforms ordinary differential equations and partial differential equations.",2011
34001,FUNDAMENTAL CONCEPTS OF ALGEBRA ,MATH,MATH 12002.,,"Professionalized course in algebra for prospective secondary teachers. Postulational development of number system of algebra; other systems, related topics, applications.",2011
34002,FUNDAMENTAL CONCEPTS OF GEOMETRY ,MATH,MATH 12002.,,"Professionalized course in geometry for secondary school teachers. Origin and development of the geometry of Euclid with modern refinements, topics, approaches. Other geometries, applications.",2011
40011,INTRODUCTION TO PROBABILITY THEORY AND APPLICATIONS ,MATH,MATH 12003.,,"Permutations and combinations, discrete and continuous distributions, random variables, conditional probabilities, Baye's formula, mathematical expectation, law of large numbers, normal approximations, basic limit theorems.",2011
40012,INTRODUCTION TO STATISTICAL CONCEPTS ,MATH,MATH 40011.,,"Sample spaces, continuous distributions, sampling distributions, point and interval estimation, hypothesis testing, types of error, level and power of tests, sequential and nonparametric methods.",2011
40022,LINEAR MODELS AND STATISTICAL ANALYSIS ,MATH,MATH 21001 and MATH 40012.,,"Regression model, multivariate normal distribution, point and interval estimates, Gauss-Markov Theorem, correlation and regression, tests of hypotheses, applications.",2011
40031,BASIC NONPARAMETRIC STATISTICS ,MATH,MATH 40012.,,"Rank tests for different kinds of hypothesis, large sample theory, efficiency comparisons, tests of Kolmogorov-Smirnov type.",2011
40041,STATISTICAL METHODS FOR EXPERIMENTS ,MATH,MATH 30011.,,"Comparison of two groups, t- and F-statistics; ANOVA, one-way and multiway layouts, randomization blocking. Linear regression, correlation and analysis of covariance (ANCOVA). Repeated measures analysis of variance.",2011
40042,SAMPLING THEORY ,MATH,MATH 30011.,,"This introductory course provides the methodology for the design and analysis of sampling and surveying studies. Simple random, stratified, cluster, PPS and two- stage sampling techniques. Linear, ratio and regression estimators.",2011
40051,TOPICS IN PROBABILITY THEORY AND STOCHASTIC PROCESSES ,MATH,MATH 40011.,,"Topics from conditional expectations, Markov chains, Markov processes, Brownian motion and Martingales and their applications to stochastic calculus.",2011
40055,ACTUARIAL MATHEMATICS I ,MATH,MATH 30055 and MATH 40011.,,"Topics from survival models, stochastic analysis of annuities and life insurance and casualty models.",2011
40056,ACTUARIAL MATHEMATICS II ,MATH,MATH 40055.,,"Benefit premiums, benefit reserves and their analysis, decrement models, joint survivorship, risk models.",2011
40091,SEMINAR IN ACTUARIAL MATHEMATICS ,MATH,MATH 40056.,,Seminar course designed to prepare students for the society of actuaries examination on actuarial mathematics.,2011
40093,VARIABLE TITLE WORKSHOP IN MATHEMATICS ,MATH,Permission.,,Studies special topics in mathematics. Not acceptable for credit toward a major or minor in math without approval of student's adviser. S u/graded.,2011
41001,INTRODUCTION TO MODERN ALGEBRA I ,MATH,MATH 21001 and MATH 22005.,,"Basic properties of groups, subgroups, factor groups. Basic properties of rings, integral domains, and homomorphisms.",2011
41002,INTRODUCTION TO MODERN ALGEBRA II ,MATH,MATH 41001.,,"A continuation of MATH 41001, emphasizing properties of rings, their ideals, polynomial ring extensions, fields, finite degree extensions, roots of polynomials, constructability.",2011
41012,FINITE MATHEMATICS ,MATH,CS 31011 or MATH 31011.,,"A continuation of Discrete Math, emphasizing combinatorial techniques, graph applications in algorithms, finite algebra, number theory and probability. Covers useful math for CS majors.",2011
41021,THEORY OF MATRICES ,MATH,MATH 21001 and MATH 22005.,,"A rigorous study of the topics introduced in matrix algebra. Topics included are vector space preliminaries, canonical forms of matrices, diagonalizability criteria.",2011
41045,METALOGIC ,MATH,PHIL 31045.,,"May be counted toward B.A. or B.S. mathematics major. Consideration of various metatheorems, including soundness and completeness of propositional and predicate calculus, undecidability of predicate calculus and incompleteness of the theory of arithmetic.",2011
42001,INTRODUCTION TO ANALYSIS I ,MATH,MATH 21001 and MATH 22005.,,"Topics include basic structure of the real numbers, Cauchy sequences, convergence, completeness of the real numbers, continuity, differentiation and Riemann integration.",2011
42002,INTRODUCTION TO ANALYSIS II ,MATH,MATH 42001.,,"Topics include further development of integration theory, infinite series, uniform convergence, several variable calculus and metric spaces.",2011
42011,MATHEMATICAL OPTIMIZATION ,MATH,MATH 21001 and MATH 22005.,,Analytic and numerical techniques for location of extreme points of functions and calculus of variations. Both constrained and unconstrained problems are considered.,2011
42021,GRAPH THEORY AND COMBINATORICS ,MATH,MATH 21001 and MATH 12003.,,"Fundamentals and applications of combinatorial mathematics. Topics include traversability, colorability, networks, inclusion and exclusion, matching and designs.",2011
42024,NUMBERS AND GAMES ,MATH,MATH 21001.,,The study of partisan and impartial combinatorial games; games as numbers; Grundy-Sprague theory.,2011
42031,MATHEMATICAL MODELS AND DYNAMICAL SYSTEMS ,MATH,MATH 32044 or 32052.,,Formulation and analysis of mathematical models for a variety of phenomena. Mathematical methods from optimization dynamical systems and probability are developed and applied. Modern software tools are utilized.,2011
42041,ADVANCED CALCULUS ,MATH,MATH 21001 and MATH 22005.,,"The calculus and applications of scalar and vector functions of several variables. Vector differential and integral calculus. Applications to field theories, electricity and magnetism, and fluid flow.",2011
42045,INTRODUCTION TO PARTIAL DIFFERENTIAL EQUATIONS ,MATH,MATH 32044.,,"An introduction to Fourier series, Fourier transforms and partial differential equations. Wave, heat and potential equations of mathematical physics. Additional topics include Green's functions and the Method of Characteristics for wave equations.",2011
42048,INTRODUCTION TO COMPLEX VARIABLES ,MATH,MATH 22005.,,"Algebra of complex numbers, analytic functions, mappings, Cauchy integral theory, residue theory and applications.",2011
42091,SEMINAR: MODELING PROJECTS ,MATH,MATH 42031.,,Individual and small-group projects concerned with the formulation and analysis of mathematical models in a variety of areas. Written and oral reports are required.,2011
42201,INTRODUCTION TO NUMERICAL COMPUTING I ,MATH,MATH 12003; and MATH 21001 or MATH 32051; and CS 10061 or CS 23021.,,"An introduction to numerical methods and software for solving many common scientific computing problems. Linear systems, least-squares data fitting, nonlinear equations and systems, and optimization problems.",2011
42202,INTRODUCTION TO NUMERICAL COMPUTING II ,MATH,MATH 42201; and MATH 32044 or 32052.,,"A continuation of MATH 42201. Topics include interpolation, numerical differentiation and integration, and numerical solution of ordinary differential equations.",2011
45011,DIFFERENTIAL GEOMETRY ,MATH,MATH 22005.,,Analytic and metric differential geometry of curves and surfaces.,2011
45021,EUCLIDEAN GEOMETRY ,MATH,MATH 21001 or special approval of instructor.,,"Geometry of Euclid extended to advanced topics of the triangle, quadrilaterals and circles: cross-ratio, groups, constructions, geometric generalizations; inversion.",2011
45022,LINEAR GEOMETRY ,MATH,MATH 21001.,,Using transformations as a tool to study geometry and to differentiate between different kinds of geometry. Linear algebra methods applied to geometry.,2011
46001,ELEMENTARY TOPOLOGY ,MATH,MATH 22005.,,"Metric spaces, introduction to topological spaces, separation axioms.",2011
47001,MATHEMATICAL LOGIC AND SET THEORY ,MATH,Permission.,,"Axiomatic set theory, relations development of real numbers cardinal numbers axiom of choice.",2011
47011,THEORY OF NUMBERS ,MATH,MATH 12003.,,"Divisibility properties of the integers, prime numbers, congruences, quadratic reciprocity, Diophantine equations, number theoretic functions, simple continued fractions, rational approximations.",2011
47021,HISTORY OF MATHEMATICS ,MATH,3 hours of mathematics beyond MATH 22005.,,"Survey from Babylonian and Egyptian mathematics to 20th century mathematics with emphasis on the development of algebra, geometry, calculus, number theory.",2011
49995,SELECTED TOPICS IN MATHEMATICS AND ITS APPLICATIONS,MATH,Permission.,,(repeated registration permitted) various special courses will be announced in the schedule of classes under this course number with different section numbers.,2011
49996,INDIVIDUAL STUDY 1.000 TO 4.000 ,MATH,,,,2011
49998,RESEARCH 1.000 TO 15.000 ,MATH,,,,2011
50011,INTRODUCTION TO PROBABILITY THEORY AND APPLICATIONS ,MATH,MATH 12003 and graduate standing.,,"Permutations and combinations, discrete and continuous distributions, random variables, conditional probabilities, Baye's formula, mathematical expectation, law of large numbers, normal approximations, basic limit theorems.",2011
50012,INTRODUCTION TO STATISTICAL CONCEPTS ,MATH,MATH 4/50011 and graduate standing.,,"Sample spaces, continuous distributions, sampling distributions, point and interval estimation, hypothesis testing, types of error, level and power of tests, sequential and nonparametric methods.",2011
50022,LINEAR MODELS AND STATISTICAL ANALYSIS ,MATH,MATH 21001 and 4/50012 and graduate standing.,,Regression model. Multivariate normal distribution. Point and interval estimates. Gauss Markov theorem. Correlation and regression. Tests of hypotheses. Applications.,2011
50031,BASIC NON-PARAMETRIC STATISTICS ,MATH,MATH 4/50012 and graduate standing.,,"Rank tests for different kinds of hypotheses, large sample theory, efficiency comparisons, tests of Kolmogorov Smirnov type.",2011
50041,STATISTICAL METHODS FOR EXPERIMENTS ,MATH,MATH 30011. Graduate standing.,,"Comparison of two groups, t and F-statistics, ANOVA, one-way and multiway layouts, randomization, blocking. Linear regression, correlation and analysis of covariance (ANCOVA). Repeated measures-analysis of variance.",2011
50042,SAMPLING THEORY ,MATH,MATH 30011.,,"This introductory course provides the methodology for the design and analysis of sampling and surveying studies. Simple random, stratified, cluster, PPS and two stage sampling techniques. Linear, ration and regression estimators.",2011
50051,TOPICS IN PROBABILITY THEORY AND STOCHASTIC PROCESSES ,MATH,MATH 50011 and graduate standing.,,"Topics from conditional expectations, Markov chains, Markov processes, Brownian Motion and Martingales and their applications to stochastic calculus.",2011
50055,ACTUARIAL MATHEMATICS I ,MATH,MATH 30055 and 50011; graduate standing.,,"Topics from survival models, stochastic analysis of annuities and life insurance and casualty models.",2011
50056,ACTUARIAL MATHEMATICS II ,MATH,MATH 50055; graduate standing.,,"Benefit premiums, benefit reserves and their analysis; decrement models, joint survivorship, risk models.",2011
50091,SEMINAR IN ACTUARIAL MATHEMATICS ,MATH,MATH 50056; graduate standing.,,Seminar course designed to prepare students for the society of actuaries examination on actuarial mathematics.,2011
51001,INTRODUCTION TO MODERN ALGEBRA I ,MATH,MATH 21001 and 22005. Graduate standing.,,"Basic properties of groups, subgroups, factor groups. Basic properties of rings, integral domains and homomorphisms.",2011
51002,INTRODUCTION TO MODERN ALGEBRA II ,MATH,MATH 4/51001. Graduate standing.,,"A continuation of MATH 51001, emphasizing properties of rings, their ideals, polynomial ring extensions, fields, finite degree extensions, roots of polynomials, constructability.",2011
51012,FINITE MATHEMATICS ,MATH,CS 31011 or MATH 31011. Graduate standing.,,"Mathematics: emphasizing combinatorial techniques, graph applications in algorithms, finite algebra, number theory and probability. Covers useful mathematics for CS majors.",2011
51021,THEORY OF MATRICES ,MATH,MATH 21001 and 22005. Graduate standing.,,"A rigorous study of the topics introduced in matrix algebra. Topics included are: canonical forms of matrices, diagonalizability criteria.",2011
51045,METALOGIC ,MATH,Graduate standing.,,"Consideration of various metatheorems including soundness and completeness of propositional and predicate calculus, undecidability of predicate calculus, and incompleteness of the theory of arithmetic.",2011
52001,INTRODUCTION TO ANALYSIS I ,MATH,MATH 21001 and 22005. Graduate standing.,,"Topics include basic structure of the real numbers, Cauchy sequences, convergence, completeness of the real numbers ,continuity, differentiation and Riemann integration.",2011
52002,INTRODUCTION TO ANALYSIS II ,MATH,MATH 4/ 52001 and graduate standing.,,"Topics include further development of integration theory infinite series, uniform convergence, several variable calculus and metric spaces.",2011
52011,MATHEMATICAL OPTIMIZATION ,MATH,MATH 21001 and 22005. Graduate standing.,,Analytical and numerical techniques for location of extreme points of functions and calculus of variations. Both constrained and unconstrained problems are considered.,2011
52021,GRAPH THEORY AND COMBINATORICS ,MATH,MATH 12003 and 21001 and graduate standing.,,"Fundamentals and applications of combinatorial mathematics. Topics include transversability, colorability, networks, inclusion and exclusion, matching and designs.",2011
52024,NUMBERS AND GAMES ,MATH,Special approval of instructor and graduate standing.,,The study of partisan and impartial combinatorial games; games as numbers; Grundy-Sprague theory.,2011
52031,MATHEMATICAL MODELS AND DYNAMICAL SYSTEMS ,MATH,MATH 32044 and graduate standing.,,"Formulation and analysis of mathematical models for a variety of phenomena. Mathematical methods from optimization, dynamical systems and probability are developed and applied. Modern software tools are utilized.",2011
52041,ADVANCED CALCULUS ,MATH,MATH 21001 and 22205.,,"The calculus and applications of scalar and vector functions of several variables. Vector differential and integral calculus. Applications to field theories, electricity and magnetism, and fluid flow.",2011
52045,INTRODUCTION TO PARTIAL DIFFERENTIAL EQUATIONS ,MATH,MATH 32044 and graduate standing.,,"Introduction to Fourier series, Fourier transforms and partial differential equations. Wave, heat and potential equations of mathematical physics. Additional topics include Green's functions and the Method of Characteristics for wave equations.",2011
52048,INTRODUCTION TO COMPLEX VARIABLES ,MATH,MATH 22005 and graduate standing.,,"Algebra of complex numbers, analytic functions, mappings, Cauchy integral theory, residue theory and applications.",2011
52091,SEMINAR: MODELING PROJECTS ,MATH,MATH 52031 and graduate standing.,,Individual and small-group projects concerned with the formulation and analysis of mathematical models in a variety of areas. Written and oral reports required.,2011
52201,INTRODUCTION TO NUMERICAL COMPUTING I ,MATH,"MATH 12003, 21001 and CS 23021. Graduate standing.",,"An introduction to numerical methods and software for solving many common scientific computing problems. Linear systems, least-square data fitting, nonlinear equations and systems and optimization problems.",2011
52202,INTRODUCTION TO NUMERICAL COMPUTING II ,MATH,MATH 32044 and 52201. Graduate standing.,,"A continuation of MATH 52201. Topics include interpolation, numerical differentiation and integration, and numerical solution of ordinary differential equations.",2011
55011,DIFFERENTIAL GEOMETRY ,MATH,MATH 22005 and graduate standing.,,Analytic and metric differential geometry of curves and surfaces.,2011
55021,EUCLIDEAN GEOMETRY ,MATH,MATH 21001. Graduate standing.,,"Geometry of Euclid extended to advanced topics of the triangle, quadrilaterals and circles: cross ratio, groups, constructions, geometric generalizations; inversion.",2011
55022,LINEAR GEOMETRY ,MATH,MATH 21001 and graduate standing.,,Use of transformations as a tool to study geometry and to differentiate between different kinds of geometry. Linear algebra methods applied to geometry.,2011
56001,ELEMENTARY TOPOLOGY ,MATH,MATH 22005 and graduate standing.,,"Metric spaces, introduction to topological spaces, separation axioms.",2011
57001,MATHEMATICAL LOGIC AND SET THEORY ,MATH,Permission and graduate standing.,,"Axiomatic set theory, relations development of real numbers cardinal number axiom of choice.",2011
57011,THEORY OF NUMBERS ,MATH,MATH 12003. Graduate standing.,,"Divisibility properties of the integers, prime numbers, congruences, quadratic reciprocity, Diophantine equations, number theoretic functions, simple continued fractions, rational approximations.",2011
57021,HISTORY OF MATHEMATICS ,MATH,3 credit hours of mathematics beyond MATH 22005 and graduate standing.,,"Survey from Babylonian and Egyptian mathematics to 20th-century mathematics with emphasis on the development of algebra, geometry, calculus, number theory.",2011
57091,SELECTED TOPICS IN MATHEMATICS AND ITS APPLICATIONS ,MATH,Special approval of instructor and graduate standing.,,Various special courses will be announced in the schedule of classes under this course number with different section numbers. Repeated registration permitted.,2011
59893,VARIABLE TITLE WORKSHOP IN MATHEMATICS ,MATH,Special approval and graduate standing.,,Studies in special topics in pure and applied mathematics.,2011
60051,PROBABILITY I ,MATH,MATH 4/50011 or 4/52002. Graduate standing.,,"Distribution functions, measure theory, random variables, expectation, independence, convergence, concepts, law of large numbers.",2011
60052,PROBABILITY II ,MATH,MATH 6/70051 and graduate standing.,,"Characteristic functions, the central limit problem, conditional expectations, Martingale theory, Brownian motion.",2011
60061,MATHEMATICAL STATISTICS I ,MATH,MATH 4/52002. Graduate standing.,,"Statistics, distributions of statistics. Sampling distributions. Decision spaces and loss functions. Sufficiency and completeness. Estimation theory. Rao Blackwell and the Cramer Rao theorems.",2011
60062,MATHEMATICAL STATISTICS II ,MATH,MATH 6/70061. Graduate standing.,,Tests of statistical hypothesis. Neyman Pearson Lemma. Exponential families and invariance. Sequential tests. Non-parametric procedures.,2011
60070,FINANCIAL MATHEMATICS ,MATH,MATH 50051 and graduate standing.,,"Topics from replication of trading strategies, arbitrage, completeness, Martingale representation theorem, fundamental theorem of finance, stochastic differential equations, Black and Scholes formula of option pricing.",2011
60091,SEMINAR IN STATISTICS & PROBABILITY ,MATH,Special approval and graduate standing.,,Seminar on current research in statistics and probability. Repeated registration permitted.,2011
60093,VARIABLE TITLE WORKSHOP IN MATHEMATICS ,MATH,Special approval and graduate standing.,,Studies of special topics in mathematics. Not acceptable for credit toward a graduate degree in mathematics without approval of the student's adviser.,2011
60094,COLLEGE TEACHING OF MATHEMATICS ,MATH,Graduate standing.,,Techniques and problems in the teaching of college-level mathematics. Student presentations of mathematical papers and colloquia will be included.,2011
61051,ABSTRACT ALGEBRA I ,MATH,Special approval and graduate standing.,,"Advanced topics in group theory including Sylow Theorems, finite Abelian groups, divisible groups and related concepts. Includes one hour problem session each week.",2011
61052,ABSTRACT ALGEBRA II ,MATH,MATH 6/71051 and graduate standing.,,"Advanced topics, commutative ring theory, and field theory including polynomial rings, unique factorization domains, matrix rings, Galois theory.",2011
61091,SEMINAR IN ALGEBRA ,MATH,Special approval and graduate standing.,,Seminar on current research in algebra. Repeated registration permitted.,2011
62041,METHODS OF APPLIED MATHEMATICS I ,MATH,MATH 51021 and MATH 52041 and MATH 52045 and MATH 52048 and graduate standing.,,"Analysis and applications of ordinary and partial differential equations and related topics. Dimensional analysis (Buckingham Pi Theorem). Perturbation methods (singular perturbations, matched asymptotic expansions, WKB approximation). Variational methods (Euler-Lagrange equations).",2011
62042,METHODS OF APPLIED MATHEMATICS II ,MATH,MATH 6/72041 and graduate standing.,,"Continuation of MATH 6/72041. Integral equations and Green's functions (Fredholm alternative, compact operators, distributions, weak solutions). Wave phenomena (dispersion, KdV equation). Stability and bifurcation (linearized stability analysis, turning points, Hopf bifurcation).",2011
62051,FUNCTIONS OF A REAL VARIABLE I ,MATH,MATH 4/52002 and graduate standing.,,"Introduction to modern concepts of real analysis including metric spaces, measure and integration theory.",2011
62052,FUNCTIONS OF A REAL VARIABLE II ,MATH,MATH 6/72051 and graduate standing.,,A continuation of MATH 62051/72051. Included are basic topics in functional analysis and Hilbert space theory.,2011
62091,SEMINAR IN REAL ANALYSIS ,MATH,Special approval and graduate standing.,,Seminar on current research in real analysis. Repeated registration permitted.,2011
62151,FUNCTIONS OF A COMPLEX VARIABLE I ,MATH,MATH 52002 and graduate standing.,,"Topological properties of the complex plane; analytic, entire, meromorphic functions; analytic continuation; conformal mappings; Picard's Theorem; Riemann surfaces.",2011
62152,FUNCTIONS OF A COMPLEX VARIABLE II ,MATH,MATH 62151 and graduate standing.,,"Topological properties of the complex plane; analytic, entire, meromorphic functions; analytic continuation; conformal mappings; Picard's Theorem; Riemann surfaces.",2011
62191,SEMINAR IN COMPLEX ANALYSIS ,MATH,Special approval and graduate standing.,,Seminar on current research in complex analysis. Repeated registration permitted.,2011
62201,NUMERICAL COMPUTING I ,MATH,MATH 21001 and MATH 22005 and graduate standing.,,"Numerical methods for scientific computing emphasizing modern mathematical software and environments. Computer arithmetic and errors, linear systems of equations, least squares data fitting, eigenvalues and singular values, nonlinear systems optimization. Computer programming experience (C or C++ or Fortran) required.",2011
62202,NUMERICAL COMPUTING II ,MATH,MATH 52045 and 6/72201 and graduate standing.,,"A continuation of MATH 6/72201. Interpolation, numerical integration and differentiation, ordinary differential equations, initial and boundary value problems, partial differential equations, fast Fourier transforms and applications.",2011
62203,COMPUTATIONAL FINANCE ,MATH,MATH 22005 and MATH 21001 and MATH 32044 and CS 10061 and graduate standing.,,"Basic numerical methods, (numerical linear algebra, nonlinear equations, curve fitting, ODEs, integration, Monte-Carlo methods), numerical solution of PDEs (stability, convergence, Black-Scholes, American options, SDEs) probabilistic methods.",2011
62251,NUMERICAL ANALYSIS I ,MATH,MATH 4/52002 and graduate standing.,,"Floating point computation, rounding error analysis, conditioning, interpolation (polynomial, trigonometric, spline). Numerical quadrature (Newton-Cotes, Gauss),extrapolation, Romberg integration.",2011
62252,NUMERICAL ANALYSIS II ,MATH,MATH 4/51021 and 6/72251 and graduate standing.,,"Numerical solution of linear systems of equations (LU factorization, error analysis). Least squares, orthogonalization methods. Algebraic eigenvalue problems, QR algorithm, singular value decomposition.",2011
62261,NUMERICAL SOLUTION OF ORDINARY DIFFERENTIAL EQUATIONS ,MATH,MATH 32044 and MATH 4/52202 and graduate standing.,,Discretization methods for ordinary differential equations and systems. Initial value and boundary value problems. Numerical implementation software and analysis.,2011
62262,NUMERICAL SOLUTION OF PARTIAL DIFFERENTIAL EQUATIONS ,MATH,MATH 42045 or 52045; and MATH 42202 or 52202; and graduate standing.,,"Derivation and analysis of discrete methods (finite differences, finite elements) for the numerical solution of elliptic, hyperbolic and parabolic partial differential equations.",2011
62263,NUMERICAL SOLUTION OF LARGE SPARSE LINEAR SYSTEMS ,MATH,MATH 4/51021 and MATH 4/52202 and graduate standing.,,"Construction and analysis of iterative methods for large systems of linear algebraic equations. Jacobi, Gauss-Seidel, SOR. Polynomial acceleration methods, conjugate gradients. Multi-grid methods.",2011
62264,NUMERICAL SOLUTION OF NONLINEAR SYSTEMS ,MATH,MATH 4/52041 and MATH 4/52202 and graduate standing.,,Construction and analysis of numerical methods for systems of nonlinear algebraic equations and optimization problems. Numerical implementation and software.,2011
62291,SEMINAR IN NUMERICAL ANALYSIS ,MATH,Special approval and graduate standing.,,Seminar on current research in numerical analysis. Repeated registration permitted.,2011
62391,SEMINAR IN MEASURE THEORY ,MATH,Special approval and graduate standing.,,Seminar on current research in measure theory. Repeated registration permitted.,2011
62491,SEMINAR IN NONLINEAR ANALYSIS ,MATH,Special approval and graduate standing.,,Seminar on current research in nonlinear analysis. Repeated registration permitted.,2011
62591,SEMINAR IN OPERATOR THEORY ,MATH,Special approval and graduate standing.,,Seminar on current research in operator theory. Repeated registration permitted.,2011
62691,SEMINAR IN HARMONIC ANALYSIS ,MATH,Special approval and graduate standing.,,Seminar on current research in harmonic analysis. Repeated registration permitted.,2011
63291,SEMINAR IN APPLIED MATHEMATICS ,MATH,Special approval and graduate standing.,,Seminar on current research in applied mathematics. Repeated registration permitted.,2011
64091,SEMINAR IN MATHEMATICS EDUCATION ,MATH,MATH 34001 and graduate standing.,,"Studies in geometry, algebra, mathematics for junior and senior high Department. Mathematics content professionalized for teachers. Repeated registration permitted.",2011
66051,INTRODUCTION TO TOPOLOGY I ,MATH,Special approval and graduate standing.,,"Set theory, topological spaces, continuity, product spaces, quotient spaces, separation axioms, compactness and metrizability.",2011
66052,INTRODUCTION TO TOPOLOGY II ,MATH,MATH 6/76051 and graduate standing.,,"Geometric topology, including connectedness, continua, homotopy, the plane and 2 manifolds.",2011
66091,SEMINAR IN TOPOLOGY ,MATH,Special approval and graduate standing.,,Seminar on current research in topology. Repeated registration permitted.,2011
67091,SEMINAR IN NUMBER THEORY ,MATH,Graduate standing and special approval.,,Seminar on current research in number theory. Repeated Registration permitted.,2011
67098,RESEARCH ,MATH,Graduate standing.,,"Research or individual investigation. Credits are applied toward degree requirements with approval if letter grade of ""S"" is given. Repeated registration permitted.",2011
67199,THESIS I ,MATH,Graduate standing.,,"Thesis student must register for a total of 6 hours, 2 to 6 hours in a single semester distributed over several semesters if desired.",2011
67299,THESIS II ,MATH,MATH 67199 and graduate standing.,,Thesis students must continue registration each semester until all degree requirements are met.,2011
70051,PROBABILITY I ,MATH,MATH 4/50011 or 4/52002; and doctoral standing.,,"Distribution functions, measure theory, random variables, expectation, independence, convergence, concepts, law of large numbers.",2011
70052,PROBABILITY II ,MATH,MATH 6/70051 and doctoral standing.,,"Characteristic functions, the central limit problem, conditional expectations, Martingale theory, Brownian motion.",2011
70061,MATHEMATICAL STATISTICS I ,MATH,MATH 4/52002.,,"Statistics, distributions of statistics. Sampling distributions. Decision spaces and loss functions. Sufficiency and completeness. Estimation theory. Rao Blackwell and the Cramer Rao theorems.",2011
70062,MATHEMATICAL STATISTICS II ,MATH,MATH 6/70061 and doctoral standing.,,Tests of statistical hypothesis. Neyman Pearson Lemma. Exponential families and invariance. Sequential tests. Non parametric procedures.,2011
70070,FINANCIAL MATHEMATICS ,MATH,MATH 50051 and doctoral standing.,,"Topics from replication of trading strategies, arbitrage completeness, Martingale epresentation theorem, fundamental theorem of finance, stochastic differential equations, Black and Scholes formula of option pricing.",2011
70091,SEMINAR IN STATISTICS & PROBABILITY ,MATH,Special approval and doctoral standing.,,Seminar on current research in statistics and probability. Repeated registration permitted.,2011
70094,COLLEGE TEACHING OF MATHEMATICS ,MATH,Doctoral standing.,,Techniques and problems in the teaching of college-level mathematics. Student presentations of mathematical papers and colloquia will be included.,2011
70095,SELECTED TOPICS IN STATISTICS AND PROBABILITY ,MATH,Doctoral standing and special approval.,,"Contents will vary with each offering and will complement topics covered in MATH 6/70051, 6/70052 and MATH 6/70061, 6/70062. Repeated registration permitted.",2011
71001,STRUCTURE OF RINGS AND ALGEBRAS I ,MATH,Special approval and doctoral standing.,,"Advanced topics in ring theory, including Artinian rings, Noetherian rings, advanced commutative ring theory.",2011
71002,STRUCTURE OF RINGS AND ALGEBRAS II ,MATH,MATH 71001 and doctoral standing.,,"Advanced topics in ring theory including an introduction to homological algebra. Includes Dedekind domains, regular rings, torsion theory.",2011
71011,ADVANCED GROUP THEORY ,MATH,MATH 6/71051 and MATH 6/71052 and doctoral standing.,,"Advanced topics in group theory. Topics include permutation arguments, coprime actions, transfer theorems, non-simplicity criteria. Properties of families of groups: solvable, p solvable, nilpotent, p groups.",2011
71012,CHARACTERS OF FINITE GROUPS ,MATH,MATH 6/71051 and MATH 6/71052 and doctoral standing.,,"Development of characters of finite groups, their properties, orthogonality relations, integrality conditions. Applications include Burnside's PAQB theorem and existence of Frobenius kernels in Frobenius groups.",2011
71051,ABSTRACT ALGEBRA I ,MATH,Special approval and doctoral standing.,,"Advanced topics in group theory including Sylow theorems, finite Abelian groups, divisible groups and related concepts. Includes one-hour problem session each week.",2011
71052,ABSTRACT ALGEBRA II ,MATH,MATH 6/71051 and doctoral standing.,,"Advanced topics, commutative ring theory, and field theory including polynomial rings, unique factorization, domains, matrix rings, Galois theory.",2011
71091,SEMINAR IN ALGEBRA ,MATH,Permission and doctoral standing.,,Seminar on current research in algebra. Repeated registration permitted.,2011
71095,SELECTED TOPICS IN ALGEBRA ,MATH,Permission and doctoral standing.,,"Contents will vary with each offering and will complement topics covered in MATH 6/71051,6 71052 71001 and 71002. Repeated registration is permitted.",2011
72001,FUNCTIONAL ANALYSIS I ,MATH,MATH 72052 and doctoral standing.,,A study of principles of linear analysis in the setting of normed linear spaces and topological vector spaces.,2011
72002,FUNCTIONAL ANALYSIS II ,MATH,MATH 72001 and doctoral standing.,,A study of principles of linear analysis in the setting of normed linear spaces and topological vector spaces.,2011
72011,ADVANCED DIFFERENTIAL EQUATIONS ,MATH,MATH 6/72051 and MATH 6/72151 and doctoral standing.,,Advanced topics in ordinary differential equations in real and complex plane.,2011
72021,SUMMABILITY THEORY ,MATH,Special approval of instructor and doctoral standing.,,Generalizations of concept of convergent sequence; properties of classical summability methods and of related sequence spaces.,2011
72041,METHODS OF APPLIED MATHEMATICS I ,MATH,MATH 51021 and MATH 52041 and MATH 52045 and MATH 52048 and doctoral standing.,,"Analysis and applications of ordinary and partial differential equations and related topics. Dimensional analysis (Buckingham Pi Theorem). Perturbation methods (singular perturbations, matched asymptotic expansions, WKB approximation). Variational methods (Euler-Lagrange equations).",2011
72042,METHODS OF APPLIED MATHEMATICS II ,MATH,MATH 6/72041 and doctoral standing.,,"Continuation of MATH 6/72041. Integral equations and Green's functions (Fredholm alternative, compact operators, distributions, weak solutions). Wave phenomena (dispersion, KdV equation). Stability and bifurcation (linearized stability analysis, turning points, Hopf bifurcation).",2011
72051,FUNCTIONS OF A REAL VARIABLE I ,MATH,MATH 4/52002 and doctoral standing.,,"Introduction to modern concepts of real analysis including metric spaces, measure and integration theory.",2011
72052,FUNCTIONS OF A REAL VARIABLE II ,MATH,MATH 6/72051 and doctoral standing.,,A continuation of MATH 62051/72051. Included are basic topics in functional analysis and Hilbert space theory.,2011
72091,SEMINAR IN REAL ANALYSIS ,MATH,Special approval and doctoral standing.,,Seminar on current research in real analysis. Repeated registration permitted.,2011
72095,SELECTED TOPICS IN REAL ANALYSIS ,MATH,Special approval and doctoral standing.,,"Contents will vary with each offering and will implement topics covered in MATH 6/72051, 6/72052 and 6/72002. Repeated registration permitted.",2011
72151,"FUNCTIONS OF A COMPLEX VARIABLE I, II ",MATH,MATH 52002 and doctoral standing.,,"Topological properties of the complex plane; analytic, entire, meromorphic functions; analytic continuation; conformal mappings; Picard's Theorem; Riemann surfaces.",2011
72152,"FUNCTIONS OF A COMPLEX VARIABLE I, II ",MATH,72151 and doctoral standing.,,"Topological properties of the complex plane; analytic, entire, meromorphic functions; analytic continuation; conformal mappings; Picard's theorem; Riemann surfaces.",2011
72191,SEMINAR IN COMPLEX ANALYSIS ,MATH,Special approval and doctoral standing.,,Seminar on current research in complex analysis. Repeated registration permitted.,2011
72195,SELECTED TOPICS IN COMPLEX ANALYSIS ,MATH,Special approval and doctoral standing.,,"Contents will vary with each offering and will complement topics covered in MATH 6/72151, 6/72152 and 72021. Repeated registration permitted.",2011
72201,APPROXIMATION THEORY ,MATH,Special approval and doctoral standing.,,"Introduction to polynomial, trigonometric and spline approximations, direct and inverse theorems of constructive function theory; other topics chosen according to interest of students and instructors.",2011
72202,NUMERICAL COMPUTING II ,MATH,MATH 52045 and MATH 6/72201 and doctoral standing.,,"A continuation of MATH 6/72201. Interpolation, numerical integration and differentiation, ordinary differential equations, initial and boundary value problems, partial differential equations, fast Fourier transforms and applications.",2011
72203,COMPUTATIONAL FINANCE ,MATH,MATH 22005 and MATH 21001 and MATH 32044 and CS 10061 and doctoral standing.,,"Basic numerical methods, (numerical linear algebra, nonlinear equations, curve fitting, ODEs, integration, Monte-Carlo methods) numerical solution of PDEs (stability, convergence, Black-Scholes, American options, SDEs) probabilistic methods.",2011
72251,NUMERICAL ANALYSIS I ,MATH,MATH 4/52002 and doctoral standing.,,"Floating point computation, rounding error analysis, conditioning, interpolation (polynomial, trigonometric spline). Numerical quadrature (Newton-Cotes, Gauss),extrapolation, Romberg integration.",2011
72252,NUMERICAL ANALYSIS II ,MATH,MATH 4/51021 and MATH 6/72251 and doctoral standing.,,"Numerical solution of linear systems of equations (LU factorization, error analysis). Least squares, orthogonalization methods. Algebraic eigenvalue problems, QR algorithm, singular value decomposition.",2011
72261,NUMERICAL SOLUTION OF ORDINARY DIFFERENTIAL EQUATIONS ,MATH,MATH 32044 and MATH 4/52202 and doctoral standing.,,Discretization methods for ordinary differential equations and systems. Initial value and boundary value problems. Numerical implementation software and analysis.,2011
72262,NUMERICAL SOLUTION OF PARTIAL DIFFERENTIAL EQUATIONS ,MATH,MATH 42045 or 52045; and MATH 42202 or 52202; and doctoral standing.,,"Derivation and analysis of discrete methods (finite differences, finite elements) for the numerical solution of elliptic, hyperbolic and parabolic partial differential equations.",2011
72263,NUMERICAL SOLUTION OF LARGE SPARSE LINEAR SYSTEMS ,MATH,MATH 4/51021 and MATH 4/52202 and doctoral standing.,,"Construction and analysis of iterative methods for large systems of linear algebraic equations. Jacobi, Gauss-Seidel, SOR. Polynomial acceleration methods, conjugate gradients. Multi-grid methods.",2011
72264,NUMERICAL SOLUTION OF NONLINEAR SYSTEMS ,MATH,MATH 4/52041 and MATH 4/52202 and doctoral standing.,,Construction and analysis of numerical methods for systems of nonlinear algebraic equations and optimization problems. Numerical implementation and software.,2011
72291,SEMINAR IN NUMERICAL ANALYSIS ,MATH,Special approval and doctoral standing.,,Seminar on current research in numerical analysis. Repeated registration permitted.,2011
72295,SELECTED TOPICS IN NUMERICAL ANALYSIS ,MATH,Special approval and doctoral standing.,,Contents will vary with each offering and will complement topics covered in MATH 6/72251-6/72252 and MATH 72201. Repeated registration permitted.,2011
72391,SEMINAR IN MEASURE THEORY ,MATH,Special approval and doctoral standing.,,Seminar on current research in measure theory. Repeated registration permitted.,2011
72491,SEMINAR IN NONLINEAR ANALYSIS ,MATH,Special approval and doctoral standing.,,Seminar on current research in nonlinear analysis. Repeated registration permitted.,2011
72591,SEMINAR IN OPERATOR THEORY ,MATH,Special approval and doctoral standing.,,Seminar on current research in operator theory. Repeated registration permitted.,2011
72691,SEMINAR IN HARMONIC ANALYSIS ,MATH,Special approval and doctoral standing.,,Seminar on current research in harmonic analysis. Repeated registration permitted.,2011
73291,SEMINAR IN APPLIED MATHEMATICS ,MATH,Special approval and doctoral standing.,,Seminar on current research in applied mathematics. Repeated registration permitted.,2011
76002,"ALGEBRAIC TOPOLOGY I, II ",MATH,MATH 76001 and doctoral standing.,,Singular and simplicial homology and cohomology theory. Homotopy theory.,2011
76051,INTRODUCTION TO TOPOLOGY I ,MATH,Special approval and doctoral standing.,,"Set theory, topological spaces, continuity, product spaces, quotient spaces separation axioms, compactness and metrizability.",2011
76052,INTRODUCTION TO TOPOLOGY II ,MATH,MATH 6/76051 and doctoral standing.,,"Geometric topology, including connectedness, continua, homotopy, the plane and 2 manifolds.",2011
76091,SEMINAR IN TOPOLOGY ,MATH,Permission and doctoral standing.,,Seminar on current research in topology. Repeated registration permitted.,2011
76095,SELECTED TOPICS IN TOPOLOGY ,MATH,Permission and doctoral standing.,,"Contents will vary with each offering and will complement topics covered in MATH 6/76051,6 76052 76001 and 76002. Repeated registration permitted.",2011
76001,"ALGEBRAIC TOPOLOGY I, II ",MATH,MATH 57011 and MATH 6/71052 and doctoral standing.,,"Singular and simplicial homology and cohomology theory. Homotopy theory. MATH 77011 ALGEBRAIC NUMBER THEORY Number fields and Dedekind domains; conjugates, norm and trace, discriminant, integral bases; arithmetic or quadratic and cyclotomic number fields; theory of ideals and class group; Dirichlet's theorem on units.",2011
77012,ANALYTIC NUMBER THEORY ,MATH,MATH 57011 and MATH 6/72151.,,"Multiplicative functions and summatory functions, Riemann's Zeta function and the prime number theorem, L-functions and Dirichlet's theorem on primes in arithmetic progressions, asymptotic formula for partitions.",2011
77091,SEMINAR IN NUMBER THEORY ,MATH,Doctoral standing and special approval.,,Seminar on current research in number theory. Repeat registration permitted.,2011
77095,SELECTED TOPICS IN MATHEMATICS ,MATH,Permission.,,Contents will vary with each offering. Repeated registration permitted.,2011
77098,RESEARCH ,MATH,Doctoral standing.,,"Research or individual investigation. Credits are applied toward degree requirements with approval if letter grade of ""S"" is given. Repeated registration permitted.",2011
77195,SELECTED TOPICS IN NUMBER THEORY ,MATH,Doctoral standing and special approval.,,Content varies with each offering and complements topics covered in MATH 77011 and MATH 77012. Repeat registration permitted.,2011
87098,RESEARCH ,MATH,Doctoral standing.,,Research or individual investigation for doctoral students who have not yet passed their candidacy examinations. Credits earned may be applied toward degree if department approves. Repeated registration permitted.,2011
87199,DISSERTATION I ,MATH,Admission to doctoral candidacy and doctoral standing.,,"Doctoral dissertation, for which registration in at least two semesters is required first of which will be semester in which dissertation work is begun and continuing until the completion of 30 hours.",2011
87299,DISSERTATION II ,MATH,MATH 87199 and doctoral standing.,,Continuing registration required of doctoral students who have completed the initial 30 hours of dissertation and continuing until all degree requirements are met.,2011
