12010,SAFETY IN THE WORKPLACE ,MFTG,,,"Topics include Ohio general industry safety requirements. Discussion will include all workshops and factories, metal casting, steel mills, and rubber and plastic industries.",2011
13001,COMPUTER NUMERICAL CONTROL PROGRAMMING ,MFTG,MERT 12000 and MERT 12004.,,"Lathe and mill computer numerical control (CNC) programming: conversational, M & G codes. Manual data input and off-line programming: offsets, cutter compensation, linear, circular and helical interpolation.",2011
14001,GEOMETRIC DIMENSIONING AND TOLERANCING ,MFTG,MERT 12000 and EERT 22003.,,Theory and application of geometric dimensioning and tolerancing (GD&T) including interpretation of GD&T symbols on blueprints and inspection of parts with coordinate measuring machine.,2011
21001,STANDARD DESIGN PRACTICE FOR MANUFACTURING TECHNOLOGY ,MFTG,EERT 22002 and MERT 12001 and MERT 12005.,,"Analysis of fundamental machine design components. Discussion will include keys, fasteners, pulleys, gears, chains, bearings, power transmission equipment and associated topics.",2011
22014,ADVANCED INDUSTRIAL ELECTRONICS ,MFTG,EERT 22013.,,Advanced course in PLC program design and implementation. Emphasis on Boolean logic. Project definition and completion.,2011
23001,COMPUTER-AIDED MANUFACTURING ,MFTG,MFGT 13001 and MERT 12001.,,Theory and application of computer-aided manufacturing. Generation of CNC code using CAM applications both from CAD drawings and directly from CAM package.,2011
23002,ADVANCED COMPUTER-AIDED MANUFACTURING ,MFTG,MFGT 23001.,,An advanced class in computer-aided manufacturing. Electrical discharge machining (EDM) program applications. Emphasis will be placed on industrial projects.,2011
