24053,INTRODUCTION TO COMPUTER APPLICATIONS,MIS,,,(Equivalent to COMT 11000) Develop competency in the operation of contemporary software and hardware applications. To develop an appreciation for the contribution of computers software and the Internet to society.,2011
24056,FUNDAMENTALS OF BUSINESS STATISTICS,MIS,MATH 11010 or MATH 11012 or MATH 12002.,,(Equivalent to BMRT 21004) Introduction to concepts in statistical methods and their applications to real world problems. Examines both the theoretical and practical side of the different methods.,2011
24060,SYSTEMS ANALYSIS I ,MIS,MIS 24053 and special approval.,,"Coverage of the system life cycle, structured process modeling and data modeling methodologies, logical system design and automated analysis tools.",2011
24065,WEB PROGRAMMING ,MIS,MIS 24053.,,Learn about how systems analysis is used to discover organizational needs and how to propose and design information system solutions. Learn about the principles of visual design as applied to Web site interface development. Learn the basics of programming and relational database. Learn how to develop a Web-based database driven interactive information system.,2011
24093,VARIABLE TITLE WORKSHOP IN MANAGEMENT AND INFORMATION SYSTEMS ,MIS,Permission.,,Special workshop in management and information systems. Credits depend on scope of project.,2011
24163,PRINCIPLES OF MANAGEMENT,MIS,ophomore standing or above.,,(Equivalent to BMRT 11009) Introductory course in management and organizational design. The leading contributions in the area are reviewed and practical implications are developed. Serves as an introduction to many upper level business courses.,2011
34031,SYSTEMS SIMULATION ,MIS,Cumulative 2.50 GPA; and MIS 24080; and MIS 24056 or MATH 10041 or BMRT 21004.,,Concepts and methods of simulating systems to facilitate managerial decision making. Students design computerized simulation models using simulation language to analyze complex problems.,2011
34032,DATA AND FILE TECHNOLOGY ,MIS,MIS 24060.,,An introduction to file architecture and data base management systems. The application of these technologies is detailed.,2011
34033,COMPUTER PROGRAMMING FOR BUSINESS II ,MIS,minimum cumulative 2.50 GPA; and MIS 24060 and MIS 24065.,,"Continuation of Computer Programming for Business I. Emphasis on problem solving, developing systems, structured programming, programming style conventions and programming in teams.",2011
34036,LARGE SYSTEMS TECHNOLOGY ,MIS,MIS 24060.,,"An introduction to the use of large computer systems; experience with job control language, utilities, teleprocessing monitors, exec. languages and job streams.",2011
34045,SMALL SYSTEMS TECHNOLOGY ,MIS,MIS 24060.,,An examination of the role of small computer systems within an organization's information systems environment.,2011
34053,DATA INTEGRATION ,MIS,MIS 24060; not open to computer information systems (CIS) majors.,,This course mixes concepts of data and information with hands-on applications with popular business software and the migration of the information to the Internet as well as Intranets. This course is only open to CIS minors. CIS majors will not receive credit.,2011
34054,USING INFORMATION SYSTEMS FOR SOLVING BUSINESS PROBLEMS ,MIS,Cumulative 2.50 GPA; and MIS 24053 or COMT 11000. Course not open to computer information systems (CIS) majors.,,This course is a continuation of MIS 24053 and provides students with further study of use of information systems in solving business problems.,2011
34055,COMPUTER DECISION MODELING ,MIS,Cumulative 2.50 GPA; and MIS 24053 or COMT 11000; and MIS 24056 or MATH 10041 or BMRT 21004. Course not open to computer information systems (CIS) majors.,,"Introduces students to the scientific decision-making tools of operations research and management science, and also to the use of spreadsheet modeling for problem formulation and solution without the need for mathematics. The concepts of modeling and better decision making are stressed along with illustrations from the various functional areas of business.",2011
34058,OPERATIONS RESEARCH I ,MIS,MATH 11010 or MATH 11012 or MATH 12002.,,"Matrix algebra, linear programming transportation problems and network flow problems. Theory and solution methods of each problem developed in conjunction with applications and foundations.",2011
34059,SERVICE OPERATIONS MANAGEMENT ,MIS,Cumulative 2.50 GPA and MIS 34060.,,"Provide students with the concepts and tools necessary to effectively manage service operations and to prepare students for management opportunities in service firms that represent the fastest-growing sector of the economy. The service management will be presented from an integrated viewpoint with a focus on customer satisfaction. The course materials are organized around four modules (1) understanding services (2) designing the service enterprise, (3) managing service operations and (4) toward world class-service.",2011
34060,OPERATIONS MANAGEMENT ,MIS,Cumulative 2.50 GPA; and MIS 24053 or COMT 11000; and MIS 24056 or MATH 10041 or BMRT 21004.,,"A survey course in production and operations management that covers the managerial concepts and the quantitative tools used in the design, planning operation and control of production systems.",2011
34064,MANUFACTURING RESOURCE PLANNING ,MIS,Cumulative 2.50 GPA; and MIS 34060.,,"Introduce students to the basic tools operations managers use to inform their decisions on a daily basis. The course involves hands-on coverage of manufacturing resource planning tools, including forecasting and master production schedules, bill of materials structuring, order entry and purchasing, capacity requirements planning, routing, costing, customer service, shipping, invoicing and using an enterprise resource planning (ERP) software.",2011
34065,QUALITY ASSURANCE ,MIS,Cumulative 2.50 GPA; and MIS 34060.,,"Introduction to importance of quality assurance and tools used to accomplish better quality in goods and services. Topics TQM, Six Sigma, quality philosophies, sampling plans and statistical process control, ISO, quality competition and awards.",2011
34070,PRINCIPLES OF SYSTEMS DEVELOPMENT ,MIS,MIS 24065.,,"Provides an overview of the information systems profession, a rigorous introduction to programming logic and language syntax and a framework for the IS curriculum.",2011
34080,COMPUTER PROGRAMMING FOR BUSINESS I ,MIS,MIS 34070.,,"Introduces a programming language currently used in business and industry for data processing, decision making and other information systems applications.",2011
34092,PRACTICUM IN CAREER DEVELOPMENT ,MIS,minimum 2.50 cumulative GPA; and junior standing.,,"In-depth training and development course designed to prepare students for resume presentation, job search, interviewing, participation in the internship and career launching.",2011
34161,MANAGERIAL AND TECHNOLOGICAL ASPECTS OF HEALTHCARE SYSTEMS MANAGEMENT ,MIS,,,"Introduce the main components of health care information technology, with emphasis on the components that distinguish the health care delivery system from other business enterprises. Prepares students as clinical managers and consultants who must rely upon or manage information technology to accomplish their objectives.",2011
34162,MANAGING HEALTHCARE SYSTEMS OPERATIONS ,MIS,,,"Operational process management, cost-control and productivity is critical to cost-effective healthcare. Covers topics in improving operations such as patient flow, quality (concepts and mechanics) and process improvement. Students become familiar with methods and resources for implementing change in a health care setting, such as a hospital or outpatient clinic. Provides skills to assess current hospital operations and to identify the appropriate tools to address various functional areas, useful for managers, consultants, clinical providers and others. Process improvement methods such as lean thinking, six sigma, statistical tools, flowcharting, queuing models and other tools are covered. Health care settings beyond the hospital, such as outpatient clinics, are included.",2011
34163,INTRODUCTION TO HEALTHCARE SYSTEMS MANAGEMENT ,MIS,,,"Provides an overview of the management, economic and policy issues facing the healthcare, pharmaceutical, biotechnology and medical device industries. The course perspective is global, with emphasis on the U.S. as the largest and most profitable market.",2011
34165,DYNAMICS OF LEADERSHIP ,MIS,Cumulative 2.50 GPA; and MIS 24163 or BMRT 11009.,,Contemporary theories of management and leadership; practical application cases; personal assessment and opportunities to develop individual and group leadership.,2011
34175,LEARNING TO LEAD ,MIS,pecial approval.,,Experiential class that meets for five days at a residential camp before the semester begins and includes a service-learning project and a self-development mentoring project during the semester.,2011
34180,HUMAN RESOURCE MANAGEMENT,MIS,Cumulative 2.50 GPA; and MIS 24163 or BMRT 11009.,,(Equivalent to BMRT 21006) Focuses on the competitive advantage derived from the better management of a firm's human resources. Issues related to managing people at work will be discussed from both practical and theoretical perspectives.,2011
34185,INDIVIDUAL AND GROUP BEHAVIOR IN ORGANIZATIONS ,MIS,MIS 24163 or BMRT 11009.,,"Determinants of individual and group behavior within work organizations. Topics covered include, motivation, job design, learning, decision making, leadership and group behavior as they relate to performance and other outcomes in work organizations.",2011
34280,SOCIAL RESPONSIBILITY IN THE WORKPLACE ,MIS,Cumulative 2.50 GPA; and MIS 24163 or BMRT 11009.,,"Using a case-based approach to learning, this course provides information on what constitutes appropriate business behavior by examining the major business and non-business factors that influence business policies and practices.",2011
44009,THE BUSINESS CASE FOR SUSTAINABILITY ,MIS,minimum cumulative 2.50 GPA; and junior standing.,,"Lays the foundation for sustainable development and the balance issues between economic, social and environmental interests. It frames the business enterprise within the natural and social environments, and surveys a variety of intersection points and the challenges they pose. Systems thinking and long term perspective are used to understand the potential consequences of organizational choices regarding goals and strategies, given consideration of how the natural environment increasingly drives the business environment.",2011
44042,NETWORK THEORY AND APPLICATIONS ,MIS,,,"Presentation of current and emerging telecommunications services and networking technologies with emphasis on their strengths, limitations and business applications.",2011
44043,DATA BASE MANAGEMENT SYSTEMS ,MIS,MIS 24060.,,"The design, implementation and management of data base management systems within organizations are studied from both theoretical and applied perspectives.",2011
44044,SYSTEMS ANALYSIS II ,MIS,MIS 24060.,,"Physical system implementation: mapping logical data models and process models to physical data bases and system design; system coding, testing, installation, conversion, training and automated tools.",2011
44045,INFORMATION SYSTEMS MANAGEMENT ,MIS,MIS 24060; and one of the following CIS major requirement courses: MIS 44042 or 440443 or 44048; and computer information systems (CIS) major.,,"Management of information systems (IS) resources and the IS function. Topics include IS planning for global, national and interorganizational commerce. IS architecture development and strategic alignment, information technology portfolio and risk management, project management, management of technical employees and management of technology customer issues.",2011
44048,SOFTWARE INTEGRATION ,MIS,Cumulative 2.50 GPA; and MIS 24060 and computer information systems (CIS) major.,,The design and implementation of information systems. Traditional and alternative development strategies are investigated from a theoretical and applied perspective. Group project to implement information system with software packages.,2011
44049,NETWORK MANAGEMENT ,MIS,Cumulative 2.50 GPA; and MIS 44042.,,Practical aspects of installing and managing PC networks within business organizations. Emphasis on commonly used network operating systems LAN and WAN technologies Internetworking and media.,2011
44056,STATISTICAL MODELS FOR BUSINESS APPLICATIONS ,MIS,cumulative 2.50 GPA.,,"The application of linear statistical models such as regression analysis of variance, analysis of covariance and design of experiments for managerial decision problems.",2011
44061,OPERATIONS MANAGEMENT AND CONTROL ,MIS,Cumulative 2.50 GPA; and MIS 34061.,,"Introduces the student to the key functions of an operations planning and control system. Operations planning and control systems provide information for the efficient flow of materials, the effective utilization of people and equipment and the proper coordination of internal activities with suppliers and customers.",2011
44062,SUPPLY CHAIN MANAGEMENT ,MIS,MIS 34064.,,"Students learn the basic analytical tools needed to coordinate business operations across the value chain. Course involves hands-on coverage of supply chain management with emphasis on supplier partnering and development, customer relations management, strategic sourcing and pricing, e-business, measuring supply chain performance, mass customization, planning supply and demand coordination in the supply chain.",2011
44065,STRATEGIES IN PRODUCTION AND OPERATIONS MANAGEMENT ,MIS,Cumulative 2.50 GPA; and MIS 44064.,,Senior project in industrial management. Applies concepts from all prior coursework to the solution of real and simulated operating problems.,2011
44066,STRATEGIES IN WORLD CLASS OPERATIONS ,MIS,Senior standing.,,"Introduce the student to lean production methodology, often referred to as Japanese management.",2011
44091,SEMINAR IN HUMAN RESOURCE MANAGEMENT ,MIS,minimum 2.75 cumulative GPA; and MIS 24053 or BMRT 11009; and MIS 34180 or BMRT 21006; and special approval.,,"In-depth readings, discussion projects and presentations in a specialized area of human resource management.",2011
44093,VARIABLE TITLE WORKSHOP IN MANAGEMENT AND INFORMATION SYSTEMS ,MIS,Cumulative 2.50 GPA.,,Variable title workshop courses offered under management and information sciences.,2011
44095,SPECIAL TOPICS IN MIS ,MIS,Cumulative 2.50 GPA; and junior standing.,,Offered on a semester basis with different topics and different faculty involved each time the course if offered.,2011
44096,INDIVIDUAL INVESTIGATION IN MANAGEMENT ,MIS,Special approval.,,Presents opportunity to undertake research. Approval of topic and agreement to work with student must be secured from faculty member and the chairperson of the department prior to registration.,2011
44150,TOTAL QUALITY MANAGEMENT ,MIS,Cumulative 2.50 GPA; and MIS 24163 or BMRT 11009; and business management (BMGT) major.,,Considers the application of sound management principles and theories needed for successful implementation of quality processes and systems. Course is based on class discussion and cases.,2011
44152,COLLABORATIVE PROJECT MANAGEMENT ,MIS,Minimum cumulative 2.50 GPA and junior standing.,,"Overview of the concepts, procedures and fundamental processes related to managing international projects. Introduction to the principles, tools and techniques of integrated project management. Emphasizes project management as primary means for implementing strategic initiatives and prepares students for certification as a Project Management Professional (PMP).",2011
44163,GLOBAL BUSINESS MANAGEMENT ,MIS,Senior standing and minimum 2.50 cumulative GPA.,,Provides an overview of contemporary issues and theoretical frameworks in the field of international strategic management using traditional lecture and practical application cases.,2011
44183,DEVELOPING AND TRAINING HUMAN RESOURCES IN ORGANIZATIONS ,MIS,Cumulative 2.75 GPA; and MIS 34180 or BMRT 21006; and special approval.,,"Course focus is quality training design, based upon theory and empirical research. Implications for practice and current challenges in employee training and development are also highlighted.",2011
44191,SENIOR RESEARCH SEMINAR IN MANAGEMENT ,MIS,Special approval.,,Combination of individual or group research and class discussion for superior students. Investigations in administration and organization conducted in accordance with scholarly interests of participants.,2011
44192,INTERNSHIP IN MANAGEMENT ,MIS,Special approval.,,A supervised field experience requiring a minimum of 120 hours of work at a cooperating organization. Requires regular contact with instructor and preparation of an internship report connecting academic coursework to on the job experiences.,2011
44195,ADVANCED TOPICS IN HUMAN RESOURCE MANAGEMENT ,MIS,minimum 2.75 cumulative GPA; and MIS 34180 or BMRT 21006; and special approval.,,Advanced topics course that are offered on a yearly basis. Topics can span the full range of HR functions. This course can also have a practicum format.,2011
44285,INTEGRATED BUSINESS POLICY AND STRATEGY ,MIS,minimum cumulative GPA of 2.50; and major within the College of Business Administration; and senior standing.,,Integration of the functional areas of business in the formulation and implementation of policy. Projects and case analyses of business situations provide students with the opportunity to apply analytical and creative problem solving skills.,2011
44292,INTERNSHIP IN INFORMATION SYSTEMS ,MIS,minimum 2.50 cumulative GPA and MIS 24060 and computer information systems (CIS) major and special approval.,,Preparation of a research report concurrent with on-the-job experience in the information systems department of a cooperating business or industrial organization.,2011
44293,WORKSHOP IN PROFESSIONAL IS CERTIFICATION ,MIS,MIS 34070.,,"Supervised workshop in which students are coached with the objective of passing a commercial certification exam to obtain Microsoft, Cisco, or other vendor's Information Technology credential.",2011
44392,BUSINESS CONSULTING AND PRACTICUM ,MIS,minimum 2.50 cumulative GPA; and junior standing.,,Provides decision-making tools for solving real-world problems by building synergies in prior knowledge to create a synthesis of real life solutions delivery mechanisms underpinning them to pressing problems of the local and international community. The practicum component includes consulting experience with both for profit and not-for-profit business clients.,2011
64005,STATISTICS FOR MANAGEMENT ,MIS,admission to M.B.A. program and graduate standing.,,This course uses computer capabilities to use and understand a variety of statistical techniques and applies these techniques to business problems.,2011
64007,INFORMATION TECHNOLOGY ,MIS,graduate standing and special approval of instructor.,,Overview of database and advanced information processing technologies and their integration. Emphasis is placed on the use of the application to the manufacturing and service industries.,2011
64011,SYSTEMS SIMULATION ,MIS,graduate standing and special approval of instructor.,,"Techniques and applications of computer simulation of existing or proposed real-world systems. Use of simulation language, simulations studies, analysis of interpretation and of results.",2011
64012,SCHEDULING AND PLANNING I ,MIS,graduate standing.,,"An introduction to production planning and scheduling models used to solve real-world problems. Included are aggregate planning; nonlinear cost; production and work force smoothing; adaptive multistage models and pull systems (JIT, OPT).",2011
64013,NONPARAMETRIC STATISTICS ,MIS,MIS 64005 or 74005; and graduate standing.,,This course is a presentation of statistically sound techniques for analysts who want to adopt non-parametric procedures to their specific analytic needs.,2011
64015,STOCHASTIC MODELS ,MIS,Special approval of instructor; and graduate standing.,,"Mathematical modeling of systems involving one or more random variables. Probabilistic concepts in mathematical modeling; Poisson process, Markov chains and processes with applications to production, inventory, reliability and queues.",2011
64017,MULTIVARIATE STATISTICS ,MIS,MIS 64023 or 74023; and graduate standing.,,"This course is devoted to a study of multivariate statistical methods. Topics include multivariate analysis of variance, canonical correlation, principal component analysis, discriminant analysis cluster analysis and factor analysis.",2011
64018,MATHEMATICAL PROGRAMMING ,MIS,graduate standing.,,Advanced techniques including interior-point methods in linear programming; branch-and-bound and cutting-plane methods; traveling salesman and knapsack models in integer programming.,2011
64019,RESEARCH SEMINAR IN SUPPLY CHAIN MANAGEMENT ,MIS,MIS 64015 or 74015; and graduate standing.,,"Research seminar designed primarily for students who seek an in-depth understanding of the current research literature in supply chain management and who are interested in doing research in supply chain management. Students study the academic literature with emphasis on the development and use of analytical tools and models to solve supply chain management problems. Specifically, the course will address quantitative modeling to support operational, tactical and strategic decision-making in supply chain management.",2011
64020,ADVANCED STATISTICAL MODELS ,MIS,MIS 64023 or 74023; and graduate standing.,,"This is a special focus course for which the topics will vary. It will generally include sampling techniques, experimental designs, similar statistical methods, internal and external validity and reliability issues.",2011
64023,LINEAR STATISTICAL MODELS AND APPLICATIONS ,MIS,MIS 64005 or 74005; and graduate standing.,,"Models and applications of simple and multiple regression, correlation and analysis of variance.",2011
64031,QUALITY AND RELIABILITY SYSTEMS ,MIS,graduate standing and special approval of instructor.,,"Modern quality and reliability assurance that combines statistical and behavioral aspects; sampling plan, statistical process control, tolerancing, reliability assurance, product and product optimization, economical allocation and scheduling of inspection.",2011
64033,MODERN MANUFACTURING MANAGEMENT ,MIS,Special approval of instructor and graduate standing.,,Major areas of study: importance of manufacturing and competitive position of U.S. manufacturing; strategic and organizational responses to gain competitive advantage; developments in manufacturing systems and management techniques.,2011
64041,OPERATIONS MANAGEMENT ,MIS,MIS 64005; and graduate standing.,,"Develops a framework for analysis of operating problems. Uses computer, quantitative and behavioral models to develop operating plans consistent with organizations' competitive (or service) strategy.",2011
64042,MANAGEMENT INFORMATION SYSTEMS ,MIS,graduate standing.,,"Theory, development application and management of information systems and their impact on people and organizations; emphasis on strategy, ethics and competitive advantage of modern technology.",2011
64045,SYSTEM DEVELOPMENT METHODOLOGIES ,MIS,graduate standing and special approval of instructor.,,"Critical comparative analysis of various technological and organizational methods for design, construction and maintenance of information systems. Survey of contemporary technologies and extrapolation to possible futures.",2011
64046,SEMINAR IN COMPUTER-SUPPORTED COLLABORATIVE WORK ,MIS,graduate standing and special approval of instructor.,,"Technical and management considerations of collaborative work technology, including networking; topics such as groupware, group decision support systems, telework, local area networking, Internet and network references.",2011
64047,MANUFACTURING TECHNOLOGY AND STRATEGY ,MIS,graduate standing and special approval of instructor.,,This course provides the student with an introduction to modern techniques in manufacturing and the necessary strategic concepts to implement them. A similar discussion of service industries is also included.,2011
64080,EMERGING HARDWARE AND SOFTWARE TECHNOLOGIES ,MIS,graduate standing and special approval of instructor.,,"Investigation of selected emerging hardware and software technologies such as parallel processing systems, computer languages and operation systems, artificial intelligence, neural networks and chaos theory.",2011
64081,DATA COMMUNICATIONS AND NETWORKING IN BUSINESS ,MIS,graduate standing and special approval of instructor.,,An introduction to telecommunications and computer networks. Topics include telecommunications technologies and services communication standards and protocols local area networks and network management.,2011
64082,DATABASE MANAGEMENT SYSTEMS ,MIS,graduate standing and special approval.,,In-depth investigation of intelligent database management systems in support of business decision making. An understanding of relational databases is assumed. Object-oriented and semantic database will be explored.,2011
64083,INFORMATION SECURITY: A MANAGERIAL PERSPECTIVE ,MIS,Admission to MBA program or admission to MS IAKM program; and graduate standing.,,Introduction to the information security areas that managers must understand in order to deal with today's security threat-laden environment. The emphasis is on the important principals and concepts that managers utilize to develop effective security risk management programs.,2011
64108,ADVANCED TOPICS IN HUMAN RESOURCES MANAGEMENT AND ORGANIZATIONAL BEHAVIOR ,MIS,graduate standing and special approval of instructor.,,Intensive investigation of selected topics in human resources management and/or organizational behavior. Students will be expected to undertake a research project on a topic jointly determined by the student and the instructor.,2011
64158,LEADERSHIP AND MANAGERIAL ASSESSMENT ,MIS,graduate standing.,,"Develop understanding and skills in self management and team leadership using assessment instruments, role playing and organizational incidents.",2011
64160,LEADERHSIP AND ORGANIZATIONAL CHANGE ,MIS,graduate standing.,,"Develop understanding of the theories and techniques needed for the successful management of significant organizational change with emphasis on discussion, exercises and case studies.",2011
64165,HIGH PERFORMANCE ORGANIZATIONS ,MIS,graduate standing.,,Considers the traits of organizational leaders and the processes they use to implement changes in organizations.,2011
64185,BUSINESS STRATEGY ,MIS,Completion of 24 credit hours of graduate courses from the College of Business Administration and graduate standing.,,Integrative approach to the study of policy formulation and implementation. Formalized planning systems reviewed; case analysis of actual business situations helps student further develop analytical and communication skills.,2011
64261,STRATEGIC DESIGN-MAKING AND HUMAN RESOURCE MANAGEMENT ,MIS,graduate standing and special approval of instructor.,,Provides a first graduate-level introduction to the fundamental concepts of HRM/OB and strategic decision-making.,2011
64263,EMPLOYEE SELECTION AND APPRAISAL ,MIS,Graduate standing and MIS 64271.,,This course will focus primarily on issues associated with the person/job matching process in modern organizations related to the selection and appraisal of employees.,2011
64270,ORGANZATIONAL ANALYSIS AND DESIGN ,MIS,graduate standing.,,"Theoretical basis and research findings are discussed, permitting the student to analyze and understand complex work organizations. Data provided prepares the student to analyze design and solve organizational problems within the work environment.",2011
64271,HUMAN RESOURCE MANAGEMENT ,MIS,Admission to M.B.A. program and graduate standing.,,Explores the management of a firm's human resources from practical and theoretical perspectives of managing people at work.,2011
64275,STRATEGIC GLOBAL MANAGEMENT ,MIS,Completion of 24 credit hours of graduate courses from the College of Business Administration and graduate standing.,,"Strategic global management explores micro-level concepts and strategic managerial alternatives within the context of current global business operations in the political, economic and cultural environment facing today's manager.",2011
64277,MICRO-ORGANIZATIONAL ANALYSIS: INDIVIDUAL BEHAVIOR ,MIS,graduate standing.,,"An examination of theory and research on individual behavior in organizations. Special attention is given to theories of motivation, job satisfaction, goal setting, task design and feedback systems.",2011
64285,MANAGING HIGH TECHNOLOGY ,MIS,MIS 64007 or 74007; and graduate standing.,,This course will cover tools and processes for anticipating and implementing high technologies to assure maximum return on investment for long-term competitive advantage.,2011
74005,STATISTICS FOR MANAGEMENT I ,MIS,admission to MBA program; and doctoral standing.,,This course uses computer capabilities to use and understand a variety of statistical techniques and applies these techniques to business problems.,2011
74007,INFORMATION TECHNOLOGY ,MIS,Doctoral standing and special approval of instructor.,,Overview of database and advanced information processing technologies and their integration. Emphasis is placed on the use of the application to the manufacturing and service industries.,2011
74012,SCHEDULING AND PLANNING ,MIS,doctoral standing.,,"An introduction to production planning and scheduling models used to solve real-world problems. Included are aggregate planning; nonlinear cost; production and work force smoothing; adaptive; multistage models and pull systems (JIT,OPT).",2011
74013,NON-PARAMETRIC STATISTICS ,MIS,MIS 64005 or 74005; and doctoral standing.,,This course is a presentation of statistically sound techniques for analysts who want to adopt non-parametric procedures to their specific analytic needs.,2011
74015,STOCHASTIC MODELS ,MIS,pecial approval of instructor; and doctoral standing.,,"Mathematical modeling of systems involving one or more random variables. Probabilistic concepts in mathematical modeling; Poisson process; Markov chains and processes with applications to production, inventory, reliability and queues.",2011
74017,MULTIVARIATE STATISTICS ,MIS,MIS 64023 or 74023; and doctoral standing.,,"This course is devoted to a study of multivariate statistical methods. Topics include multivariate analysis of variance, canonical correlation, principal component analysis, discriminant analysis, cluster analysis and factor analysis.",2011
74018,MATHEMATICAL PROGRAMMING ,MIS,doctoral standing.,,Advanced techniques including interior-point methods in linear programming; branch-and-bound and cutting-plane methods; traveling salesman and knapsack models in integer programming.,2011
74019,RESEARCH SEMINAR IN SUPPLY CHAIN MANAGEMENT ,MIS,MIS 64015 or 74015; and doctoral standing.,,"Research seminar designed primarily for students who seek an in-depth understanding of the current research literature in supply chain management and who are interested in doing research in supply chain management. Students study the academic literature with emphasis on the development and use of analytical tools and models to solve supply chain management problems. Specifically, the course will address quantitative modeling to support operational, tactical and strategic decision-making in supply chain management.",2011
74020,ADVANCED STATISTICAL MODELS ,MIS,MIS 64023 or 74023; and doctoral standing.,,"This is a special focus course for which the topics will vary. It will generally include sampling techniques ,experimental designs, similar statistical methods, internal and external validity, and reliability issues.",2011
74023,LINEAR STATISTICAL MODELS AND APPLICATIONS ,MIS,MIS 64005 or 74005; and doctoral standing.,,"Models and applications of simple and multiple regression, correlation and analysis of variance.",2011
74031,QUALITY AND RELIABILITY SYSTEMS ,MIS,doctoral standing and special approval of instructor.,,"Modern quality and reliability assurance that combines statistical and behavioral aspects; sampling plan, statistical process control, tolerancing, reliability assurance, product and product optimization, economical allocation, and scheduling of inspection.",2011
74033,MODERN MANUFACTURING MANAGEMENT ,MIS,pecial approval of instructor; and doctoral standing.,,Major areas of study: importance of manufacturing and competitive position of U.S. manufacturing; strategic and organizational responses to gain competitive advantage; developments in manufacturing systems and management techniques.,2011
74041,OPERATIONS MANAGEMENT ,MIS,MIS 64005 or 74005; and doctoral standing.,,Develops a framework for analysis of operating problems. Uses computer quantitative and behavioral models to develop operating plans consistent with organizations' competitive (or service) strategy.,2011
74042,MANAGEMENT INFORMATION SYSTEMS ,MIS,pecial approval and doctoral standing.,,"Theory, development application and management of information systems and their impact on people and organizations; emphasis on strategy, ethics and competitive advantage of modern technology.",2011
74045,SYSTEM DEVELOPMENT METHODOLOGIES ,MIS,doctoral standing and special approval of instructor.,,"Critical comparative analysis of various technological and organizational methods for design, construction and maintenance of information systems. Survey of contemporary technologies and extrapolation to possible futures.",2011
74046,SEMINAR IN COMPUTER-SUPPORTED COLLABORATIVE WORK ,MIS,doctoral standing and special approval of instructor.,,"Technical and management considerations of collaborative work technology, including networking topics such as groupware, group decision support systems, telework, local area networking, Internet and network references.",2011
74047,MANUFACTURING TECHNOLOGY AND STRATEGY ,MIS,doctoral standing and special approval of instructor.,,This course provides the student with an introduction to modern techniques in manufacturing and the necessary strategic concepts to implement them. A similar discussion of service industries is also included.,2011
74080,EMERGING HARDWARE AND SOFTWARE TECHNOLOGIES ,MIS,doctoral standing and special approval of instructor.,,"Investigation of selected emerging hardware and software technologies such as parallel processing systems, computer languages and operation systems, artificial intelligence, neural networks and chaos theory.",2011
74081,DATA COMMUNICATIONS AND NETWORKING IN BUSINESS ,MIS,doctoral standing and special approval of instructor.,,"An introduction to telecommunications and computer networks. Topics include telecommunications technologies and services, communication standards and protocols, local area networks and network management.",2011
74082,DATABASE MANAGEMENT SYSTEMS ,MIS,doctoral standing and special approval.,,In-depth investigation of intelligent database management systems in support of business decision making. An understanding of relational databases is assumed. Object oriented and semantic database will be explored.,2011
74108,ADVANCED TOPICS IN HUMAN RESOURCES MANAGEMENT AND ORGANIZTIONAL BEHAVIOR ,MIS,Doctoral standing and special of instructor.,,Intensive investigation of selected topics in human resources management and/or organizational behavior. Students will be expected to undertake a research project on a topic jointly determined by the student and the instructor.,2011
74160,LEADERSHIP AND ORGANIZATIONAL CHANGE ,MIS,doctoral standing.,,"Develop understanding of the theories and techniques needed for the successful management of significant organizational change with emphasis on discussion, exercises and case studies.",2011
74165,HIGH PERFORMANCE ORGANIZATIONS ,MIS,doctoral standing.,,Considers the traits of organizational leaders and the processes they use to implement changes in organizations.,2011
74185,BUSINESS STRATEGY ,MIS,pecial approval and doctoral standing.,,Integrative approach to the study of policy formulation and implementation. Formalized planning systems reviewed case analysis of actual business situations helps student further develop analytical and communication skills.,2011
74261,STRATEGIC DECISION-MAKING AND HUMAN RESOURCE MANAGEMENT ,MIS,doctoral standing and special approval of instructor.,,Provides a first graduate-level introduction to the fundamental concepts of HRM/OB and strategic decision making.,2011
74262,COMPETITIVE STRATEGIC ANALYSIS ,MIS,doctoral standing and special approval of instructor.,,"Develops an understanding of the critical factors involved in formulating industry-analytic, competitive strategy and evaluating its effectiveness.",2011
74263,EMPLOYEE SELECTION AND APPRAISAL ,MIS,doctoral standing.,,This course will focus primarily on issues associated with the person/job matching process in modern organizations related to the selection and appraisal of employees.,2011
74270,ORGANIZATIONAL ANALYSIS ,MIS,pecial approval and doctoral standing.,,"Theoretical basis and research findings are discussed, permitting the student to analyze and understand complex work organizations. Data provided prepares the student to analyze, design and solve organizational problems within the work environment.",2011
74275,STRATEGIC GLOBAL MANAGEMENT ,MIS,pecial approval and doctoral standing.,,"Strategic global management explores micro-level concepts and strategic managerial alternatives within the context of current global business operations in the political, economic and cultural environment facing today's manager.",2011
74277,MICRO-ORGANIZATIONAL ANALYSIS: INDIVIDUAL BEHAVIOR ,MIS,doctoral standing.,,"An examination of theory and research on individual behavior in organizations. Special attention is given to theories of motivation, job satisfaction, goal setting, task design and feedback systems.",2011
74285,MANAGING HIGH TECHNOLOGY ,MIS,MIS 64007 or 74007; and doctoral standing.,,This course will cover tools and processes for anticipating and implementing high technologies to assure maximum return on investment for long-term competitive advantage.,2011
84007,INFORMATION TECHNOLOGY ,MIS,doctoral standing.,,Overview of information technologies and their management. Emphasis is placed on current issues in each of the is technology types and business issues on their acquisition management and value.,2011
84012,SCHEDULING AND PLANNING ,MIS,doctoral standing.,,"An introduction to production planning and scheduling models used to solve real world problems. Included are aggregate planning; nonlinear cost; production and work force smoothing; adaptive multistage models and pull systems (JIT, OPT).",2011
84015,STOCHASTIC MODELS ,MIS,doctoral standing and special approval.,,"Mathematical modeling of systems involving one or more random variables: basic probability theory; Poisson process, Markov chain and Markov process with applications to production, inventory, reliability and queuing systems.",2011
84020,ADVANCED STOCHASTIC MODELS ,MIS,doctoral standing.,,This is a special focus course for which the topics will vary. It will generally include sampling techniques experimental designs other advanced statistical models internal external validity and reliability issues and time series analysis.,2011
84031,QUALITY AND RELIABILITY SYSTEMS ,MIS,doctoral standing and special approval.,,"Modern Q & R assurance that combines statistical and behavioral aspects; Sampling Plans, Statistical Process Control, Tolerancing, Reliability Assurance, Product and Product Optimization, Economical Allocation and Scheduling of Inspection.",2011
84045,SYSTEM DEVELOPMENT METHODOLOGIES ,MIS,doctoral standing.,,"Critical comparative analysis of various technological and organizational methods for design, construction and maintenance of information systems. Survey of contemporary technologies and extrapolation to possible futures.",2011
84047,MANUFACTURING TECHNOLOGY AND STRATEGY ,MIS,doctoral standing and special approval.,,This course provides the student with an introduction to modern techniques in manufacturing and the necessary strategic concepts to implement them. A similar discussion of service industries is also included.,2011
84080,EMERGING HARDWARE AND SOFTWARE TECHNOLOGIES ,MIS,doctoral standing.,,"Investigation of selected emerging hardware and software technologies such as parallel processing systems, computer languages and operations systems, artificial intelligence, neural networks and chaos theory.",2011
84081,DATA COMMUNICATIONS AND NETWORKING IN BUSINESS ,MIS,doctoral standing.,,"An introduction to telecommunications networks, services and regulations. Topics include transmission media, communications standards and protocols, local and wide area networks, and network management and security.",2011
84082,DATABASE MANAGEMENT SYSTEMS ,MIS,doctoral standing.,,In-depth investigation of intelligent database management systems in support of business decision- making. An understanding of relational databases is assumed. Object-orientation and other advanced database concepts will be explored.,2011
84083,INFORMATION INFRASTRUCTURE SECURITY ,MIS,doctoral standing. Pre- or corequisite: MIS 84112.,MIS 84112.,"A course in infrastructure security. In-depth examination of current issues in this field including network vulnerability, privacy and legal issues, and government agencies.",2011
84108,ADVANCED TOPICS IN HUMAN RESOURCE MANAGEMENT AND ORGANIZATIONAL BEHAVIOR ,MIS,doctoral standing.,,Intensive investigation of selected topics in human resources management and/or organizational behavior. Students will be expected to undertake a research project on a topic jointly determined by the student and the instructor.,2011
84112,RESEARCH METHODOLOGY ,MIS,doctoral standing.,,The objectives of this course are: to formulate a research problem and develop testable research hypotheses; develop research skills by learning the different research methods and techniques; explain information contained in research statistical outputs such as SAS and SPSS enable students to conduct meaningful and high quality research in their specific field of interest.,2011
84261,STRATEGIC DECISION-MAKING AND HUMAN RESOURCE MANAGEMENT ,MIS,doctoral standing and special approval.,,Provides a first graduate-level introduction to the fundamental concepts of HRM/OB and strategic decision-making.,2011
84262,COMPETITIVE STRATEGIC ANALYSIS ,MIS,doctoral standing.,,Develops an understanding of the critical factors involved in formulating industry-analytic competitive strategy and evaluating its effectiveness.,2011
84263,EMPLOYEE SELECTION AND APPRAISAL ,MIS,doctoral standing.,,This course will focus primarily on issues associated with the person/job matching process in modern organizations related to the selection and appraisal of employees.,2011
84266,READINGS IN MANAGEMENT SYSTEMS ,MIS,doctoral standing.,,"Survey of the leading writers and research studies in the area of management systems. The course addresses methodologies, major theoretical developments and practical applications.",2011
84275,CORPORATE AND GLOBAL STRATEGY ,MIS,doctoral standing.,,"Focuses on review and integration of the several streams of literature dealing with strategy for, and management of, the product-diversified and/or internationally-diversified firm. Also, in order to complement the emphasis of other doctoral offerings on strategy formulation topics, this seminar places a special emphasis on strategy process, organizational structure, and administrative mechanisms. In particular, it explores the foundations as well as current research on corporate governance, broadly define. This includes (I) the set of mechanisms available to align the interest of top managers to those of shareowners, as well as (II) the mechanisms available to motivate and control middle managers so that their decisions and behaviors are aligned with intended corporate and/or international strategy and goals.",2011
84277,ORGANIZATIONAL BEHAVIOR AND THEORY ,MIS,doctoral standing.,,"An examination of theory and research on individual and group behavior in organizations. Special attention is given to theories of motivation, job satisfaction, goal setting, task design, feedback systems, group dynamics, power and teams.",2011
84285,TECHNOLOGY MANAGEMENT AND ENTREPRENEURSHIP ,MIS,doctoral standing.,,"Covers topics pertaining to innovation management at micro-level (entrepreneurship, corporate entrepreneurship), meso-level (networks), and macro-level (cross-country and within-country comparisons).",2011
84291,SEMINAR IN MANAGEMENT SYSTEMS ,MIS,doctoral standing and special approval of instructor.,,Intensive investigation of selected topics in organization and strategic management. Student will be expected to undertake research on a topic determined in joint consultation with the instructor.,2011
