10011,NUTRITIONAL OUTREACH: A HOW-TO FOR LIFE-LONG HEALTHY EATING ,NUTR,,,"Teaches basic nutrition information for healthy eating including the important nutritional aspects of cooking, shopping, dining and disease prevention related to dietary intake.",2011
23112,INTRODUCTION TO THE PROFESSION: NUTRITION AND DIETETICS ,NUTR,,,"Discusses academic requirements for successful completion of the Bachelor of Science in Nutrition and Dietetics, the history of the profession as well as current credentialing and licensing requirements. Explores the opportunities within the field of dietetics. Teaches methods to document academic, personal and professional skills.",2011
23511,SCIENCE OF HUMAN NUTRITION ,NUTR,,,"Basic concepts and principles in the science of human nutrition, energy balance and weight control, individual nutrient needs, diet selection, nutrition related metabolism and physiological functions, nutritional diseases and current human nutrition controversies.",2011
33512,NUTRITION ,NUTR,CHEM 10060 and CHEM 10061 and CHEM 20481; or CHEM 10050 and CHEM 10052; or CHEM 10054.,,"Functions, sources and interactions of essential nutrients. Nutritional needs of family members, methods of meeting these needs, sources of reliable nutrition information.",2011
33522,APPLIED NUTRITION ,NUTR,NUTR 23511 and PSYC 11762 and SOC 12050.,,"Application of nutrition principles including nutrition assessment, charting of medical records, interviewing, counseling, nutrition education, food exchange lists, nutrition surveys and dietary standards. Course is for students in the Nutrition and Dietetics concentration.",2011
41092,PRACTICUM IN NUTRITION ,NUTR,Permission.,,Directed professional training experiences in the field of nutrition and dietetics.,2011
41093,WORKSHOP IN NUTRITION ,NUTR,,,Workshop setting dealing with a topic or topics in the field of nutrition and dietetics.,2011
41095,SPECIAL TOPICS IN NUTRITION ,NUTR,,,Discussion of a major topic within a specific field in nutrition and dietetics.,2011
41096,INDIVIDUAL INVESTIGATION IN NUTRITION ,NUTR,Written permission from instructor.,,Independent study in nutrition and dietetics.,2011
43013,EXPERIMENTAL METHODS IN NUTRITION ,NUTR,NUTR 33512.,,Students will gain laboratory experience in the biochemical methods of assessing nutrition status and the identification of nutrition-related conditions. Principles of experimental design and data analysis and techniques of scientific writing will be applied.,2011
43016,"CULTURAL ASPECTS OF FOOD, NUTRITION AND HEALTH ",NUTR,NUTR 23511.,,"Cultural overview of racial, ethnic and religious population groups residing in the United States and the impact on food habits, nutritional and health status, and counseling concerns.",2011
43512,ADVANCED NUTRITION I ,NUTR,NUTR 33512.,,An exploration into the mechanisms through which macronutrients meet the human biological needs. Fundamental concepts underlying applied human nutrition. Evaluation and interpretation of research findings.,2011
43513,ADVANCED NUTRITION II ,NUTR,NUTR 33512 and BSCI 30030 and CHEM 30284.,,Mechanisms through which nutrients meet the human biological needs. Fundamental concepts underlying applied human nutrition. Evaluation and interpretation of research findings.,2011
43514,CLINICAL DIETETICS ,NUTR,NUTR 33522 and NUTR 43513.,,Application of the principles of normal nutrition to diet and disease effect of pathological conditions on nutritional needs. Also has a lab which provides the opportunity for students to engage in case studies and nutritional assessments.,2011
43515,COMMUNITY NUTRITION ,NUTR,NUTR 33512 and 33522.,,"Introduction to nutrition problems and practices in the community. Study of legislation, philosophies, management, nutrition education processes, food assistance programs and agencies affecting nutritional care. Includes a experiential laboratory component with focuses in planning, implementation, evaluation and outcomes in nutrition education.",2011
43518,MATERNAL AND CHILD NUTRITION ,NUTR,NUTR 33512.,,"Nutrition requirements and problems: pregnancy, lactation, childhood and adolescence.",2011
43520,NUTRITION FOR FITNESS ,NUTR,NUTR 33512.,,"Course explores the relationship between nutrition, health and exercise. Dietary change for improved health and fitness is discussed as well as the impact of diet and exercise on body composition and weight.",2011
43521,FOOD CHOICES FOR PRESCRIBED DIETARY MODIFICATION ,NUTR,NUTR 23511.,,Adapting adequate normal diet in terms of food choices to accommodate prescribed food restriction or bodily dysfunction. Course is not open to students in the Nutrition and Dietetics concentration.,2011
43523,NUTRITION AND DIETETICS:PROFESSIONAL PRACTICE ,NUTR,Nutrition and Food (NF) major and senior standing.,,Development of professional awareness. Evaluation of professional growth and formulation of plans for continued growth.,2011
43532,METH AND EXP NUTR OUTREACH ,NUTR,pecial approval.,,"Students learn methods for development and evaluation techniques used for nutrition outreach programming, the role of community nutrition education in public health, and the impact of nutrition programming on disease prevention and management. Students also engage in service learning opportunities in community nutrition education.",2011
51093,VARIABLE TITLE WORKSHOP IN NUTRITION ,NUTR,Graduate standing.,,Workshop setting dealing with a topic or topics in the field of nutrition and dietetics.,2011
51095,SPECIAL TOPICS IN NUTRITION ,NUTR,Graduate standing.,,Discussion of a major topics within the field of nutrition and dietetics.,2011
51096,INDIVIDUAL INVESTIGATION IN NUTRITION ,NUTR,Graduate standing.,,Independent study in the area of nutrition and dietetics.,2011
53013,EXPERIMENTAL METHODS IN NUTRITION ,NUTR,nutrition and dietetics (NUTR) majors and graduate standing.,,"Student gain experience in research methods related to nutrition and dietetics, principles of experimental design, data analysis and techniques of scientific writing are applied.",2011
53016,"CULTURAL ASPECTS OF FOOD, NUTRITION AND HEALTH ",NUTR,NUTR 23511 and graduate standing.,,"Cultural overview of racial, ethnic and religious population groups residing in the United States and the impact on food habits, nutritional and health status, and counseling concerns.",2011
53512,ADVANCED NUTRITION I ,NUTR,nutrition and dietetics (NUTR) major and graduate standing.,,An exploration into the mechanisms through which macronutrients meet the human biological needs. Fundamental concepts underlying applied human nutrition. Evaluation and interpretation of research findings.,2011
53513,ADVANCED NUTRITION II ,NUTR,nutrition and dietetics major (NUTR) and graduate standing.,,Mechanisms through which nutrients meet human biological needs. Fundamental concepts underlying human nutrition. Evaluation and interpretation of research findings.,2011
53514,CLINICAL DIETETICS ,NUTR,nutrition and dietetics (NUTR) major and graduate standing.,,Application of the principles of normal nutrition to diet and disease effect of pathological conditions on nutritional needs. Also included is a lab which provides the opportunity for students to engage in case studies and nutritional assessments.,2011
53515,COMMUNITY NUTRITION ,NUTR,nutrition and dietetics (NUTR) major and graduate standing.,,"Introduction to nutrition problems and policies in the community. Study of legislation, philosophies, management, nutrition education processes, food assistance programs, and agencies affecting nutritional care. This course also includes an experiential laboratory component with focuses in planning, implementation, evaluation, and outcomes in nutrition education.",2011
53518,MATERNAL AND CHILD NUTRITION ,NUTR,nutrition and dietetics (NUTR) major and graduate standing.,,"Nutrition requirements and problems: pregnancy, lactation, childhood and adolescence.",2011
53520,NUTRITION FOR FITNESS ,NUTR,graduate standing.,,"Course explores the relationship between nutrition, health and exercise. Dietary change for improved health and fitness is discussed as well as the impact of diet and exercise on body composition and weight.",2011
53521,FOOD CHOICES FOR PRESCRIBED DIETARY MODIFICATION ,NUTR,NUTR 23511 and graduate standing.,,Adapting normal diet to accommodate prescribed food restriction. Provides introductory overview of dietary modifications commonly encountered by the elderly. Course not open to students in the Nutrition and Dietetics concentration.,2011
53532,METHODS AND EXPERIENCES IN NUTRITION OUTREACH ,NUTR,pecial approval; and nutrition and dietetics (NUTR) major; and graduate standing.,,"Students learn methods for development and evaluation techniques used for nutrition outreach programming, the role of community nutrition education in public health, and the impact of nutrition programming on disease prevention and management. Students also engage in service learning opportunities in community nutrition education.",2011
61018,TECHNIQUES OF RESEARCH IN FAMILY AND CONSUMER STUDIES ,NUTR,Graduate standing.,,Introduction to the types of research and methods of data collection applied to a project of the student's choice.,2011
61091,SEMINAR IN NUTRITION ,NUTR,Graduate standing.,,Seminar covering topics in nutrition and dietetics.,2011
61098,RESEARCH ,NUTR,Graduate standing.,,Research for master's-level graduate students. Credits earned may be applied toward meeting degree requirements if school approves. Repeated registration permitted.,2011
61198,MASTER'S PROJECT ,NUTR,Special approval and graduate standing.,,"Completion and successful defense of a master's project. Master's project students must register for a total of 6 hours, 2 to 6 hours in a single semester distributed over several semesters if desired.",2011
63199,THESIS I ,NUTR,Special approval and graduate standing.,,"Thesis students must register for a total of 6 hours, 2 to 6 hours in a single semester distributed over several semesters if desired.",2011
63299,THESIS II ,NUTR,HDFS 61199 and graduate standing.,,Thesis II students must continue registration each semester until all degree requirements are met.,2011
63519,ADVANCED STUDY OF MICRONUTRIENTS ,NUTR,nutrition and dietetics (NUTR) major and graduate standing.,,"Intake, digestion and absorption of nutrients.",2011
63520,MACRONUTRIENT NUTRITION ,NUTR,nutrition and dietetics (NUTR) major and graduate standing.,,Metabolic utilization of macronutrients for body processes.,2011
63521,NUTRITION AND DISEASE:CLINICAL APPLICATIONS ,NUTR,nutrition and dietetics (NUTR) major and graduate standing.,,Recent trends and concepts in research and practice of therapeutic dietetics.,2011
63523,NUTRITION AND GERONTOLOGY ,NUTR,NUTR 23511 and graduate standing.,,Biochemistry of aging process and the interrelation of gerontology and nutrition.,2011
63524,PERSPECTIVE ON PREVENTION AND PRACTICE IN COMMUNITY NUTRITION ,NUTR,graduate standing.,,"Explores the relationship between nutritional epidemiology and the research, policies, and programs for successful treatment and prevention of nutrition related disease in the U.S. Also focuses on the behavioral and learning theories used in successful nutrition interventions and grant writing to sustain community programs.",2011
63525,DIETETIC PRACTICE: COMMUNITY ,NUTR,Special approval and graduate standing.,,Discussion focusing on nutrition care in the community setting. Evaluation and interpretation of the scientific literature.,2011
63526,DIETETIC PRACTICE: MANAGEMENT ,NUTR,Special approval and graduate standing.,,Discussion focusing on the management of food and nutrition services. Evaluation and interpretation of the scientific literature.,2011
63527,DIETETIC PRACTICE:CLINICAL ,NUTR,Special approval and graduate standing.,,Discussion focusing on nutrition care in the acute practice setting. Evaluation and interpretation of the scientific literature.,2011
63591,NUTRITION SEMINAR ,NUTR,Graduate standing.,,Evaluation and interpretation of recent literature in an area of nutrition. Topic selected will be indicated in the schedule of classes each semester offered.,2011
63592,DIETETIC INTERNSHIP ,NUTR,Special approval and graduate standing.,,Supervised practice component of dietetic internship.,2011
