12201,ELEMENTARY RUSSIAN I ,RUSS,,RUSS 12211.,An introduction to the Russian language in the context of Russian cultures. Corequisite: RUSS 12211.,2011
12202,ELEMENTARY RUSSIAN II ,RUSS,RUSS 12201 and 12211.,RUSS 12212.,A continuation of the introduction to the Russian language in the context of Russian cultures.,2011
12211,ELEMENTARY RUSSIAN I RECITATION ,RUSS,,RUSS 12201.,Reinforces material presented in Elementary Russian I (RUSS 12201). Must be taken with Elementary Russian I. Corequisite: RUSS 12201.,2011
12212,ELEMENTARY RUSSIAN II RECITATION ,RUSS,RUSS 12201 and 12211.,RUSS 12202.,Reinforces material presented in Elementary Russian II (RUSS 12202). Must be taken together with Elementary Russian II.,2011
22111,INTERMED RUSSIAN I RECITATION ,RUSS,RUSS 22201 and 22211.,RUSS 22202.,Reinforces material presented in Intermediate Russian II (RUSS 22202) and must be taken with Intermediate Russian II.,2011
22201,INTERMEDIATE RUSSIAN I ,RUSS,RUSS 12202.,RUSS 22211.,"Continued development of speaking, listening, reading and writing skills using a variety of cultural materials.",2011
22202,INTERMEDIATE RUSSIAN II ,RUSS,RUSS 22201.,RUSS 22212.,Continuation of RUSS 22201.,2011
22211,INTERMEDIATE RUSSIAN I RECITATION ,RUSS,RUSS 12202 and 12212.,RUSS 22201.,Reinforces material presented in Intermediate Russian I (RUSS 22201). Must be taken together with Intermediate Russian I.,2011
22212,INTERMEDIATE RUSSIAN II RECITATION ,RUSS,RUSS 22201 and 22211.,RUSS 22202.,Reinforces material presented in Intermediate Russian II (RUSS 22202). Must be taken with Intermediate Russian II.,2011
22260,RUSSIAN MORPHOLOGY AND VOCABULARY BUILDING ,RUSS,RUSS 22202.,,"A systematic presentation of the extensive root, prefix and suffix system which provides the basis for rapid acquisition of Russian vocabulary.",2011
32201,INTENSIVE RUSSIAN GRAMMAR ,RUSS,RUSS 22202 .,,A systematic approach to Russian grammar and syntax.,2011
32211,COMPOSITION AND CONVERSATION ,RUSS,RUSS 22202.,,Introduction to advanced oral and written discourse strategies in Russian.,2011
32215,RUSSIAN PHONETICS AND DICTION ,RUSS,RUSS 22202.,,Study of the Russian sound system with special emphasis on pronunciation and intonation. Application of the international phonetic alphabet to Russian.,2011
32231,TRANSLATION PRACTICE: RUSSIAN ,RUSS,,MCLS 30230.,Translation practice with Russian texts using principles and techniques learned in the lecture class. To be taken concurrently with MCLS 30230. Corequisite: MCLS 30230.,2011
32240,CONVERSATION FOR BUSINESS AND SPECIAL PURPOSES: RUSSIAN ,RUSS,RUSS 32211.,,Introduction to the special vocabulary of business and other special subject areas; introduces the concept of language for special purposes and emphasizes the use of special vocabulary in conversations in business and other settings.,2011
32303,MODERN WRITERS ,RUSS,RUSS 22202.,,Reading and analysis of modern Russian plays and stories.,2011
32325,RUSSIAN POETRY AND FOLKLORE ,RUSS,RUSS 32303.,,Reading and analysis of major poems and introduction to folklore.,2011
32350,RUSSIAN PROSE ,RUSS,RUSS 32303.,,Reading and critical analysis of major prose works.,2011
32354,RUSSIAN DRAMA ,RUSS,RUSS 32303.,,Reading and critical analysis of major plays.,2011
32421,RUSSIAN CIVILIZATION ,RUSS,RUSS 32303.,,A survey of Russian history and intellectual life.,2011
32501,RUSSIAN LITERATURE IN ENGLISH ,RUSS,Sophomore standing.,,"This course is designed as a survey of major authors, movements and works of nineteenth and twentieth century Russian literature in English translation. No knowledge of Russian required.",2011
42093,VARIABLE TITLE WORKSHOP IN RUSSIAN LANGUAGE AND LITERATURE ,RUSS,Departmental special approval.,,Workshops individually designed to provide instruction and training in specific areas of Russian studies.,2011
42095,SPECIAL TOPICS IN RUSSIAN LANGUAGE AND LITERATURES ,RUSS,Senior standing.,,Topic to be announced in schedule of classes. Repeated registration permitted when content varies.,2011
42096,INDIVIDUAL INVESTIGATION ,RUSS,6 hours of upper-division Russian (RUSS) courses and special approval of the department chairperson.,,Independent investigation of problems in Russian language or literature.,2011
42211,ADVANCED COMPOSITION AND CONVERSATION ,RUSS,RUSS 32211.,,A continuation of RUSS 32211.,2011
42230,ADVANCED TRANSLATION PRACTICE: RUSSIAN ,RUSS,RUSS 32231.,,"Theory and practice course that discusses translation theory and emphasizes Russian-to-English translation of selected texts in business, technology, medicine and law.",2011
42240,BUSINESS AND SPECIAL TEXTS: RUSSIAN ,RUSS,RUSS 32211.,,Survey of the typical text types of business in the Russian culture and language. Practice sessions focus on reading and understanding specialized texts and on the translation and composition of selected special texts in Russian.,2011
42351,SURVEY OF RUSSIAN AND SOVIET LITERATURE ,RUSS,6 hours of upper-division Russian (RUSS) courses.,,"Introduces students to the major movements and authors of Russian, Soviet and post-Soviet literature beginning with Karamizin and ending with Boris Akunin.",2011
42399,RESEARCH PROJECT IN RUSSIAN LANGUAGE AND LITERATURE ,RUSS,6 hours of 40000-level Russian (RUSS) courses and special approval.,,Thesis or other independent study.,2011
52211,ADVANCED COMPOSITION AND CONVERSATION ,RUSS,Graduate standing.,,Advanced practice in written and oral expression in Russian.,2011
52240,BUSINESS AND SPECIAL TEXTS: RUSSIAN ,RUSS,Graduate standing.,,Survey of the typical text of business in the Russian culture and language. Practice sessions focus on reading and understanding specialized texts and on the translation and composition of selected special texts in Russian.,2011
52351,SURVEY OF RUSSIAN AND SOVIET LITERATURE ,RUSS,Graduate standing.,,"This course introduces students to the major movements and authors of Russian, Soviet and post- Soviet literature beginning with Karamzin and ending with Boris Akunin.",2011
62001,GRADUATE RESEARCH AND WRITING IN RUSSIAN ,RUSS,Graduate standing.,,Individual instruction and assistance with problems encountered in academic research and writing in Russian. Required of all graduate students in their first fall semester of graduate work.,2011
62010,THE PRACTICE OF RUSSIAN TRANSLATION ,RUSS,graduate standing.,TRST 60010.,Students apply linguistic and communication science concepts to case studies of language mediation.,2011
62091,SEMINAR ,RUSS,Graduate standing.,,Topic announced in schedule of classes; may be repeated when content varies.,2011
62098,RESEARCH ,RUSS,Graduate standing and departmental special approval.,,Research or individual investigation for master's level graduate students. Credits earned applied toward degree requirements if department approves repeat registration permitted.,2011
62240,LITERARY AND CULTURAL TRANSLATION ,RUSS,Graduate standing.,,"Translation of documents from a variety of literary and cultural sources, including literature, expository and journalistic prose, scholarly treaties and essays. Translation into Russian will also be emphasized.",2011
62250,"COMMERCIAL, LEGAL AND DIPLOMATIC TRANSLATION ",RUSS,TRST 60010 and graduate standing.,,"An introduction to methods and resources for the translation of commercial, economic, financial, legal, diplomatic and governmental documents.",2011
62251,"SCIENTIFIC, TECHNICAL AND MEDICAL TRANSLATION ",RUSS,TRST 60010 and graduate standing.,,"An introduction to methods and resource for the translation of scientific, technical, industrial and medical documents.",2011
62979,CASE STUDY IN TRANSLATION ,RUSS,Special approval and graduate standing.,,"Students will be responsible for a major translation and a terminology glossary as well as a critical analysis of the source text, the problems encountered during the translation process and the strategies used to solve them.",2011
