10001,Introduction to Environmental Technology,ENVT,none,,"Survey course in environmental technology, including health and safety, history, environmental compliance and related issues. Prerequisite: none.",2010
10004,Toxicology,ENVT,none,,"Examination of the terminology and classification of poisons that affect humans. Includes poison sources, modes of exposure, health effects and control measures. Prerequisite: none.",2010
10010,Environmental Hazards Identification and Control,ENVT,ENVT 10004,,"In-depth study of safety methods and procedures with lab for identifying, monitoring, handling, containing and disposing of hazardous substances and hazardous conditions in the workplace. Prerequisite: ENVT 10004.",2010
20001,Environmental Law,ENVT,none,,"Emphasize civil, criminal and tort liability issues; procedural and constitutional requirements; and administrative codes, rules and regulations for fire, health, safety and environmental hazards. Prerequisite: none.",2010
20004,Safety and Injury Control,ENVT,ENVT 10001,,"Examination of hazards assessment including organizational, environmental and disaster planning; health and safety inspection and reporting criteria; and first aid procedures. Prerequisite: ENVT 10001.",2010
20006,Fire Prevention and Control,ENVT,ENVT 10001,,Conditions and properties conductive for combustible states and hazards; techniques and procedures for fire extinguishing and control; preventative strategies; fire codes and alarm systems. Prerequisite: ENVT 10001.,2010
20008,Environmental Safety Administration,ENVT,ENVT 10010,,"Organization and operation of environmental safety unit; relationships with business, governmental and community entities involved in environmental safety and hazards control. Prerequisite: ENVT 10010.",2010
20020,Hazardous Waste Operations and Emergency Response,ENVT,none,,Study of hazardous waste operations and emergency response to release of hazardous materials in compliance with EPA and OSHA regulations (29CRF 1910.120). Prerequisite: none.,2010
20092,Environmental Technology Internship I,ENVT,ENVT 20008,,* (Repeatable for credit) This on- or off-campus experience gives students an opportunity to apply learned concepts in the classroom to practical environmental technology situations. Prerequisite: ENVT 20008.,2010
21092,Environmental Technology Internship II,ENVT,,ENVT 20092 and special approval,* (Repeatable for credit) This on- or off-campus experience gives students an opportunity to apply learned concepts in the classroom to practical environmental technology situations. Pre/corequisite: ENVT 20092 and special approval.,2010
22095,Special Topics in Environmental Technology,ENVT,special approval,,* (Repeatable for a total of 6 credit hours) Specialized instruction oriented primarily to application of current technology developed for the field of environmental technology. Course is repeatable as the specific topics will vary. Prerequisite: special approval.,2010
