14029,Introduction to Gerontology,GERO,none,,"An interdisciplinary approach to the aging process. Experiences with older members of the community are included. Prerequisite: none. This course may be used to satisfy the Kent Core and diversity requirement. 30656 Psychology of Aging (3) (Cross-listed with PSYC 30656) Exploration of basic research and theory on the psychological consequences of aging and psychological factors that affect the behavior of older persons. Prerequisite: PSYC 11762. 41093 Variable Topic Workshop in Gerontology (1-3) (Repeatable for credit) Workshop setting dealing with a topic or topics in aging. Learning experiences are provided in a wide range of areas. S/U grading. Prerequisite: none. 41095 Special Topics in Gerontology (1-4) (Repeatable for credit) Discussion of a major topic within a specific field of gerontology. Prerequisite: none. 41096 Individual Investigation (1-3) (Repeatable for credit) Independent study in gerontology. Prerequisite: written special approval from instructor. 43092 Practicum in Nursing Home Administration I (5) (Repeatable for credit) Internship in nursing home care facility. One, 3 hour, on-campus seminar every three weeks (meets five times). Prerequisites: human development and family studies (HDFS) majors; and senior standing.",2010
30656,Psychology of Aging,GERO,PSYC 11762,,"(Cross-listed with PSYC 30656) Exploration of basic research and theory on the psychological consequences of aging and psychological factors that affect the behavior of older persons. Prerequisite: PSYC 11762. 41093 Variable Topic Workshop in Gerontology (1-3) (Repeatable for credit) Workshop setting dealing with a topic or topics in aging. Learning experiences are provided in a wide range of areas. S/U grading. Prerequisite: none. 41095 Special Topics in Gerontology (1-4) (Repeatable for credit) Discussion of a major topic within a specific field of gerontology. Prerequisite: none. 41096 Individual Investigation (1-3) (Repeatable for credit) Independent study in gerontology. Prerequisite: written special approval from instructor. 43092 Practicum in Nursing Home Administration I (5) (Repeatable for credit) Internship in nursing home care facility. One, 3 hour, on-campus seminar every three weeks (meets five times). Prerequisites: human development and family studies (HDFS) majors; and senior standing.",2010
43092,Practicum in Nursing Home Administration I,GERO,,,"(Repeatable for credit) Internship in nursing home care facility. One, 3 hour, on-campus seminar every three weeks (meets five times). Prerequisites: human development and family studies (HDFS) majors; and senior standing.",2010
43192,Practicum in Nursing Home Administration II,GERO,,,"(Repeatable for credit) Internship in nursing home care facility. One, 3 hour, on-campus seminar every three weeks (meets five times). Prerequisites: human development and family studies (HDFS) majors; and senior standing.",2010
44030,Adult Development and Aging,GERO,human development and family studies (HDFS) majors only,,"Examines developmental processes across adulthood. Evaluation of theoretical models and scientific literature. Prerequisite: human development and family studies (HDFS) majors only. This course may be used to satisfy the writing-intensive requirement with approval of major department. 44031 Social Policy and Community Resources for Older Adults (3) Overview of national, state and local public policy affecting older adults. Legislation, funding, planning and the service delivery system are examined. Prerequisite: GERO 44030. 44032 Long Term Care Administration (3) Presents and overview and introduction to the principles of long-term care (LTC) administration and other administration options. Prerequisites: human development and family studies (HDFS), integrated health studies (IHS), integrated life science (ILS) or nursing (NURS) majors; and junior or senior standing.",2010
44031,Social Policy and Community Resources for Older Adults,GERO,GERO 44030,,"Overview of national, state and local public policy affecting older adults. Legislation, funding, planning and the service delivery system are examined. Prerequisite: GERO 44030. 44032 Long Term Care Administration (3) Presents and overview and introduction to the principles of long-term care (LTC) administration and other administration options. Prerequisites: human development and family studies (HDFS), integrated health studies (IHS), integrated life science (ILS) or nursing (NURS) majors; and junior or senior standing.",2010
44032,Long Term Care Administration,GERO,,,"Presents and overview and introduction to the principles of long-term care (LTC) administration and other administration options. Prerequisites: human development and family studies (HDFS), integrated health studies (IHS), integrated life science (ILS) or nursing (NURS) majors; and junior or senior standing.",2010
