60199,THESIS I ,CPHY,Approval of adviser and graduate standing.,,"Thesis students must register for a total of 6 hours, 2-6 hours in a single semester or distributed over two semesters if desired.",2012
60299,THESIS II ,CPHY,CPHY 60199 and graduate standing.,,Thesis students must continually register each semester until all degree Requirements are met.,2012
62241,SOFT MATTER ,CPHY,Graduate standing.,,"Lectures on soft materials, including binary fluid mixtures, polymers, colloids, thermotropic and lyotropic liquid crystals. Structures, defects, and textures of phases with orientation and partial translational order. Dynamics of phase transitions.",2012
62242,CHARACTERIAZATION OF SOFT MATERIALS ,CPHY,graduate standing.,,"Basic techniques in characterization using X-ray scattering, neutron scattering, light scattering, NMR, optical microscopy, scanning electron microscopy, transmission electron and tunneling electron microscopy and ellipsometry. Laboratory measurements, error analysis, cell fabrication.",2012
62245,FUNDAMENTALS OF LIQUID CRYSTAL SCIENCE ,CPHY,graduate standing.,,"Basic liquid crystals structures and their main physical properties, such as visco-elastic, electric, magnetic and optical properties except the nature of their phase transitions. Also discussed is their interactions with surfaces and the structural defects that they can form.",2012
62248,LIQUID CRYSTAL OPTICS AND PHOTONICS ,CPHY,graduate standing.,,"Optics of cholesterics, liquid crystalline photonic bandgap materials, nonlinear optics of liquid crystals; optomechancial effects in liquid crystal elastomers.",2012
62335,ADVANCED LIQUID CRYSTALLINE AND POLYMERIC MATERIALS ,CPHY,doctoral standing.,,"Liquid crystals and polymers are soft matters of two important disciplines of science and technology. They both have a similar history and are rich in physical and optical properties useful for fundamental and applied research. This course introduce students to recent advances in liquid crystals and polymers with emphasis on structure-property relationships, physical and optical properties, and their applications.",2012
64491,SEMINAR: LIQUID CRYSTALS,CPHY,Special approval and graduate standing.,,(Repeatable for credit)Discussion of current literature or original research in liquid crystals. Participation by students faculty and guests.,2012
64495,SPECIAL TOPICS IN CHEMICAL PHYSICS,CPHY,Special approval and graduate standing.,,(Repeatable for credit) Topic to be announced when scheduled.,2012
72241,SOFT MATTER ,CPHY,Doctoral standing.,,"Lectures on soft materials, including binary fluid mixtures, polymers, colloids, thermotropic and lyotropic liquid crystals. Structures, defects, and textures of phases with orientational and partial translational order. Dynamics of phase transitions.",2012
72242,CHARACTERIZATION OF SOFT MATERIALS ,CPHY,doctoral standing.,,"Basic techniques in characterization using X-ray scattering, neutron scattering, light scattering, NMR, optical microscopy, scanning electron microscopy, transmission electron and tunneling electron microscopy and ellipsometry. Laboratory measurements, error analysis, cell fabrication.",2012
72243,LYOTROPIC LIQUID CRYSTALS AND MICELLAR SYSTEMS ,CPHY,Doctoral standing.,,"Properties of lyotropic liquid crystals, polymer solutions and aqueous solutions of amphiphilic compounds. Self-assembly of amphiphilic compounds, formation and properties of micelles, cylinders, bilayers, vesicles and tubules.",2012
72245,FUNDAMENTALS OF LIQUID CRYSTAL SCIENCE ,CPHY,doctoral standing.,,"Basic liquid crystals structures and their main physical properties, such as visco-elastic, electric, magnetic and optical properties, except the nature of their phase transitions. It also discusses their interactions with surfaces and the structural defects that they can form.",2012
72248,LIQUID CRYSTAL OPTICS AND PHOTONICS ,CPHY,Doctoral standing.,,"Optics of cholesterols, liquid crystalline photonic bandgap materials, nonlinear optics of liquid crystals; optomechancial effects in liquid crystal elastomers.",2012
72249,LABVIEW FOR DATA ACQUISITION AND INSTRUMENT CONTROL ,CPHY,Special approval and doctoral standing.,,Introduction to laboratory data acquisition and instrument control using Labview software.,2012
72335,ADVANCED LIQUID CRYSTALLINE AND POLYMERIC MATERIALS ,CPHY,doctoral standing.,,"Liquid crystals and polymers are soft matters of two important disciplines of science and technology. They both have a similar history and are rich in physical and optical properties useful for fundamental and applied research. This course introduce students to recent advances in liquid crystals and polymers with emphasis on structure-property relationships, physical and optical properties, and their applications.",2012
72418,DEFECTS IN LIQUID CRYSTAL MATERIALS ,CPHY,Special approval and doctoral standing.,,"Defects in solids and liquid crystals: observation and characterization of defects, elastic properties, defect interactions and movement and phases with periodic defect structures.",2012
72640,"LIQUID CRYSTAL, POLYMER AND COLLOID COMPOSITES ",CPHY,doctoral standing.,,"Interdisciplinary science of systems consisting of liquid crystal, polymer and colloid. Statistical physics of composite systems, mixing free energy, phase separation principle, phase diagrams and phase separation dynamics. States, structures and free energies of liquid crystal, polymer and colloidal systems. Polymer dispersed liquid crystals (PDLCs), polymer stabilized liquid crystals (PSLCs) and their applications. Laboratory experiments on composite systems and fabrication of PDLC and PSLC light shutters.",2012
72643,LIQUID CRYSTAL APPLICATIONS ,CPHY,doctoral standing.,,Apply knowledge of liquid crystals and optics to the design of liquid crystal electro-optical devices. Emphasis is on modeling of devices and the use of that modeling to optimize device characteristics. Several particular device designs are considered to familiarize the student with the state of the art in liquid crystal displays and other electro-optical applications of liquid crystals and to prepare them to advance the art in future designs.,2012
72647,STRUCTURED FLUIDS ,CPHY,Special approval and doctoral standing.,,"The basics of fluids having internal structures, such as long range orientational order and/or one and two dimensional positional order. Such materials include thermotropic smetic, lamellar lyotropic and columnar liquid crystals.",2012
72650,COMPUTATIONAL MATERIALS SCIENCE ,CPHY,doctoral standing and special approval.,,Materials modeling at the classical (i.e. non-quantum) level. Monte Carlo methods; molecular dynamics simulation; mesoscale models; numerical methods; case studies.,2012
72651,NANOBIOTECHNOLOGY ,CPHY,doctoral standing.,,"Nanobiotechnology is the manipulation and analysis of biological molecules, cellular components with nanometer sizes. This interdisciplinary course presents the concepts, principles and the state-of-the-arts of nanotechnologies and their applications in biological and biomedical science and engineering. Focus is on the fundamental physical principles and engineering technologies of device miniaturization and system integration for bioapplications.",2012
74491,SEMINAR: LIQUID CRYSTALS,CPHY,Special approval and doctoral standing.,,"(Repeatable for credit)Discussion of current literature or original research in liquid crystals. Participation by students, faculty and guests.",2012
74495,SPECIAL TOPICS IN CHEMICAL PHYSICS,CPHY,Special approval and doctoral standing.,,(Repeatable for credit) Topic to be announced when scheduled.,2012
80199,DISSERTATION I,CPHY,Special approval and doctoral standing.,,"(Repeatable for credit) Doctoral dissertation for which registration in at least two semesters is required, first of which will be semester in which dissertation work is begun, and continuing until the completion of 30 hours.",2012
80299,DISSERTATION II,CPHY,Completion of 30 hours of CPHY 80199. Doctoral standing.,,(Repeatable for credit) Continuing registration required of doctoral students who have completed the initial 30 hours of dissertation and continuing until all degree Requirements are met.,2012
80498,RESEARCH,CPHY,Doctoral standing.,,(Repeatable for credit) Research or individual investigation for doctoral student who has not yet passed candidacy exam. Credit earned may be applied toward degree.,2012
