11001,INTRODUCTION TO COLLEGE WRITING-STRETCH ,ENG,ACT English score 1-16; or SAT writing score 200-420; or COMPASS writing score of 0-68.,,"Introduces the instruction and experiences necessary for students to acquire college-level literacy, with an emphasis on reading and writing college level texts.",2012
11002,COLLEGE WRITING I-STRETCH ,ENG,grade of C (2.000) or better in ENG 11001; and special approval.,,"Continues the instruction and practice necessary to write for college, with emphasis on the reading, thinking, writing and technological skills necessary for writing college level texts. Completion of this course is the same as ENG 11011.",2012
11011,COLLEGE WRITING I ,ENG,ACT English score of 17-26; or SAT writing score of 430-590; or Compass writing score 69 and above.,,"The study and practice of academic writing, including an introduction to rhetorical principles, the writing process, critical reading research and technology.",2012
12001,ESL WRITING LEVEL I ,ENG,,,Introduction to the writing process. Review of basic syntactic and morphological patterns and sentence and paragraph organization. Support of vocabulary development. Students are placed in appropriate course based on test score.,2012
12002,ESL WRITING LEVEL II ,ENG,,,Introduction to basic knowledge of sentence structure and development of ability to write with more sentence variety. Practice of standard paragraph format.,2012
12003,ESL WRITING LEVEL III ,ENG,,,Review and practice of writing narrative and descriptive paragraphs. Analysis and self-correction; support of vocabulary expansion and practice of syntax of statements in paragraphs through relevant topics.,2012
12004,ESL WRITING LEVEL IV ,ENG,,,"Development of narrative, descriptive and explanatory paragraphs into essays; practice of prewriting activities. Support of vocabulary expansion and focus on transitioning from simple to complex sentences in paragraphs.",2012
12005,ESL WRITING LEVEL V ,ENG,,,"Introduction to the purpose, format and structure of an essay. Practice of narrative and explanatory essays.",2012
12006,ESL WRITING LEVEL VI ,ENG,,,"Review and practice of the purpose, format and structure of an essay. Focus on response essays; practice of parallel constructions, quotations, and the use of outside sources.",2012
12007,ESL WRITING LEVEL VII ,ENG,,,"Review of formatting and structuring essays. Practice of explanatory essays; focus on outlining, summarizing and citations; review of selected text-type specific grammatical features.",2012
12008,ESL WRITING LEVEL VIII ,ENG,,,"Review and practice of formatting and structuring essays depending on varying content and audience. Focus on persuasive and response essays; practice of outlining, summarizing and citation; review of selected text-type specific grammatical features.",2012
12009,ESL WRITING LEVEL IX ,ENG,,,"Review and practice of formatting and structuring essays for academic vs. non-academic purposes. Practice of paraphrasing, summarizing and citation; review of selected text-type specific grammatical features.",2012
12010,ESL WRITING LEVEL X ,ENG,,,"Review and practice of formatting and structuring essays for academic vs. non-academic purposes. Practice with cause and effect, compare and contrast and argumentation. Practice of paraphrasing, summarizing and citation and review of selected text-type specific grammatical features.",2012
12095,SPECIAL TOPICS IN ESL,ENG,,,(Repeatable twice) Overview of skills related to a special topic in second language learning.,2012
12101,ESL READING LEVEL I ,ENG,,,Introduction to basic reading strategies such as recognizing and differentiating between main and supporting ideas; skimming and scanning and making inferences. Support of vocabulary development. Students will be placed in the appropriate course based on test score.,2012
12102,ESL READING LEVEL II ,ENG,,,Practice in basic reading strategies and development. Support of vocabulary development.,2012
12103,ESL READING LEVEL III ,ENG,,,Practice in reading strategies such as recognizing and differentiating between main and supporting ideas of paragraphs and entire texts; skimming and scanning and making inferences. Support of vocabulary development.,2012
12104,ESL READING LEVEL IV ,ENG,,,Practice of reading and summarizing strategies; skimming and scanning texts; support of vocabulary development.,2012
12105,ESL READING LEVEL V ,ENG,,,Practice of reading strategies; skimming and scanning; focus on inferences from background information and culturally specific references. Support of vocabulary development.,2012
12106,ESL READING LEVEL VI ,ENG,,,Practice of reading strategies; skimming and scanning texts; inferences in non-explicit contexts using background information. Culturally specific references and cultural schemata. Support of vocabulary development; strengthening awareness of word-formation.,2012
12107,ESL READING LEVEL VII ,ENG,,,Practice identifying communicative functions of texts; reading strategies such as recognizing and differentiating between main and supporting ideas; skimming and scanning. Support of vocabulary development.,2012
12108,ESL READING LEVEL VIII ,ENG,,,Practice identifying communicative functions of texts; practice reading strategies. Support of vocabulary development and extensive reading.,2012
12109,ESL READING LEVEL IX ,ENG,,,Identifying communicative functions of texts; reading strategies; skimming and scanning. Support of vocabulary development and extensive reading.,2012
12110,ESL READING LEVEL X ,ENG,,,Practice with communicative functions of texts; strategies for academic reading. Support of vocabulary development and extensive reading.,2012
12201,ESL LISTENING LEVEL I ,ENG,,,"Practice in basic listening strategies, including listening for detail and gist, key words, names, formal and informal forms of address, greetings and conversation endings, acceptance and refusals, etc. Students are place in the appropriate course based on test scores.",2012
12202,ESL LISTENING LEVEL II ,ENG,,,"Practice in basic listening strategies, including listening for detail and gist, key words, locations, numbers, acceptances and refusals, opinions, etc. as appropriate to level.",2012
12203,ESL LISTENING LEVEL III ,ENG,,,"Practice in listening strategies through predicting, using background knowledge and contextual information in order to listen for detail and gist, key words, connecting themes; comparing and summarizing as well as note-taking as appropriate to level.",2012
12204,ESL LISTENING LEVEL IV ,ENG,,,"Practice in listening strategies through predicting, using background knowledge and contextual information in order to listen for detail and gist, key words, emphasis, stance and speaker’s feelings; comparing and summarizing as well as note-taking as appropriate to level.",2012
12205,ESL LISTENING LEVEL V ,ENG,,,"Practice in listening strategies through predicting, using background knowledge and contextual information in order to listen for detail and gist, key words; comparing and summarizing as well as note-taking as appropriate to level.",2012
12206,ESL LISTENING LEVEL VI ,ENG,,,"Practice in listening strategies through predicting, using background knowledge and contextual information; focus on detail and gist, key words, and meanings from stress, rhythm and intonation. Includes colloquial English.",2012
12207,ESL LISTENING LEVEL VII ,ENG,,,"Practice in listening strategies through predicting, using background knowledge and contextual information; focus on detail and gist, key words, stance and speaker’s feelings; comparing and summarizing as well as note-taking as appropriate to level.",2012
12208,ESL LISTENING LEVEL VIII ,ENG,,,"Practice in listening strategies through predicting, using background knowledge and contextual information; focus on detail and gist, key words, stance and speaker’s feelings; comparing and summarizing as well as note-taking and meanings from stress, rhythm and intonation as appropriate to level.",2012
12209,ESL LISTENING LEVEL IX ,ENG,,,"Practice in listening strategies through predicting, using background knowledge and contextual information; focus on detail and gist, key words, stance and schemata. Emphasis on listening for academic purposes; practice in note-taking.",2012
12210,ESL LISTENING LEVEL X ,ENG,,,"Practice in listening strategies through predicting, using background knowledge and contextual information; focus on detail and gist, key words, stance and schemata. Emphasis on listening for academic purposes; practice in note-taking.",2012
12301,ESL SPEAKING LEVEL I ,ENG,,,Development of basic speaking skills while processing verbal and nonverbal information in both formal and informal contexts. Focus on fluency building using simple sentences. Support of vocabulary building when receiving and producing oral messages. Students are enrolled in the appropriate course based on test score.,2012
12302,ESL SPEAKING LEVEL II ,ENG,,,Practice of basic speaking skills while processing verbal and nonverbal information in both formal and informal contexts. Focus on fluency building using simple sentences. Support of vocabulary building when receiving and producing oral messages as appropriate to level.,2012
12303,ESL SPEAKING LEVEL III ,ENG,,,Practices basic speaking skills while processing verbal and nonverbal information in both formal and informal contexts. Focus on fluency building using more complex sentences. Support of vocabulary building when receiving and producing oral messages as appropriate to level.,2012
12304,ESL SPEAKING LEVEL IV ,ENG,,,Practice of speaking skills while processing verbal and nonverbal information in both formal and informal contexts. Focus on fluency building using more complex sentences. Support of vocabulary building when receiving and producing oral messages as appropriate to level.,2012
12305,ESL SPEAKING LEVEL V ,ENG,,,Practice of speaking skills while processing verbal and nonverbal information in both formal and informal contexts. Focus on fluency building using more complex sentences and improvement in accuracy. Support of vocabulary building when receiving and producing oral messages as appropriate to level.,2012
12306,ESL SPEAKING LEVEL VI ,ENG,,,Practice of speaking skills while processing verbal and nonverbal information in both formal and informal contexts. Focus on fluency building using more complex sentences and improvement in accuracy. Support of vocabulary building when receiving and producing oral messages as appropriate to level.,2012
12307,ESL SPEAKING LEVEL VII ,ENG,,,Practice of speaking skills while processing verbal and nonverbal information in both formal and informal contexts. Focus on fluency building using more complex sentences and improvement in accuracy. Support of vocabulary building when receiving and producing oral messages as appropriate to level.,2012
12308,ESL SPEAKING LEVEL VIII ,ENG,,,Practice of speaking skills while processing verbal and nonverbal information in both formal and informal contexts. Focus on natural fluency and accuracy as well as pragmatic appropriateness. Support of vocabulary building when receiving and producing oral messages as appropriate to level.,2012
12309,ESL SPEAKING LEVEL IX ,ENG,,,Practice of speaking skills while processing verbal and nonverbal information in both formal and informal contexts. Focus on natural fluency and accuracy as well as pragmatic appropriateness. Support of vocabulary building when receiving and producing oral messages as appropriate to level.,2012
12310,ESL SPEAKING LEVEL X ,ENG,,,Practice of speaking skills while processing verbal and nonverbal information in both formal and informal contexts. Focus on natural fluency and accuracy as well as pragmatic appropriateness. Support of vocabulary building when receiving and producing oral messages as appropriate to level.,2012
12401,ESL GRAMMAR LEVEL I ,ENG,,,"Introduction to word classes, especially verbs (including regular and irregular forms, tense and aspect, imperative), statement and question syntax, positive and negative clauses. Students are placed in appropriate course based on test score.",2012
12402,ESL GRAMMAR LEVEL II ,ENG,,,"Application of word classes, especially verbs (including tense and aspect), modal verbs, gerunds and infinitives, nouns (count and non-count), adjectives and adverbs (comparison), statement and question syntax, positive and negative clauses.",2012
12403,ESL GRAMMAR LEVEL III ,ENG,,,"Application of word classes, especially verbs and phrasal verbs (tense and aspect), present and future modal verbs, nouns, and pronouns as well as statement and question syntax, positive and negative clauses at appropriate level.",2012
12404,ESL GRAMMAR LEVEL IV ,ENG,,,"Application of word classes, especially verbs and phrasal verbs (tense and aspect), gerunds and infinitives, nouns, articles, adjectives, adverbs, statement and question syntax, positive and negative clauses at appropriate level.",2012
12405,ESL GRAMMAR LEVEL V ,ENG,,,"Application of word classes, especially verbs (tense and aspect), causal and phrasal verb syntax, verbal nouns, conjoiners as well as statement and question syntax, positive and negative clauses, and question tags as appropriate to level.",2012
12406,ESL GRAMMAR LEVEL VI ,ENG,,,"Application of verb tenses and aspects, modality, passive voice as well as clause structures and functions (noun clauses, adjective clauses) as appropriate to level.",2012
12407,ESL GRAMMAR LEVEL VII ,ENG,,,"Application of verb tenses and aspects, passive voice, modal verbs, noun phrases, subject-verb agreement, clause structures and functions (interrogative clauses, noun clauses, adjective clauses) as appropriate to level.",2012
12408,ESL GRAMMAR LEVEL VIII ,ENG,,,"Application of verb tenses and aspects, passive voice, modal verbs, gerunds and infinitives, coordinating conjunctions as well as clause structures and functions (noun clauses, adjective clauses, adverbial clauses) as appropriate to level.",2012
12409,ESL GRAMMAR LEVEL IX ,ENG,,,"Application of verb tenses and aspects, passive voice, nominals, interrogative syntax as well as clause structures and functions (dependent vs. independent clauses; reducing dependent clauses; conditional clauses) as appropriate to level.",2012
12410,ESL GRAMMAR X ,ENG,,,"Application of verb tenses and aspects, passive voice, nominals, adverbials, interrogative syntax as well as clause structures and functions (dependent vs. independent clauses; clause reductions; conditional clauses) as appropriate to level.",2012
12500,ESL PRONUNCIATION,ENG,,,"(Repeatable for a maximum of 2 credit hours) Study of English pronunciation with practice in segmental and suprasegmental features (sounds, sound combinations, syllables, stress, rhythm, and intonation). Students are placed in the appropriate course based on test score.",2012
12507,ESL DEBATE,ENG,,,"(Repeatable for a maximum of 2 credit hours) Practice of skills for persuasive speaking, making effective arguments, and active listening. Engagement in formal and informal debates and presentations. Must score level 7 or higher on test.",2012
12508,ESL PUBLIC SPEAKING,ENG,,,"(Repeatable for a maximum of 2 credit hours) Preparation for continued academic study and professional advancement, including effective techniques for speaking in public. Design and analysis of speeches and presentations. Must score level 8 or higher on proficiency test.",2012
12605,ESL AMERICAN CULTURE I ,ENG,,,"Overview of basic American values and beliefs related to history, immigration, diversity, and geography. Must have a level 5 or higher score on proficiency test.",2012
12606,ESL AMERICAN CULTURE II ,ENG,,,"Overview of basic American values and beliefs related to education, holidays, government and politics, the criminal justice system, America in the 21st century, et cetera. Must score level 6 or higher on proficiency test.",2012
12707,ESL BUSINESS ENGLISH I ,ENG,pecial approval.,,"Overview of business communication, business writing strategies, and computer skills in the workplace. Must score level 7 or higher on proficiency test.",2012
12708,ESL BUSINESS ENGLISH II ,ENG,minimum grade of C- (1.700) in ENG 12701; and special approval.,,Development of oral and written business communication skills.,2012
20002,INTRODUCTION TO TECHNICAL WRITING ,ENG,ENG 11011 or HONR 10197.,,"Introduction to communication practices within technical communities. Planning, drafting, revising and editing. Process descriptions, object descriptions, instructional texts, technical correspondence, problem reports, critical reflection.",2012
20021,INTRODUCTION TO CREATIVE WRITING ,ENG,ENG 11011 or 11002 or HONR 10197 or ACT combined English/Writing score of 26 or higher or SAT Writing score of 600 or higher.,,Practice in various forms of creative writing with some emphasis on student interests and on sources of creativity.,2012
21001,INTRODUCTION TO ETHNIC LITERATURE OF THE UNITED STATES ,ENG,ENG 11011 or 11002 or HONR 10197 or ACT combined English/Writing score of 26 or higher or SAT Writing score of 600 or higher.,,"Study of selected ethnic American writers; may include works by African, Asian, Hispanic, Jewish, Native Americans and other groups.",2012
21002,INTRODUCTION TO WOMEN'S LITERATURE ,ENG,ENG 11011 or 11002 or HONR 10197 or ACT combined English/Writing score of 26 or higher or SAT Writing score of 600 or higher.,,"Introduction to works by women writing in English, and to literary and gender issues they raise.",2012
21003,INTRODUCTION TO LGBT LITERATURE ,ENG,ENG 11011 or 11002 or HONR 10197 or ACT combined English/Writing score of 26 or higher or SAT Writing score of 600 or higher.,,"Introduction to lesbian, gay, bisexual and transgendered literature in English and to issues of gender , sexuality and culture raised by this literature.",2012
21011,COLLEGE WRITING II ,ENG,ENG 11011 or ENG 11002 or HONR 10197 with a grade of C- (1.700) or above; or ACT English score 27 and above; or SAT Writing score of 600 and above.,,"Continuation of college-level writing instruction with emphasis on research and inquiry, culminating in a lengthy written and/or multi-modal project.",2012
21054,INTRODUCTION TO SHAKESPEARE ,ENG,,,"Study of representative plays and poems in the context of Shakespeare's age, his language and his cultural influence.",2012
22071,GREAT BOOKS I ,ENG,,,"Great works of world literature read in English, from ancient world to 1700, covering a wide range of ethnic and national voices, genres and traditions.",2012
22072,GREAT BOOKS II ,ENG,,,"Great works of world literature read in English, from 1700 to today, covering a wide range of ethnic and national voices, genres and traditions.",2012
22073,MAJOR MODERN WRITERS: BRITISH AND UNITED STATES ,ENG,,,Introduction to British and U.S. writers of the 20th century; study of their works in their literary and cultural contexts.,2012
24001,INTRODUCTION TO LITERARY STUDY ,ENG,,,"Introduction to techniques for reading and writing about literature, with emphasis on reading strategies for prose, poetry and drama. Literary terms, composition of interpretive essays, and literary research is also studied.",2012
25001,LITERATURE IN ENGLISH I ,ENG,,ENG 11011 or ENG 11002 or HONR 10197.,British literature written before 1800 studied within a broad historical context. Comprehensive introduction to knowledge and skills that serve as a foundation for further study in literature. Pre/corequisite: ENG 11011 or ENG 11002 or HONR 10197.,2012
25002,LITERATURE IN ENGLISH II ,ENG,ENG 11011 or 11002 or HONR 10197 with minimum C- grade; or ACT combined English/Writing score of 26; or SAT Writing score of 600.,,British literature written since 1800 studied within a broad historical context. Comprehensive introduction to knowledge and skills that serve as a foundation for further study in literature.,2012
25004,LITERATURE IN THE UNITED STATES I U.S.,ENG,ENG 11011 or HONR 10197.,,literature from the colonial period until 1865 studies within a broad historical context. Comprehensive introduction to knowledge and skills that serve as a foundation for further study in literature.,2012
25005,LITERATURE IN THE UNITED STATES II U.S.,ENG,ENG 11011 or HONR 10197.,,literature from 1865 to the present studied within a broad historical context. Comprehensive introduction to knowledge and skills that serve as a foundation for further study in literature.,2012
26001,POPULAR FORMS OF LITERATURE ,ENG,ENG 11011 or 11002 or HONR 10197 or ACT combined English/Writing score of 26 or higher or SAT Writing score of 600 or higher..,,"Introduction to popular forms of literature such as the western, the detective story, science fiction, fantasy, the war story and others.",2012
26095,SOPHOMORE SPECIAL TOPICS,ENG,ENG 11011 or 11002 or HONR 10197 or ACT combined English/Writing score of 26 or higher or SAT Writing score of 600 or higher.,,"(Repeatable for credit)In-depth study of a particular writer, theme or literary movement, such as literature and film, gothic novels.",2012
30001,ENGLISH STUDIES ,ENG,ENG 21011 or HONR 10297.,,Writing about and reading in a variety of texts and critical modes as an introduction to critical thinking and writing. Emphasis on the application of principles and methods of literary study to selected texts.,2012
30050,WRITING AND REHTORIC IN A DIGITAL AGE ,ENG,ENG 21011 or HONR 10297.,,Writing course with a focus on learning and using a variety of tools available within contemporary digital composing environments.,2012
30051,"WRITING, RHETORIC AND NEW MEDIA ",ENG,ENG 21011 or HONR 10297.,,"Rhetorical principles for multimodal writing to produce rhetorically effective professional, scholarly, personal, and civic texts that integrate some blend of written word, visuals, images, audio and video.",2012
30062,PRINCIPLES OF TECHNICAL WRITING ,ENG,21011 and junior standing.,,"Introduces theoretical principles of technical communication. Extensive practice in the use, evaluation and production of complex technical documents including research reports/research proposals. Emphasis on oral, written and electronic communication.",2012
30063,BUSINESS AND PROFESSIONAL WRITING ,ENG,ENG 21011 or HONR 10297; and junior standing.,,Analysis of how textual genre functions in business and professional settings. Students gain extensive individual and collaborative practice writing in these genres.,2012
30064,ARGUMENTATIVE PROSE WRITING ,ENG,ENG 21011 or HONR 10297.,,"Practice in writing argumentative essays, with emphasis on discussion of student work.",2012
30065,EXPOSITORY PROSE WRITING ,ENG,ENG 21011 or HONR 10297.,,Practice in prose composition with emphasis on exposition and discussion of student work.,2012
30066,WRITING IN THE PUBLIC SPHERE ,ENG,grade of C- (1.700) in ENG 21011 or ENG 10002 or HONR 10297.,,"Writing course focusing on a multimodal service-learning project collaborating with peer and community partners in an online, hybrid or face-to-face delivery system.",2012
30067,FICTION WRITING I ,ENG,ENG 20021.,,Instruction and practice in writing fiction with specific models and discussions of student work on a weekly basis.,2012
30068,FICTION WRITING II ,ENG,ENG 30067.,,Continued instruction and practice in writing of fiction with specific models and discussion of student work on a weekly basis.,2012
30069,POETRY WRITING I ,ENG,ENG 20021.,,Instruction in and practice of writing poetry with specific models and discussion of student work on a weekly basis.,2012
30070,POETRY WRITING II ,ENG,ENG 30069.,,Continued practice in writing of poetry with specific models and discussion of student work on a weekly basis.,2012
30071,CREATIVE NONFICTION ,ENG,ENG 21011 or HONR 10297.,,Instruction and practice in writing creative nonfiction with specific models and discussions of student work on a weekly basis.,2012
30072,EDITING AND PUBLISHING: FICTION AND NONFICTION ,ENG,ENG 21011 or HONR 10297.,,"Provides students with an overview of the editing and publishing industry. Provides practice, instruction, and feedback on document editing and book production and publishing.",2012
30095,JUNIOR SPECIAL TOPICS,ENG,Junior standing.,,"(Repeatable for credit) An opportunity to focus on important issues in literature, writing, criticism or cultural studies.",2012
31001,FUNDAMENTAL ENGLISH GRAMMAR ,ENG,,,Study of grammatical structures and matters of usage and style in edited U.S. English.,2012
31002,HISTORY OF THE ENGLISH LANGUAGE ,ENG,,,Study of the development of the English language from the Indo-European period to the present.,2012
31003,LINGUISTICS ,ENG,,,"Survey of language study including linguistic tools of analysis such as phonetics, morphology and syntax, and selected topics in applied linguistics.",2012
31004,LEXICOLOGY/LEXICOGRAPHY ,ENG,ENG 31003.,,In-depth study of the lexicon in language use and the reasons for its expansion and continuous change. Study of tools in lexicography and analysis of the role of lexicography in language education.,2012
31005,CHILD SECOND LANGUAGE ACQUISITION ,ENG,,,"Explores theory, research and teaching/learning applications of second language acquisition in children.",2012
31006,WORLD ENGLISHES ,ENG,ENG 21011 or HONR 10297.,,"Explores English varieties in the context of world languages, examining language politics with a focus on first/second language education and literacy in an electronic age.",2012
31007,TESL PEDAGOGY ,ENG,,,"Theoretical bases, approaches, techniques of second language pedagogy at the elementary and secondary levels. Inquiry into ESLl methods, materials and lesson planning.",2012
31008,GRAMMAR FOR TEACHING ENGLISH AS A SECOND LANGUAGE/TEACHING ENGLISH AS A FOREIGN LANGUAGE ,ENG,,,"Introduces students to grammars of spoken and written English and pedagogical grammar. Topics include parts of speech, tense and aspect, clause and phrase types, grammar in genre and pedagogical applications relevant to the English as a second/foreign language profession.",2012
31095,SPECIAL TOPICS IN LINGUISTICS,ENG,ENG 21011.,,"(Repeatable for credit)Study of specific topics in linguistics such as sociolinguistics, phonetics and phonology or bi- and multi-lingualism.",2012
32001,CHILDREN'S LITERATURE ,ENG,ENG 11011 or 11002 or HONR 10197 or ACT combined English/Writing score of 26 or higher or SAT Writing score of 600 or higher.,,Survey of children's literature from Mother Goose rhymes and picture books through modern realistic fiction.,2012
32002,LITERATURE FOR YOUNG ADULTS ,ENG,ENG 11011 or 11002 or HONR 10197 or ACT combined English/Writing score of 26 or higher or SAT Writing score of 600 or higher.,,Study of literature appropriate to young adults.,2012
33001,U.S. LITERATURE TO 1865 U.S.,ENG,ENG 21011 or HONR 10297.,,"literary themes, genres and authors studied in their historical and cultural contexts. Selections from the Colonial period through the Civil War.",2012
33002,U.S. LITERATURE FROM 1865 TO 1945 U.S.,ENG,ENG 21011 or HONR 10297.,,"literary themes, genres and authors studied in their historical and cultural contexts. Selections from the close of the Civil War through World War II.",2012
33003,U.S. LITERATURE FROM 1945 TO PRESENT U.S.,ENG,ENG 21011 or HONR 10297.,,"literary themes, genres and authors studied in their historical and cultural contexts. Selections from the close of World War II to the present.",2012
33010,AFRICAN-AMERICAN LITERATURE TO 1900 ,ENG,ENG 21011 or HONR 10297.,,"Study of African-American literature from its beginning to 1900, including such writers as Wheatley, J. Hammon, Terry, B. Hammon, Jones, Marrant, Allen, Hall, Walker, Truth, Garnet, Douglass, Delany, Harper, Stewart, Turner, Jacobs, Keckley, Brown, Wilson, Griggs, Chesnutt and Dunbar.",2012
33012,MODERN AFRICAN-AMERICAN LITERATURE ,ENG,ENG 21011 or HONR 10297.,,"Study of African-American literature from the early twentieth century to the present. The authors include Toomer, Hughes, Larsen, Wright, Baldwin, Hansberry, Jones, Lorde, Walker, Morrison, Mosley, Youngblood and Carter.",2012
33013,PAN-AFRICAN WOMEN'S LITERATURE ,ENG,ENG 11011.,,Introduces students to literary works by African and Caribbean women.,2012
33014,AFRICAN-AMERICAN WOMEN'S LITERATURE ,ENG,ENG 11011.,,Introduces students to literary works by African-American women.,2012
34001,MEDIEVAL LITERATURE ,ENG,ENG 21011 or HONR 10297.,,"Medieval literary themes, genres, and authors studied in their historical and cultural contexts. Selections from Anglo-Saxon and Middle English literature.",2012
34002,"BRITISH LITERATURE, 1500-1660 ",ENG,ENG 21011 or HONR 10297.,,"British literary themes, genres and authors studied in their historical and cultural contexts. Selections from Renaissance and Reformation literature through the English Civil War.",2012
34003,"BRITISH LITERATURE, 1660-1800 ",ENG,ENG 21011 or HONR 10297.,,"British literary themes, genres and authors studied in their historical and cultural contexts. Selections from Restoration, Augustan and early Romantic literature.",2012
34004,"BRITISH LITERATURE, 1800-1900 ",ENG,ENG 21011 or HONR 10297.,,"British literary themes, genres and authors studied in their historical and cultural contexts. Selections from Romantic and Victorian literature.",2012
34005,"BRITISH AND IRISH LITERATURE, 1900-PRESENT ",ENG,ENG 21011 or HONR 10297.,,"British and Irish literary themes, genres and authors studied in their historical and cultural contexts. Selections from modern and post modern literature.",2012
34011,WORLD LITERATURE IN ENGLISH ,ENG,ENG 21011 or HONR 10297.,,"An examination of selected writings in English by postcolonial authors from Africa, Asia, the Caribbean and other parts of the world.",2012
34021,WOMEN'S LITERATURE ,ENG,ENG 21011 or HONR 10297.,,Critical and theoretical consideration of gender issues concerning British and U.S. women writers studied in their historical and cultural contexts.,2012
34031,SHORT STORY ,ENG,ENG 21011 or HONR 10297.,,Critical analysis of short stories written by important world authors. Selections include stories originally written in English and stories translated into English.,2012
34041,FAIRY TALES ,ENG,junior standing.,,"Study of classic fairy tales by Perrault, Grimms, Andersen and others as fundamental texts of Western culture worthy of literary criticism.",2012
34055,SHAKESPEARE ,ENG,ENG 30001; and ENG 25001 or ENG 25002.,,"Study of plays representing Shakespeare's entire career, including Henry IV parts I and II, The Merchant of Venice, Measure for Measure, Hamlet, Othello and The Tempest.",2012
34065,CHAUCER ,ENG,ENG 21011 or HONR 10297.,,"Close study of Chaucer's Canterbury Tales, with some attention to courtly poems and/or selected lyrics.",2012
34095,SPECIAL TOPICS: MAJOR AUTHOR STUDIES,ENG,ENG 21011 or HONR 10297.,,(Repeatable for credit when topics varies) Intensive study of one or more authors from the English-speaking world.,2012
35101,LITERATURE AND OTHER DISCIPLINES ,ENG,ENG 21011 or HONR 10297.,,"Study of literature in relation to, or from the standpoint of, another discipline such as psychoanalysis, psychology, religion, theology, music and painting.",2012
35201,THE BIBLE AS LITERATURE ,ENG,ENG 21011 or HONR 10297.,,Study of Bible as a great book subject to literary criticism and as a main document of Western culture. Old and New Testaments read.,2012
35301,LGBT: CRITICAL PERSPECTIVES ,ENG,ENG 21011 or HONR 10297.,,"Study of theory, language and other aspects of lesbian, gay, bisexual and transgendered literature and culture.",2012
36001,APPLIED LITERARY CRITICISM ,ENG,ENG 21011 or HONR 10297; and junior standing.,,"Advanced, reading-intensive course in the reading and interpretation of literary scholarship, with emphasis on published scholarly analysis. Primary and secondary texts vary, depending on the specialization of the instructor.",2012
37001,CLASSICAL RHETORIC ,ENG,ENG 30001; and ENG 25001 or ENG 25002.,,"Ancient approaches to rhetoric studied in their historical and cultural contexts. Selections from Greek and Roman thinkers such as the Sophists, Plato, Aristotle, Cicero and Quintilian.",2012
37101,CRITICAL RHETORICAL STUDIES OF TEXTS IN CONTEXT ,ENG,ENG 30001; and ENG 25001 or ENG 25002.,,"Students learn critical analytic methods and apply them to written texts, examining the rhetorical function of their linguistic elements and their relationship to rhetorical contexts.",2012
38001,CRITICAL THEORY AND READING ,ENG,ENG 11011 or ENG 11002 or HONR 10197; and ENG 24001; and junior standing.,,"Introduction to major interpretive paradigms in literary studies, from American New Criticism to the present, with emphasis on strategies for analyzing poetry, drama and narrative fiction.",2012
38895,SPECIAL TOPICS IN WRITING ,ENG,ENG 21011 or HONR 10297.,,"Special topics course with an emphasis on writing. Topics include: Editing and Publishing; Grammar and Editing, and others. Course may be repeated with different content.",2012
39095,SPECIAL TOPICS IN LITERARY HISTORY,ENG,ENG 21011 or HONR 10297.,,"(Repeatable for credit when topics varies) Study of selected literary histories such as the travel narrative, the fairy tale, the detective story, and postcolonial literature.",2012
39195,SPECIAL TOPICS IN DRAMA,ENG,junior standing.,,"(Repeatable for credit when topic varies) Study of selected topics, themes, or periods in drama such as Gender Construction, Obsession, or Medieval Drama.",2012
39295,SPECIAL TOPICS IN POETRY,ENG,ENG 21011 or HONR 10297.,,"(Repeatable for credit when topics varies) Study of selected topics in poetry such as poetic form, historical and cultural contexts, and artistic movements.",2012
39395,SPECIAL TOPICS IN FICTION,ENG,ENG 21011 or HONR 10297.,,"(Repeatable for credit when topics varies) Study of selected topics in fiction such as the autobiographical novel, the novella and the short story.",2012
39495,SPECIAL TOPICS IN COMPARATIVE LITERATURE,ENG,ENG 30001; and ENG 25001 or ENG 25002.,,"(Repeatable for credit when topic varies) Study of selected topics in comparative literature such as movements and genres in world literature, the interrelationships of the arts.",2012
39695,SPECIAL TOPICS IN ETHNIC LITERATURE OF THE UNITED STATES,ENG,ENG 30001; and ENG 25001 or ENG 25002.,,"(Repeatable for credit when topic varies) Study of selected topics in ethnic literature such as the literature of one ethnic group, race and ethnicity in U.S. culture.",2012
39795,SPECIAL TOPICS IN WOMEN'S LITERATURE,ENG,ENG 30001; and ENG 25001 or ENG 25002.,,"(Repeatable for credit when topic varies) Study of selected topics in women's literature organized around literary, historical and theoretical issues.",2012
39895,"SPECIAL TOPICS IN RHETORIC, COMPOSITION AND WRITING",ENG,ENG 21011 or HONR 10297.,,"(Repeatable for credit when topic varies) Study of selected topics in rhetoric, composition, and writing such as historical and contemporary studies of political and professional discourse. Course may be repeated with different content.",2012
39995,SPECIAL TOPICS CULTURAL STUDIES,ENG,ENG 21011 or HONR 10297.,,(Repeatable for credit when topic varies) Study of selected topics in cultural studies organized around a particular mode or methodology of cultural analysis.,2012
40010,WRITING PORTFOLIO ,ENG,ENG 25001 and 25002 and 30001; and junior standing and special approval.,,"Directed practice in constructing a portfolio of original writing, which may be creative expository technical or preprofessional in nature. Restricted to students in the writing minor.",2012
41001,SOCIOLINGUISTICS IN SCHOOLING ,ENG,ENG 21011 or HONR 10297.,,Examines the interactions between society and language. Explores pedagogical implications of language variation.,2012
41002,COMPUTERS IN L2 TEACHING ,ENG,,,"Designed for teachers of language and culture, this course explores the availability of technology, its implementation in the classroom and its integration with second language skills.",2012
41009,STUDENT TEACHING ,ENG,ITEC 19525 and EPSY 29525 and CULT 29535.,ENG 41525.,"Supervised practicum in the teaching of English as a Second Language, grades pre-12.",2012
41092,ESL/EFL PRACTICUM I,ENG,,,(Repeatable for credit) This course provides students practical teaching opportunities in teaching English as a second/foreign language.,2012
41093,VARIABLE TITLE WORKSHOP IN ENGLISH,ENG,Junior standing.,,"(Repeatable for credit) An opportunity to focus on concerns of the discipline and on new developments in writing, criticism, literature and career opportunities.",2012
41094,COLLEGE TEACHING ASSISTANT ,ENG,enior standing and special approval.,,"An opportunity to assist in the development and delivery of a college course in English. Expectations may include group and class leadership, selection of materials, development of classroom inquiry techniques, and multimedia support.",2012
41096,INDIVIDUAL INVESTIGATION,ENG,Special approval of instructor and department and junior standing.,,(Repeatable for credit) Open to advanced undergraduate students in English. Only 3 hours of individual investigation count toward the English major.,2012
41098,GUIDED RESEARCH IN ENGLISH,ENG,junior standing and special approval.,,(Repeatable for a maximum of 6 credit hours) Independent student research with faculty guidance.,2012
41192,ESL/EFL PRACTICUM II ,ENG,,,This course provides students seeking educational licensure opportunities in teaching English as a second/foreign language.,2012
41198,RESEARCH ASSISTANT IN ENGLISH,ENG,junior standing and special approval.,,"(Repeatable for a maximum of 6 credit hours) An opportunity to assist a faculty member on faculty initiated research in criticism and literary analysis, rhetoric and composition, or applied language acquisition and teaching.",2012
41292,TEACHING ENGLISH AS A FOREIGN LANGUAGE PRACTICUM,ENG,,,"(Repeatable for a maximum of 6 credit hours) Students observe, participate, and teach in a number of school contexts in Dresden, Germany from primary to secondary, community education, and/or higher education. Expands TESL pedagogy by giving students authentic practice in the foreign language context.",2012
41525,INQUIRY INTO PROFESSIONAL PRACTICE ,ENG,ITEC 19525 and EPSY 29525 and CULT 29535.,ENG 41009.,"Preparation for student teaching of ESL, grades K-12.",2012
42092,WRITING INTERNSHIP,ENG,junior standing and special approval.,,"(Repeatable for a maximum of 6 credit hours) Guided internship in professional writing, editing, or publishing. Possible placements include the KSU Press, Institute for Bibliography and Editing, and WICK Poetry Center.",2012
42192,SERVICE LEARNING IN ENGLISH STUDIES ,ENG,junior standing and special approval.,,"Provides guided opportunities for completing service learning related to English Studies. Service placements meet a community need and provide practice in such areas as writing, editing, publishing, teaching, and tutoring.",2012
43092,TEACHING POETRY IN THE SCHOOLS ,ENG,junior standing and special approval.,,"Exploration of various approaches to teaching poetry writing, poetry appreciation, and poetry performance in school contexts. Study of creative writing as a means of developing literacy and promoting human growth.",2012
46203,TWENTIETH-CENTURY EUROPEAN LITERATURE ,ENG,Junior standing.,,"Major European writers of the 20th century; modernism, post-modernism and related movements.",2012
49091,SENIOR SEMINAR,ENG,ENG 30001; and ENG 25001 or ENG 25002.,,(Repeatable for credit) Intensive study of a special topic in English studies. Students will complete a long writing project during the semester. Enrollment limited to English majors.,2012
49095,SENIOR SPECIAL TOPICS,ENG,ENG 30001; and ENG 25001 or ENG 25002.,,(Repeatable for credit) Intensive study of topics that will vary each semester.,2012
51002,COMPUTERS IN SECOND LANGUAGE TEACHING ,ENG,Graduate standing.,,"Designed for teachers of language and culture, this course explores the availability of technology, its implementation in the classroom and its integration with second language skills.",2012
51009,STUDENT TEACHING ,ENG,Admission to student teaching and graduate standing.,,"Supervised practicum in the teaching of ESL, grades P-12.",2012
56203,TWENTIETH-CENTURY EUROPEAN LITERATURE ,ENG,Graduate standing.,,"Major European writers of the 20th century: Modernism, Postmodernism and related movements.",2012
61000,INTRODUCTION TO RESEARCH AND PEDAGOGY IN CRITICAL READING ,ENG,Graduate standing.,,Introduction to contemporary methods of literary and cultural criticism and to the profession of teaching English in college.,2012
61094,INTRODUCTION TO RESEARCH IN THE TEACHING OF COLLEGE WRITING,ENG,Graduate standing.,,"(Repeatable for credit) Using the Kent program as an example, the focus will be on teaching composition , literature and language along with the needed planning and evaluation.",2012
62291,SEMINAR: BRITISH LITERATURE 1800 TO PRESENT,ENG,Graduate standing.,,(Repeatable for credit) In-depth treatment of various topics from the Romantic and Victorian periods and the 20th century.,2012
63001,METHODOLOGY OF TESL ,ENG,Graduate standing.,,The theory and methodology of teaching English as a second language.,2012
63033,THEORIES IN SECOND LANGUAGE ACQUISTION ,ENG,Graduate standing.,,"This course surveys the major theoretical approaches to language acquisition, concentrating on second language acquisition and the relationship between acquisition/learning research and second language teaching approaches.",2012
63034,LITERATE PRACTICES AND SOCIOLINGUISTICS ,ENG,Graduate standing.,,"Discussion of sociolinguistic approaches to understanding literacy, language in workplaces and classrooms and societal multilingualism. Survey of trends in sociolinguistic thought and method.",2012
63037,THE PRAGMATICS OF CONVERSATION ,ENG,Graduate standing.,,"Theories of pragmatics, conversational structure and strategies with practical applications for teaching conversation strategies to foreign second language learners.",2012
63038,TEACHING LITERATURE AND CULTURE ,ENG,Graduate standing.,,Students will explore theories of literature and culture teaching as well as strategies for teaching literature and culture.,2012
63039,SECOND LANGUAGE CURRICULUM AND TESTING ,ENG,Graduate standing.,,"Students will study second language curriculum and testing design and current issues, including oral proficiency testing.",2012
63040,LINGUISTICS FOR THE LANGUAGE PROFESSIONS ,ENG,Graduate standing.,,"Students will be introduced to basic linguistic issues and how these relate to the language professions. Course focuses on functional principles, especially on options to express textual, interpersonal and ideational/experiential meaning.",2012
63041,DESCRIPTIVE GRAMMAR OF ENGLISH ,ENG,Graduate standing.,,This course provides a description of English syntax and morphology. Presentation of material will be through rules and exposure to grammatical forms in meaningful contexts.,2012
63043,SECOND LANGUAGE WRITING ,ENG,graduate standing.,,"Theory and practice in teaching second language writing. Topics will include current and historic approaches to second language writing, approaches to tutoring international students in writing centers, teacher and peer response, error correction, and technology in second language writing instruction.",2012
63044,SECOND LANGUAGE READING ,ENG,graduate standing.,,"Addresses a wide variety of topics related to second language reading, including theoretical perspectives, the process of learning to read, models of how reading happens, comprehension, fluency, discourse structures, strategy use, and vocabulary acquisition. Teaching issues related to second language reading will also be addressed directly, namely assessment and curriculum building.",2012
63098,RESEARCH IN SECOND LANGUAGE PEDAGOGY,ENG,Special approval of instructor and graduate standing.,,(Repeatable for credit)Students will learn how second language research influences their teaching practices by studying research texts and recent journal articles and conducting a research project.,2012
63391,SEMINAR: LINGUISTICS,ENG,Graduate standing.,,"(Repeatable for credit)In-depth treatment of various topics from modern linguistics, including phonology, morphology and various generative grammars.",2012
64070,WRITING POETRY ,ENG,Graduate standing.,,Advanced workshop in creative writing.,2012
64071,WRITING FICTION ,ENG,Graduate standing.,,Advanced workshop in the writing of fiction.,2012
65011,INTRODUCTION TO THE FIELD OF WRITING: THEORY RESEARCH/PRACTICE ,ENG,Graduate standing.,,"Survey introduces writing studies from various perspectives: rhetorical and composition theory, disciplinarily and professionalization, several 20th century theoretical influences and Soviet activity theory.",2012
65012,READING AND INTERPRETING RESEARCH ON WRITING ,ENG,Graduate standing.,,"Course focuses on how to read critically and interpret published research by examining the principle means through which ""knowledge"" is constructed in writing research.",2012
65022,RHETORICAL THEORY: GREEK AND ROMAN ,ENG,Graduate standing.,,"Course examines classical Greek and Roman rhetorical traditions and, to a lesser extent, their reappearance in contemporary rhetorical theories and composition pedagogies.",2012
65023,"RHETORICAL THEORY: 18TH, 19TH AND 20TH CENTURIES ",ENG,Graduate standing.,,"Course surveys 18th-, 19th- and 20th-century developments in rhetorical theory and their influences on contemporary pedagogical and theoretical practices.",2012
65027,ROLE OF COMPOSITION ,ENG,graduate standing.,,"Study of composition's contributions to writing studies such as writing pedagogy/theory, writing technologies, assessment, process research, WAC, program administration, rhetoric and cultural studies.",2012
65035,LINGUISTICS FOR RHETORICIANS ,ENG,graduate standing.,,"Provides an introduction to linguistic theories, concepts and tools relevant to the teaching and researching of various dimensions of written texts.",2012
65044,RESEARCH DESIGN ,ENG,graduate standing.,,"Introduces students to a range of research methodologies through theoretical scholarship and guided practice, culminating in a pilot research project.",2012
65051,"LITERACY: FUNCTIONS, PRACTICES AND HISTORY ",ENG,Graduate standing.,,"Course surveys and critically evaluates historical and contemporary studies of literacy in terms of three dominant metaphors (""adaptation, "" ""power, "" ""grace"") those studies employ.",2012
65052,WRITING ACTIVITY AS SOCIAL PRACTICE ,ENG,Graduate standing.,,"Through Vygotskian-based activity theory and contemporary theories of practice, course explores the rhetorical bases and implications of studying literacy and writing as embedded activity.",2012
65053,WRITING TECHNOLOGIES ,ENG,Graduate standing.,,Course critically examines theoretical and pedagogical claims concerning writing technologies and begins identifying the conceptual components of a grounded theory for technology-enhanced literacy learning.,2012
65057,SEMEIOTICS,ENG,Graduate standing.,,(Cross-listed with MCLS 60020 and PHIL 61055) An introduction to contemporary theories of semeiotics and to the application of those theories to linguistics literature translation and technology.,2012
66002,BRITISH AND IRISH LITERATURE FROM THE EARLY ROMANTICS ONWARD ,ENG,Graduate standing.,,"Broad, synchronic study of the literature identified with a single period in literary history embracing various genres and relating the literature to other cultural phenomena of the time.",2012
66051,SHAKESPEARE ,ENG,Graduate standing.,,Close reading of selected plays and poems by Shakespeare with some emphasis on critical and interpretative problems.,2012
66103,ETHNIC LITERATURE OF THE UNITED STATES ,ENG,Graduate standing.,,"An examination of selected fiction and theory by ethnic American authors, or of literary representations of special topics relating to ethnic and racial identity.",2012
66104,AFRICAN-AMERICAN LITERATURE ,ENG,Graduate standing.,,"An examination of selected African-American fiction and theory, or of a special topic relating to literary representations of African-American culture identity or history.",2012
66302,POST-COLONIAL LITERATURE IN ENGLISH ,ENG,Graduate standing.,,"An examination of selected fiction and theory in English by post-colonial authors from India, Africa south Africa the Caribbean and elsewhere.",2012
66401,LITERARY MOVEMENTS ,ENG,Graduate standing.,,"An examination of one particular movement in literary history via its writers, artists benefactors thinkers political demagogues and critics.",2012
66501,NARRATIVE LITERATURE ,ENG,Graduate standing.,,"Close readings of selected novels, short stories biographies autobiographies life writing journals and other forms of narrative and verse by British American and other writers in English from one or more periods in literary history.",2012
66503,POETRY AND/OR POETIC LITERATURE ,ENG,Graduate standing.,,"Close reading of selected poems and other poetic forms by writers of Britain, Ireland or the united states from one or more periods in literary history.",2012
66504,WOMEN WRITERS ,ENG,Graduate standing.,,Close readings of important works written in English by women from one or more periods in literary history.,2012
66595,SPECIAL TOPICS: AUTHORS AND AUTHORSHIP,ENG,Graduate standing.,,"(Repeatable for credit) Research-based study of problems in the theory or practice of authorship. Typical courses include ""The Creative Process, "" ""Authors and Printers, "" ""Faulkner in Hollywood"".",2012
66706,METHODS IN THE STUDY OF LITERATURE ,ENG,Graduate standing.,,"Analytical reading and interpretation of published research and criticism, its assumptions, trends, controversies; course will identify and contextualize present opportunities for research in field. Required for Ph.D.s specializing in Division II.",2012
66791,SEMINAR: BRITISH AND IRISH LITERATURE,ENG,Graduate standing.,,"(Repeatable for credit) In-depth treatment of various topics from Old English literature, Beowulf, Middle English literature and Chaucer.",2012
66891,SEMINAR: LITERATURE OF THE UNITED STATES,ENG,Graduate standing.,,"(Repeatable for credit) This course will examine the construction of American identities. Writers typically discussed are Howells, Dreiser, Cahan, Anderson, Fitzgerald, Dos Passos, Wright, Baldwin, Bellow, Ikada, Jen and others. Content varies.",2012
66895,SPECIAL TOPICS,ENG,Graduate standing.,,(Repeatable for credit) Study of selected special topics in literature.,2012
66991,SEMINAR: GENRE,ENG,Graduate standing.,,"(Repeatable for credit) In-depth examination of one or more kinds of texts focusing on how forms are defined historically and analytically, with special attention to current approaches.",2012
67101,FEMINIST THEORY AND CRITICISM ,ENG,Graduate standing.,,"Study of key issues and concepts in feminist theory and criticism, including the nature, causes and effects (political, social and psychological) of certain types of representation of women and discourse practices employed by women.",2012
67102,GENDER THEORY AND CRITICISM ,ENG,Graduate standing.,,"An overview of the current field of literature-related discourses on gender construction, with attention to crucial historical texts which have shaped the contemporary debate.",2012
67103,PSYCHOANALYTIC THEORY AND CRITICISM,ENG,Graduate standing.,,(Repeatable for credit) Study of important issues and concepts in psychoanalytic theory and criticism.,2012
67104,SOCIAL AND CULTURAL THEORY AND CRITICISM,ENG,Graduate standing.,,"(Repeatable for credit) Study of important issues and concepts in Marxist, new historicist, ethnic, post- colonialist and other modes of social/cultural theory and criticism.",2012
67591,SEM: THEORY AND CRITICISM,ENG,Graduate standing.,,(Repeatable for credit when topic varies) In-depth study of important topics in contemporary theory and criticism.,2012
67601,DOCUMENTS AND TEXTS ,ENG,Graduate standing.,,"Surveys the forms in which written texts are preserved and the ways they are transmitted, revised and mediated. Emphasizes early and modern printing and analytical bibliography.",2012
67691,SEMINAR: SCHOLARLY EDITING,ENG,Graduate standing.,,(Repeatable for credit when topic varies) In-depth treatment of various topics from modern scholarly editing.,2012
68093,VARIABLE TITLE WORKSHOP IN ENGLISH,ENG,Graduate standing.,,(Repeatable for a maximum 8 credit hours) Designed to focus on concerns of the profession/discipline to bring secondary teachers up to date on new developments in the field. Maximum for degree credit is 4 hours.,2012
68096,INDIVIDUAL INVESTIGATION,ENG,Graduate standing.,,(Repeatable for credit) Intensive study of selected writer or special topic.,2012
68098,RESEARCH,ENG,Special approval and graduate standing.,,(Repeatable for credit) Research for master's level graduate students. Credits earned may be applied toward meeting degree Requirements if the department approves.,2012
68392,PRACTICUM IN TEACHING COLLEGE ENGLISH,ENG,Graduate standing.,,(Repeatable for credit) Practical training and experience in teaching beginning composition courses.,2012
68492,PRACTICUM IN TEACHING INTERNATIONAL STUDENTS,ENG,Graduate standing.,,(Repeatable for credit) Practical training and experience in teaching English composition to international students.,2012
69199,THESIS I ,ENG,Special approval and graduate standing.,,"Thesis students must register for a total of 6 semester hours, 2 to 6 in a single semester distributed over several semesters if desired.",2012
69299,THESIS II ,ENG,ENG 69199 and graduate standing.,,Thesis students must continue registration each semester until all degree Requirements are met.,2012
72291,SEMINAR: BRITISH LITERATURE 1800 TO PRESENT,ENG,Doctoral standing.,,(Repeatable for credit) In-depth treatment of various topics from the Romantic and Victorian periods and the 20th century.,2012
73001,METHODOLOGY OF TESL ,ENG,Doctoral standing.,,The theory and methodology of teaching English as a second language.,2012
73033,THEORIES IN SECOND LANGUAGE ACQUISITION ,ENG,Doctoral standing.,,This course surveys the major theoretical approaches to language acquisition concentrating on second language acquisition and the relationship between acquisition learning research and second language teaching approaches.,2012
73034,LITERATE PRACTICES AND SOCIOLINGUISTICS ,ENG,Doctoral standing.,,"Discussion of sociolinguistic approaches to understanding literacy, language in workplaces and classrooms and societal multilingualism. Survey of trends in sociolinguistic thought and method.",2012
73391,SEMINAR: LINGUISTICS,ENG,Doctoral standing.,,"(Repeatable for credit)In-depth treatment of various topics from modern linguistics, including phonology, morphology and various generative grammars.",2012
74070,WRITING POETRY ,ENG,Doctoral standing.,,Advanced workshop in creative writing.,2012
74071,WRITING FICTION ,ENG,Doctoral standing.,,Advanced workshop in the writing of fiction.,2012
75011,INTRODUCTION TO THE FIELD OF WRITING: THEORY RESEARCH/PRACTICE ,ENG,Doctoral standing.,,"Survey introduces writing studies from various perspectives: rhetorical and composition theory, disciplinarily and professionalization, several 20th century theoretical influences and Soviet activity theory.",2012
75012,READING AND INTERPRETING RESEARCH ON WRITING ,ENG,Doctoral standing.,,"Course focuses on how to read critically and interpret published research by examining the principle means through which ""knowledge"" is constructed in writing research.",2012
75022,RHETORICAL THEORY: GREEK AND ROMAN ,ENG,Doctoral standing.,,"Course examines classical Greek and Roman rhetorical traditions and, to a lesser extent, their reappearance in contemporary rhetorical theories and composition pedagogies.",2012
75023,"RHETORICAL THEORY: 18TH, 19TH AND 20TH CENTURIES ",ENG,Doctoral standing.,,"Course surveys 18th-, 19th- and 20th-century developments in rhetorical theory and their influences on contemporary pedagogical and theoretical practices.",2012
75027,ROLE OF COMPOSITION ,ENG,doctoral standing.,,"Study of composition's contributions to writing studies such as writing pedagogy/theory, writing technologies, assessment, process research, WAC, program administration, rhetoric and cultural studies.",2012
75035,LIGUISTICS FOR RHETORICIANS ,ENG,doctoral standing.,,"Provides an introduction to linguistic theories, concepts and tools relevant to the teaching an researching of various dimensions of written texts.",2012
75044,RESEARCH DESIGN ,ENG,doctoral standing.,,"Introduces students to a range of research methodologies through theoretical scholarship and guided practice, culminating in a pilot research project.",2012
75051,"LITERACY: FUNCTIONS, PRACTICES AND HISTORY ",ENG,Doctoral standing.,,"Course surveys and critically evaluates historical and contemporary studies of literacy in terms of three dominant metaphors (""adaptation, "" ""power, "" ""grace"") those studies employ.",2012
75052,WRITING ACTIVITY AS SOCIAL PRACTICE ,ENG,Doctoral standing.,,"Through Vygotskian-based activity theory and contemporary theories of practice, course explores the rhetorical bases and implications of studying literacy and writing as embedded activity.",2012
75053,WRITING TECHNOLOGIES ,ENG,Doctoral standing.,,Course critically examines theoretical and pedagogical claims concerning writing technologies and begins identifying the conceptual components of a grounded theory for technology-enhanced literacy learning.,2012
75057,SEMEIOTICS ,ENG,Doctoral standing.,,An introduction to contemporary theories of semeiotics and to the application of those theories to linguistics literature translation and technology.,2012
76002,BRITISH AND IRISH LITERATURE FROM THE EARLY ROMANTICS ONWARD ,ENG,Doctoral standing.,,"Broad, synchronic study of the literature identified with a single period in literary history embracing various genres and relating the literature to other cultural phenomena of the time.",2012
76051,SHAKESPEARE ,ENG,Doctoral standing.,,Close reading of selected plays and poems by Shakespeare with some emphasis on critical and interpretative problems.,2012
76101,LITERATURE OF THE UNITED STATES THROUGH THE CIVIL WAR ,ENG,Doctoral standing.,,"Broad, synchronic study of U.S. literature identified with a single period in literary history embracing various genres and relating the literature to other cultural phenomena of the time.",2012
76103,ETHNIC LITERATURE OF THE UNITED STATES ,ENG,Doctoral standing.,,"An examination of selected fiction and theory by ethnic American authors, or of literary representations of special topics relating to ethnic and racial identity.",2012
76104,AFRICAN-AMERICAN LITERATURE ,ENG,Doctoral standing.,,"An examination of selected African-American fiction and theory, or of a special topic relating to literary representations of African-American culture, identity or history.",2012
76302,POST-COLONIAL LITERATURE IN ENGLISH ,ENG,Doctoral standing.,,"An examination of selected fiction and theory in English by post-colonial authors from India, Africa, South Africa, the Caribbean and elsewhere.",2012
76401,LITERARY MOVEMENTS ,ENG,Doctoral standing.,,"An examination of one particular movement in literary history via its writers, artists, benefactors, thinkers, political demagogues and critics.",2012
76501,NARRATIVE LITERATURE ,ENG,Doctoral standing.,,"Close readings of selected novels, short stories, biographies, autobiographies, life writing, journals, and other forms of narrative and verse by British, American and other writers in English, from one or more periods in literary history.",2012
76502,DRAMATIC LITERATURE ,ENG,Doctoral standing.,,"Close reading of selected plays and other dramatic forms by writers of Britain, Ireland and the United States, from one or more periods in literary history.",2012
76503,POETRY AND/OR POETIC LITERATURE ,ENG,Doctoral standing.,,"Close reading of selected poems and other poetic forms by writers of Britain, Ireland or the United States, from one or more periods in literary history.",2012
76504,WOMEN WRITERS ,ENG,Doctoral standing.,,Close readings of important works written in English by women from one or more periods in literary history.,2012
76595,SPECIAL TOPICS: AUTHORS AND AUTHORSHIP,ENG,Doctoral standing.,,"(Repeatable for credit)Research-based study of problems in the theory or practice of authorship. Typical courses include ""the creative process "", ""authors and printers "", ""Faulkner in Hollywood"".",2012
76706,METHODS IN THE STUDY OF LITERATURE ,ENG,Doctoral standing.,,"Analytical reading and interpretation of published research and criticism, its assumptions, trends, controversies; course will identify and contextualize present opportunities for research in field. Required for Ph.D.’s specializing in Division II.",2012
76791,SEMINAR: BRITISH AND IRISH LITERATURE,ENG,Doctoral standing.,,"(Repeatable for credit) In-depth treatment of various topics from old English literature, Beowulf, Middle English literature, and Chaucer.",2012
76891,SEMINAR: LITERATURE OF THE UNITED STATES,ENG,Doctoral standing.,,"(Repeatable for credit) This course will examine the construction of American identities. Writers typically discussed are Howells, Dreiser, Cahan, Anderson, Fitzgerald, Dos Passos, Wright, Baldwin, Bellow, Ikada, Jen and others. Content varies.",2012
76895,SPECIAL TOPICS,ENG,Doctoral standing.,,(Repeatable for credit) Study of selected special topics in literature.,2012
76991,SEMINAR: GENRE,ENG,Doctoral standing.,,"(Repeatable for credit) In-depth examination of one or more kinds of texts focusing on how forms are defined historically and analytically, with special attention to current approaches.",2012
77101,FEMINIST THEORY AND CRITICISM ,ENG,Doctoral standing.,,"Study of key issues and concepts in feminist theory and criticism, including the nature, causes and effects (political, social and psychological) of certain types of representation of women and discourse practices employed by women.",2012
77102,GENDER THEORY AND CRITICISM ,ENG,Doctoral standing.,,"An overview of the current field of literature-related discourses on gender construction, with attention to crucial historical texts which have shaped the contemporary debate.",2012
77103,PSYCHOANALYTIC THEORY AND CRITICISM,ENG,Doctoral standing.,,(Repeatable for credit) Study of important issues and concepts in psychoanalytic theory and criticism.,2012
77104,SOCIAL AND CULTURAL THEORY AND CRITICISM,ENG,Doctoral standing.,,"(Repeatable for credit) Study of important issues and concepts in Marxist, new historicist, ethnic, post-colonialist and other modes of social cultural theory and criticism.",2012
77591,SEMINAR: THEORY AND CRITICISM,ENG,Doctoral standing.,,(Repeatable for credit) In-depth study of important topics in contemporary theory and criticism.,2012
77601,DOCUMENTS AND TEXTS ,ENG,Doctoral standing.,,"Surveys the forms in which written texts are preserved and the ways they are transmitted, revised and mediated. Emphasizes early and modern printing and analytical bibliography.",2012
77691,SEMINAR: SCHOLARLY EDITING,ENG,Doctoral standing.,,(Repeatable for credit when topic varies) In-depth treatment of various topics from modern scholarly editing.,2012
78096,INDIVIDUAL INVESTIGATION,ENG,Doctoral standing.,,(Repeatable for credit) Intensive study of selected writer or special topic.,2012
78392,PRACTICUM IN TEACHING COLLEGE ENGLISH,ENG,Doctoral standing.,,(Repeatable for credit) Practical training and experience in teaching beginning composition courses.,2012
78492,PRACTICUM IN TEACHING INTERNATIONAL STUDENTS,ENG,Doctoral standing.,,(Repeatable for credit) Practical training and experience in teaching English composition to international students. .,2012
85024,DOMAIN RHETORICS AND THE CONSTRUCTION OF KNOWLEDGE ,ENG,Doctoral standing.,,"Course examines disciplinarily and knowledge production as historically and socially situated practices and how they are realized through linguistic, rhetorical and material processes and systems.",2012
85025,THEORIES AND SYSTEMS OF WRITING AND REPRESENTATION ,ENG,Doctoral standing.,,Course examines the history and use of scripts and other means of constructing shared meaning and the attendant contemporary issues concerning writing and representation.,2012
85033,THE RHETORICAL NATURE AND FUNCTION OF EXTENDED DISCOURSE ,ENG,ENG 63031 or ENG 73031; and 9 doctoral hours of ENG 75011 and ENG 75012 and ENG 75022 and ENG 75023 and ENG 73034 and ENG 75051 and ENG 75052 and ENG 75053 and ENG 75057. Doctoral standing.,,"Examines rhetorical nature and function of written discourse from social, cultural and psychological perspectives and how discourse production and interpretation interact with relevant contexts.",2012
85041,FIELD RESEARCH METHODS IN WRITING ,ENG,9 doctoral hours of ENG 75011 and ENG 75012 and ENG 75022 and ENG 75023 and ENG 73034 and ENG 75051 and ENG 75052 and ENG 75053 and ENG 75057. Doctoral standing.,,Course focuses on qualitative methods for conducting field research in writing within communities of practice and particular contexts and for analyzing and interpreting data. .,2012
85042,DISCOURSE ANALYSIS ,ENG,ENG 63031 or ENG 73031; and 9 doctoral hours in ENG 75011 and ENG 75012 and ENG 75022 and ENG 75023 and ENG 73034 and ENG 75051 and ENG 75052 and ENG 75053 and ENG 75057. Doctoral standing.,,"Course explores various approaches to discourse analysis (e.g., speech act theory pragmatics ethnography of communication conversation analysis) and applies them to linguistic analyses of discourse.",2012
85054,STUDIES IN LITERACY AND COMMUNITY ,ENG,Doctoral standing.,,"Course expands on ENG 6/75052 by examining in more detail how literacy is embedded in the activities and practices of academic, civic and professional communities.",2012
85055,THE NATURE AND RELATIONSHIP OF ACADEMIC AND NONACADEMIC LITERACY ,ENG,Special approval and doctoral standing.,,"Course explores the relationship between academic and non-academic literacy, focusing on relationships pertaining to the school-to-work transitions that students make.",2012
85060,DIRECTED READINGS IN WRITING AND RHETORIC ,ENG,Doctoral standing.,,Topics covered will vary according to the needs of students demonstrating deficiency in qualifying exams and/or requiring additional work before undertaking a dissertation project.,2012
88098,RESEARCH DOCTORAL,ENG,Special approval of the graduate chairman and doctoral standing.,,(Repeatable for credit) Research or individual investigation for doctoral students who have not yet passed candidacy examination. Credits earned may be applied toward degree if department approves.,2012
89199,DISSERTATION I,ENG,Doctoral standing.,,"(Repeatable for credit) Doctoral dissertation, for which registration in two semesters is required first of which will be the semester in which dissertation work is begun and continuing until completion of 30 hours.",2012
89299,DISSERTATION II,ENG,ENG 88199 and doctoral standing.,,(Repeatable for credit) Continuing registration required of doctoral students who have completed the initial 30 hours of dissertation and continuing until all degree Requirements are met.,2012
