13201,ELEMENTARY FRENCH I ,FR,,,An introduction to the French language in the context of Francophone cultures.,2012
13202,ELEMENTARY FRENCH II ,FR,FR 13201.,,A continuation of the introduction to the French language in the context of Francophone cultures.,2012
23201,INTERMEDIATE FRENCH I ,FR,FR 13202.,,"Continued development of speaking, listening, reading and writing skills using a variety of cultural materials.",2012
23202,INTERMEDIATE FRENCH II ,FR,FR 23201.,,Continuation of FR 23201.,2012
33095,SELECTED TOPICS IN FRENCH,FR,FR 33211.,,(Repeatable for a maximum of 9 credit hours) Topic to be announced in the schedule of classes.,2012
33211,FRENCH CONVERSATION ,FR,FR 23202.,,A course designed to enhance students' oral proficiency through instruction in facilitating conversation and the discussion of culture-based texts.,2012
33212,FRENCH COMPOSITION ,FR,FR 23202; and special approval.,FR 33214,"A course designed to develop writing and reading skills, and in particular to prepare students to read and write about French literature.",2012
33214,FRENCH COMPOSITION EXTENDED ,FR,FR 23202 and special approval.,FR 33212,"Designed to develop writing and reading skills, and in particular to prepare students to read and write about French literature.",2012
33215,FRENCH PHONETICS AND DICTION ,FR,FR 33211.,,Study of sounds of French language and their relation to spelling; application of international phonetic alphabet to French. Study augmented by recordings.,2012
33231,TRANSLATION PRACTICE: FRENCH ,FR,,TRST 30230.,Translation practice with French texts using principles and techniques learned in the lecture class. To be taken concurrently with TRST 30230. Corequisite: TRST 30230.,2012
33240,CONVERSATION FOR BUSINESS AND SPECIAL PURPOSES: FRENCH ,FR,FR 33211.,,Introduction to the special vocabulary of business and other special subject areas; introduces the concept of language for special purposes and emphasizes the use of special vocabulary in conversations in business and other settings.,2012
33335,INTRODUCTION TO FRENCH THEATRE ,FR,FR 33212.,,Evolution of French dramatic literature from the middle ages to the present. Readings of representative works with lectures analyses. In French.,2012
33336,INTRODUCTION TO FRENCH POETRY ,FR,FR 33212.,,Evolution of French poetry from the middle ages to the present. Readings of representative works with lectures analyses. In French.,2012
33337,INTRODUCTION TO THE FRENCH NOVEL ,FR,FR 33212.,,Evolution of French novel from 17th century to present. Readings of representative major works lectures analyses. In French.,2012
33421,FRENCH CIVILIZATION ,FR,FR 33212.,,A survey of French history and culture from its beginnings to World War II. Taught in French.,2012
43091,FRENCH SEMINAR ,FR,One course from FR 33335 or FR 33336 or FR 33337.,,Topic to be announced.,2012
43096,INDIVIDUAL INVESTIGATION,FR,Special approval.,,"(Repeatable for a maximum of 6 credit hours) Allows the advanced, serious student to carry out research study project on French literature, language or culture. Prior approval of supervising faculty members department required.",2012
43213,FRENCH COMPOSITION-ADVANCED ,FR,FR 33335 or FR 33336 or FR 33337 or FR 33421.,,French stylistics developed by analyses of literary extracts and practice in written expression.,2012
43216,CONTEMPORARY FRENCH CULTURE ,FR,FR 33421 and special approval.,,"A study of selected sociological, political, cultural or economic issues in the contemporary Francophone world.",2012
43230,ADVANCED TRANSLATION PRACTICE: FRENCH ,FR,FR 33231.,,"Theory and practice course that discusses translation theory and emphasizes French-to-English translation of selected texts in business, technology, medicine and law.",2012
43240,BUSINESS AND SPECIAL TEXTS: FRENCH ,FR,FR 33212.,,Survey of the typical text types of business in the French culture and language. Practice sessions focus on reading and understanding specialized texts and on the translation and composition of selected special texts in French.,2012
43366,STUDIES IN NINETEENTH-CENTURY FRENCH LITERATURE ,FR,6 semester hours from the 33330-level.,,Study of selected topics in nineteenth-century French literature.,2012
43369,TWENTIETH-CENTURY FRENCH POETRY ,FR,6 semester hours from the FR 33330-level.,,"A study of selected poetry of Apollinaire, Breton, Mansour, Eluard, Michaux, Char, Reverdy, Ponge, Guillevic, Jabes, Bonnefoy, Dupin, Albiach and others. Emphasis is placed on the relationship between poetry and the visual arts in the 20th century.",2012
43370,THE TWENTIETH CENTURY FRENCH THEATRE ,FR,6 semester hours from the 33330-level.,,Studies in French drama since 1900.,2012
43380,FRANCOPHONE LITERATURE ,FR,6 semester hours from the FR 33330-level.,,"A study of writers, movements or works representative of French speaking national cultures outside of France. May be repeated for credit as course content changes.",2012
53091,FRENCH SEMINAR,FR,Graduate standing.,,(Repeatable for credit) Topic to be announced.,2012
53213,FRENCH COMPOSITION-ADVANCED ,FR,Graduate standing and special approval.,,French stylistics developed through analyses of literary extracts and practice in written expression.,2012
53216,CONTEMPORARY FRENCH CULTURE ,FR,Graduate standing and special approval.,,"A study of selected sociological, political, cultural or economic issues in the contemporary Francophone world.",2012
53366,STUDIES IN 19TH-CENTURY FRENCH LITERATURE ,FR,6 hours from 33330- level and graduate standing.,,Study of selected topics in nineteenth-century French literature.,2012
53369,20TH-CENTURY FRENCH POETRY ,FR,Graduate standing.,,"A study of selected poetry of Apollinaire, Breton, Mansour, Eluard, Michaux, Char, Reverdy, Ponge, Guillevic, Jabes, Bonnefoy, Dupin, Alpiach and others. Emphasis is placed on the relationship between poetry and the visual arts in the 20th century.",2012
53370,20TH-CENTURY FRENCH THEATRE ,FR,6 hours from 33330-level and graduate standing.,,Studies in French drama since 1900.,2012
53380,FRANCOPHONE LITERATURE ,FR,Graduate standing.,,"A study of writers, movements or works representative of French speaking national cultures outside of France. May be repeated for credit as course content changes.",2012
63010,THE PRACTICE OF FRENCH TRANSLATION ,FR,Graduate standing.,TRST 60010.,Students apply linguistic and communication science concepts to case studies of language mediation.,2012
63098,RESEARCH,FR,Special approval and graduate standing.,,(Repeatable for credit) Research or individual investigation for master's level graduate students. Credits earned applied toward degree Requirements if department approves.,2012
63199,THESIS I ,FR,Graduate standing.,,"Thesis students must register for a total of 6 hours, 2 to 6 hours in a single semester distributed over several semesters if desired.",2012
63201,READING FRENCH FOR GRADUATE STUDENTS ,FR,Graduate standing.,,Introduction to the fundamentals of French grammar for graduate students. Practice in reading and translation.,2012
63202,READING FRENCH FOR GRADUATE STUDENTS ,FR,Graduate standing.,,Practice in the reading and translation of French texts in the student's specialized field and in more general areas.,2012
63240,LITERARY AND CULTURAL TRANSLATION ,FR,Graduate standing.,,"Translation of documents from a variety of literary and cultural sources, including literature, expository and journalistic prose, scholarly treatises and essays. Translation into French will also be emphasized.",2012
63250,"COMMERCIAL, LEGAL AND DIPLOMATIC TRANSLATION ",FR,TRST 60010 and graduate standing.,,"An introduction to methods and resources for the translation of commercial, economic, financial, legal, diplomatic and governmental documents.",2012
63251,"SCIENTIFIC, TECHNICAL AND MEDICAL TRANSLATION ",FR,TRST 60010 and graduate standing.,,"An introduction to methods and resources for the translation of scientific, technical, industrial and medical documents.",2012
63299,THESIS II ,FR,FR 63199 and graduate standing.,,Thesis students must continue registration each semester until all degree Requirements are met.,2012
63979,CASE STUDY IN TRANSLATION ,FR,Special approval and graduate standing.,,"Students will be responsible for a major translation and a terminology glossary as well as a critical analysis of the source text, the problems encountered during the translation process and the strategies used to solve them.",2012
