29525,Educational Psychology,EDPF,none,minimum grade of C (2,"Examines major theories of human development and learning, motivation, instructional strategies, assessment; similarities and differences in learners. The role of factors in the students’ learning and development is considered. Pre/corequisite: minimum grade of C (2.0) in EDPF 29535; and earth science (ESCI), integrated language arts (INLA), integrated mathematics (IMTH), integrated science (ISCI), integrated social studies (INSS), life science (LFSC), life science chemistry (LSCM), physical science (PHSC), school health education (SHED), early childhood education (ECED), middle childhood education (MCED), gifted (GFTD), intervention specialist (INSP), integrated business education (IBED), family and consumer sciences education (FCSE), marketing education (MKT), art education (ARTE), music education (MUED) or early childhood education technology (ECET) major 29535 Education in a Democratic Society (3) Utilize readings, explore themes, broadly explore purposes of school in society and what knowledge, dispositions and performances are necessary to be a successful teacher today. Prerequisite: none. 32139 Introduction to the Philosophy of Education (2) An introduction to the philosophical analysis of educational problems focusing on the goals of education and the school’s role in achieving these goals. Prerequisite: junior standing. 39595 Special Topics in Cultural Foundations (2-4) Directed reading and/or research of special interest or need to small groups of students in cultural foundations. Planned with and directed by a faculty member. IP grade permissible. Prerequisite: none. 39596 Individual Investigation in Cultural Foundations (1-3) Directed independent reading and/or research of special interest or need in student program. Planned with and directed by a faculty member. IP grade permissible. Prerequisite: special approval.",2009
29535,Education in a Democratic Society,EDPF,none,,"Utilize readings, explore themes, broadly explore purposes of school in society and what knowledge, dispositions and performances are necessary to be a successful teacher today. Prerequisite: none. 32139 Introduction to the Philosophy of Education (2) An introduction to the philosophical analysis of educational problems focusing on the goals of education and the school’s role in achieving these goals. Prerequisite: junior standing. 39595 Special Topics in Cultural Foundations (2-4) Directed reading and/or research of special interest or need to small groups of students in cultural foundations. Planned with and directed by a faculty member. IP grade permissible. Prerequisite: none. 39596 Individual Investigation in Cultural Foundations (1-3) Directed independent reading and/or research of special interest or need in student program. Planned with and directed by a faculty member. IP grade permissible. Prerequisite: special approval.",2009
32139,Introduction to the Philosophy of Education,EDPF,junior standing,,An introduction to the philosophical analysis of educational problems focusing on the goals of education and the school’s role in achieving these goals. Prerequisite: junior standing. 39595 Special Topics in Cultural Foundations (2-4) Directed reading and/or research of special interest or need to small groups of students in cultural foundations. Planned with and directed by a faculty member. IP grade permissible. Prerequisite: none. 39596 Individual Investigation in Cultural Foundations (1-3) Directed independent reading and/or research of special interest or need in student program. Planned with and directed by a faculty member. IP grade permissible. Prerequisite: special approval.,2009
42150,"Educational Dimensions of Leisure, Retirement and Aging",EDPF,junior standing or special approval of instructor,,"An intensive inquiry into leisure and its potential for more fully optimizing development, and implications for educational practice both in school and nonschool settings. Prerequisite: junior standing or special approval of instructor. 49570 Social Foundations of Multicultural Education (3) Analysis of historical, social and ideological forces which relate to current educational policies and practices in multicultural education. School and nonschool education programs will be analyzed. Prerequisite: junior standing.",2009
49570,Social Foundations of Multicultural Education,EDPF,junior standing,,"Analysis of historical, social and ideological forces which relate to current educational policies and practices in multicultural education. School and nonschool education programs will be analyzed. Prerequisite: junior standing.",2009
