11101,Elementary Arabic I,Foreign Languages,none,,Introduction to Modern Standard Arabic and colloquial Arabic in the context of the cultures of Arabic speakers. Prerequisite: none.,2009
11102,Elementary Arabic II,Foreign Languages,ARAB 11101,,Continuation of the introduction to Modern Standard Arabic and colloquial Arabic in the context of the cultures of Arabic speakers. Prerequisite: ARAB 11101.,2009
21201,Intermediate Arabic I,Foreign Languages,ARAB 11102,,"Continued development of speaking, listening, reading and writing skills in Arabic, using a variety of cultural materials. Prerequisite: ARAB 11102.",2009
21202,Intermediate Arabic II,Foreign Languages,ARAB 21201,,Continuation of ARAB 21201. Prerequisite: ARAB 21201.,2009
19201,Elementary American Sign Language I,Foreign Languages,none,,"(Cross-listed with SPED 19201) Introduction to American Sign Language and the culture of the American signing community, in an immersion setting. Prerequisite: none.",2009
19202,Elementary American Sign Language II,Foreign Languages,ASL 19201 or SPED 19201,,"(Cross-listed with SPED 19202) A continuation of the introduction to American Sign Language and the culture of the American signing community, in an immersion setting. Prerequisite: ASL 19201 or SPED 19201.",2009
29201,Intermediate American Sign Language I,Foreign Languages,ASL 19202 or SPED 19202,,"(Cross-listed with SPED 29201) Continued development of receptive and expressive skills in American Sign Language and an introduction to ASL grammar, using a bilingual-bicultural approach and interaction with deaf organizations. Prerequisite: ASL 19202 or SPED 19202.",2009
29202,Intermediate American Sign Language II,Foreign Languages,ASL 29201 or SPED 29201,,"(Cross-listed with SPED 29202) Continuation of ASL 29201 with an emphasis on greater exploration of American Sign Language Sentence structure using a bilingual-bicultural approach. Students are involved in a community service project, providing a hands-on experience with using ASL within a community setting. Prerequisite: ASL 29201 or SPED 29201.",2009
15101,Elementary Chinese I,Foreign Languages,none,,An introduction to Mandarin Chinese in the context of modern Chinese-speaking cultures. Prerequisite: none.,2009
15102,Elementary Chinese II,Foreign Languages,CHIN 15101,,A continuation of the introduction to Mandarin Chinese in the context of modern Chinese-speaking cultures. Prerequisite: CHIN 15101.,2009
25201,Intermediate Chinese I,Foreign Languages,CHIN 15102,,"Continued development of speaking, listening, reading and writing skills, using a variety of cultural materials. Prerequisite: CHIN 15102.",2009
25202,Intermediate Chinese II,Foreign Languages,CHIN 25201,,Continuation of CHIN 25201. Prerequisite: CHIN 25201.,2009
13201,Elementary French I,Foreign Languages,none,,An introduction to the French language in the context of Francophone cultures. Prerequisite: none.,2009
13202,Elementary French II,Foreign Languages,FR 13201,,A continuation of the introduction to the French language in the context of Francophone cultures. Prerequisite: FR 13201.,2009
23201,Intermediate French I,Foreign Languages,FR 13202,,"Continued development of speaking, listening, reading and writing skills using a variety of cultural materials. Prerequisite: FR 13202.",2009
23202,Intermediate French II,Foreign Languages,FR 23201,,Continuation of FR 23201. Prerequisite: FR 23201.,2009
11201,Elementary German I,Foreign Languages,none,,An introduction to the German language in the context of the cultures of German-speaking lands. Prerequisite: none.,2009
11202,Elementary German II,Foreign Languages,GER 11201,,A continuation of the introduction to the German language in the context of the cultures of German-speaking lands. Prerequisite: GER 11201.,2009
21201,Intermediate German I,Foreign Languages,GER 11202,,"Continued development of speaking, listening, reading and writing skills using a variety of cultural materials. Prerequisite: GER 11202.",2009
21202,Intermediate German II,Foreign Languages,GER 21201,,Continuation of GER 21201. Prerequisite: GER 21201.,2009
14201,Elementary Classical Greek I,Foreign Languages,none,,An introduction to the classical Greek language in the context of ancient Greek culture. Prerequisite: none.,2009
14202,Elementary Classical Greek II,Foreign Languages,GRE 14201,,A continuation of the introduction to the classical Greek language in the context of ancient Greek culture. Prerequisite: GRE 14201.,2009
14205,Elementary Modern Greek I,Foreign Languages,none,,An introduction to the modern Greek language in the context of Greek culture. Prerequisite: none.,2009
14206,Elementary Modern Greek II,Foreign Languages,GRE 14205,,A continuation of the introduction to the modern Greek language in the context of Greek culture. Prerequisite: GRE 14205.,2009
12101,Elementary Hebrew I,Foreign Languages,none,,An introduction to the modern Hebrew language in the context of Israeli culture. Prerequisite: none.,2009
12102,Elementary Hebrew II,Foreign Languages,HEBR 12101,,A continuation of the introduction to the modern Hebrew language in the context of Israeli culture. Prerequisite: HEBR 12101.,2009
22104,Intermediate Hebrew I,Foreign Languages,HEBR 12102,,"Continued development of speaking, listening, reading and writing skills using a variety of cultural materials. Prerequisite: HEBR 12102.",2009
22105,Intermediate Hebrew II,Foreign Languages,HEBR 22104,,Continuation of HEBR 22104. Prerequisite: HEBR 22104.,2009
15201,Elementary Italian I,Foreign Languages,none,,An introduction to the Italian language in the context of Italian culture. Prerequisite: none.,2009
15202,Elementary Italian II,Foreign Languages,ITAL 15201,,A continuation of the introduction to the Italian language in the context of Italian culture. Prerequisite: ITAL 15201.,2009
25201,Intermediate Italian I,Foreign Languages,ITAL 15202,,"Continued development of speaking, listening, reading and writing skills using a variety of cultural materials. Prerequisite: ITAL 15202.",2009
25202,Intermediate Italian II,Foreign Languages,ITAL 25201,,Continuation of ITAL 25201. Prerequisite: ITAL 25201.,2009
15101,Elementary Japanese I,Foreign Languages,none,,Introduction to modern standard Japanese in the context of Japanese culture. Prerequisite: none.,2009
15102,Elementary Japanese II,Foreign Languages,JAPN 15101,,A continuation of the introduction to modern standard Japanese in the context of Japanese culture. Prerequisite: JAPN 15101.,2009
25201,Intermediate Japanese I,Foreign Languages,JAPN 15102,,"Continued development of speaking, listening, reading and writing skills, using a variety of cultural materials. Prerequisite: JAPN 15102.",2009
25202,Intermediate Japanese II,Foreign Languages,JAPN 25201,,Continuation of JAPN 25201. Prerequisite: JAPN 25201.,2009
16201,Elementary Latin I,Foreign Languages,none,,An introduction to the classical Latin language in the context of ancient Roman culture. Prerequisite: none.,2009
16202,Elementary Latin II,Foreign Languages,LAT 16201,,A continuation of the introduction to the classical Latin language in the context of ancient Roman culture. Prerequisite: LAT 16201.,2009
10101,Elementary Kiswahili I,Foreign Languages,,,"This course is an introduction to Kiswahili in which students will learn the essentials of speaking, reading and writing the most extensively used language in",2009
10102,Elementary Kiswahili II,Foreign Languages,PAS 10101,,"Continuation of PAS 10101, aimed at advancing students' knowledge and communication skills in Kiswahili by introducing Kiswahili literature—short narratives, proverbs and folktales. Prerequisite: PAS 10101. 13201 Elementary Yoruba I (4) This course is an introduction to Yoruba in which students will learn the essentials of this West African language that is also spoken in",2009
13201,Elementary Yoruba I,Foreign Languages,,,This course is an introduction to Yoruba in which students will learn the essentials of this West African language that is also spoken in,2009
13202,Elementary Yoruba II,Foreign Languages,PAS 13201,,"Continuation of PAS 13201, with emphasis on tonal pronunciation, cultural conversation and basic reading and writing skills. Prerequisite: PAS 13201. 20101 Kiswahili III (3) Continuation of Kiswahili II, aimed at developing knowledge, competence and recognition of Kiswahili usage in all forms of Kiswahili literature. Prerequisite: PAS 10102. 20102 Kiswahili IV (3) Continuation of Kiswahili III, aimed at developing knowledge, competence and recognition of Kiswahili usage in all forms of Kiswahili literature. Prerequisite: PAS 20101 23201 Intermediate Yoruba I (3) Continuation of PAS 13202, aimed at developing further competency in reading, writing and speaking. Prerequisites: PAS 13201 and 13202. 23202 Intermediate Yoruba II (3) Continuation of PAS 23201, aimed at advanced competency speaking, writing and reading. Prerequisite: PAS 23201.",2009
20101,Kiswahili III,Foreign Languages,PAS 10102,,"Continuation of Kiswahili II, aimed at developing knowledge, competence and recognition of Kiswahili usage in all forms of Kiswahili literature. Prerequisite: PAS 10102. 20102 Kiswahili IV (3) Continuation of Kiswahili III, aimed at developing knowledge, competence and recognition of Kiswahili usage in all forms of Kiswahili literature. Prerequisite: PAS 20101 23201 Intermediate Yoruba I (3) Continuation of PAS 13202, aimed at developing further competency in reading, writing and speaking. Prerequisites: PAS 13201 and 13202. 23202 Intermediate Yoruba II (3) Continuation of PAS 23201, aimed at advanced competency speaking, writing and reading. Prerequisite: PAS 23201.",2009
20102,Kiswahili IV,Foreign Languages,"PAS 20101 23201 Intermediate Yoruba I (3) Continuation of PAS 13202, aimed at developing further competency in reading, writing and speaking",,"Continuation of Kiswahili III, aimed at developing knowledge, competence and recognition of Kiswahili usage in all forms of Kiswahili literature. Prerequisite: PAS 20101 23201 Intermediate Yoruba I (3) Continuation of PAS 13202, aimed at developing further competency in reading, writing and speaking. Prerequisites: PAS 13201 and 13202. 23202 Intermediate Yoruba II (3) Continuation of PAS 23201, aimed at advanced competency speaking, writing and reading. Prerequisite: PAS 23201.",2009
20101,23201 Intermediate Yoruba I,Foreign Languages,PAS 23201,,"Continuation of PAS 13202, aimed at developing further competency in reading, writing and speaking. Prerequisites: PAS 13201 and 13202. 23202 Intermediate Yoruba II (3) Continuation of PAS 23201, aimed at advanced competency speaking, writing and reading. Prerequisite: PAS 23201.",2009
23202,Intermediate Yoruba II,Foreign Languages,PAS 23201,,"Continuation of PAS 23201, aimed at advanced competency speaking, writing and reading. Prerequisite: PAS 23201.",2009
33203,Kiswahili Conversation,Foreign Languages,PAS 10102,,A conversation course specifically designed to enhance oral proficiency through further practice in conversation and written Kiswahili as well as discussion of culture based-texts. Prerequisite: PAS 10102.,2009
17201,Elementary Portuguese I,Foreign Languages,special approval,,An introduction to the Portuguese language in the context of Luso-Brazilian cultures. Prerequisite: special approval.,2009
17202,Elementary Portuguese II,Foreign Languages,PORT 17201,,A continuation of the introduction to the Portuguese language in the context of Luso-Brazilian cultures. Prerequisite: PORT 17201.,2009
27210,Intensive Portuguese,Foreign Languages,PORT 17202 or SPAN 38211,,Intensive study for students continuing beyond elementary Portuguese and for those with the equivalent of Spanish Composition and Conversation I. Course provides training through Intermediate Portuguese II. Prerequisite: PORT 17202 or SPAN 38211.,2009
12201,Elementary Russian I,Foreign Languages,,RUSS 12211,An introduction to the Russian language in the context of Russian cultures. Corequisite: RUSS 12211.,2009
12202,Elementary Russian II,Foreign Languages,RUSS 12201 and 12211,RUSS 12212,A continuation of the introduction to the Russian language in the context of Russian cultures. Prerequisite: RUSS 12201 and 12211. Corequisite: RUSS 12212.,2009
12211,Elementary Russian I Recitation,Foreign Languages,,RUSS 12201,Reinforces material presented in Elementary Russian I (RUSS 12201). Must be taken together with Elementary Russian I. Corequisite: RUSS 12201.,2009
12212,Elementary Russian II Recitation,Foreign Languages,,RUSS 12202,Reinforces material present in Elementary Russian II (RUSS 12202). Must be taken together with Elementary Russian II. Prerequisites: RUSS 12201 and 12211. Corequisite: RUSS 12202.,2009
22201,Intermediate Russian I,Foreign Languages,RUSS 12202,RUSS 22211,"Continued development of speaking, listening, reading and writing skills using a variety of cultural materials. Prerequisite: RUSS 12202. Corequisite: RUSS 22211.",2009
22202,Intermediate Russian II,Foreign Languages,RUSS 22201,RUSS 22212,Continuation of RUSS 22201. Prerequisite: RUSS 22201. Corequisite: RUSS 22212.,2009
22211,Intermediate Russian I Recitation,Foreign Languages,RUSS 12202 and 12212,RUSS 22201,Reinforces material presented in Intermediate Russian I (RUSS 22201). Must be taken together with Intermediate Russian I. Prerequisite: RUSS 12202 and 12212. Corequisite: RUSS 22201.,2009
22212,Intermediate Russian II Recitation,Foreign Languages,,,Reinforces material presented in Intermediate Russian II (RUSS 22202).  Must be taken together with Intermediate Russian II. Prerequisite: RUSS 22201 and 22211. Corequisite: RUSS 22202.,2009
18201,Elementary Spanish I,Foreign Languages,none,,An introduction to the Spanish language in the context of Hispanic cultures. Prerequisite: none.,2009
18202,Elementary Spanish II,Foreign Languages,SPAN 18201,,A continuation of the introduction to the Spanish language in the context of Hispanic cultures. Prerequisite: SPAN 18201.,2009
28201,Intermediate Spanish I,Foreign Languages,SPAN 18202,,"A continuation of the development of listening, speaking, reading and writing skills using a variety of material on the Spanish language in the context of Hispanic cultures. Prerequisite: SPAN 18202.",2009
28202,Intermediate Spanish II,Foreign Languages,SPAN 28201,,"A continuation of the development of listening, speaking, reading and writing skills using a variety of material on the Spanish language in the context of Hispanic cultures and specific areas of study like culture, business, justice, etc. Credit may be given for SPAN 28202 or 28206, but not for both. Prerequisite: SPAN 28201.",2009
28206,Spanish Reading for Comprehension,Foreign Languages,SPAN 28201,,"Further develops skills and techniques for understanding written Spanish; conducted in English. Credit not applicable toward Spanish major or minor. Students may obtain credit in SPAN 28202 or 28206, but not both. Prerequisite: SPAN 28201.",2009
